audit_date,data_as_of_date,live_verified_at,article_id,current_url,normalized_url,title,source_file,source_of_truth,tracked_in_git,content_source_type,build_managed,deployment_only,live_status,live_final_url,canonical_live,canonical_local,indexability_live,x_robots_tag,robots_meta,robots_txt_allowed,sitemap_status,internal_link_status,blog_index_status,metadata_registry_status,article_cluster,primary_intent,primary_query_family,secondary_query_family,query_family_evidence,product_cluster,recent_gsc_source,recent_clicks,recent_impressions,recent_ctr,recent_position,long_gsc_source,long_clicks,long_impressions,long_ctr,long_position,page_query_data_available,seo_opportunity_score,available_weight_percentage,seo_score_confidence,hypothesis_sales_potential,sales_evidence_type,sales_confidence,lifecycle_status,compliance_gate,seo_action,sales_action,cannibalization_cluster,cannibalization_confidence,proposed_winner,redirect_candidate_destination,backlink_data_available,retirement_confidence,stale_commercial_issue,commercial_value_type,current_blog_to_product_funnel,content_quality_flags,structured_data_status,structured_data_errors,priority,last_major_change_date,lock_status,next_review_date,manual_review_required,notes
2026-09-15,2026-09-08 (latest available file),2026-09-15T10:39:50+00:00,30-different-plants-per-week-gut-health-microbiome-2026,https://nutrithrive.com.au/blog/30-different-plants-per-week-gut-health-microbiome-2026,https://nutrithrive.com.au/blog/30-different-plants-per-week-gut-health-microbiome-2026,The 30-Plants-a-Week Gut Health Rule,site/blog/30-different-plants-per-week-gut-health-microbiome-2026.html,tracked_content,YES,tracked HTML content,YES,NO,200,https://nutrithrive.com.au/blog/30-different-plants-per-week-gut-health-microbiome-2026,https://nutrithrive.com.au/blog/30-different-plants-per-week-gut-health-microbiome-2026,https://nutrithrive.com.au/blog/30-different-plants-per-week-gut-health-microbiome-2026,YES,,"index, follow",YES,PRESENT,9 incoming internal links,PRESENT,PRESENT,GENERAL,PROBLEM_SOLVING,The 30-Plants-a-Week Gut Health Rule,DATA UNAVAILABLE,URL_TITLE_INFERENCE,GENERAL,DATA UNAVAILABLE,,,,,DATA UNAVAILABLE,,,,,NO,2.5,45%,LOW,4.2,INTENT_HYPOTHESIS_ONLY,LOW,IMPROVE,REVIEW_REQUIRED,MEASURE current implementation; review after lock,Measure blog_product_click and downstream GA4 events,,INSUFFICIENT_DATA,,,NO,INSUFFICIENT_BACKLINK_DATA,,,GOOD,,PRESENT,,P2,UNKNOWN,MEASURING,2026-10-13,YES,GSC metrics are filtered views and must not be treated as total page traffic.
2026-09-15,2026-09-08 (latest available file),2026-09-15T10:39:50+00:00,afl-finals-snacks-curry-leaf-tadka,https://nutrithrive.com.au/blog/afl-finals-snacks-curry-leaf-tadka,https://nutrithrive.com.au/blog/afl-finals-snacks-curry-leaf-tadka,"AFL Finals Snacks: Curry-Leaf Tadka, Packed in Truganina",site/blog/afl-finals-snacks-curry-leaf-tadka.html,tracked_content,YES,tracked HTML content,YES,NO,200,https://nutrithrive.com.au/blog/afl-finals-snacks-curry-leaf-tadka,https://nutrithrive.com.au/blog/afl-finals-snacks-curry-leaf-tadka,https://nutrithrive.com.au/blog/afl-finals-snacks-curry-leaf-tadka,YES,,"index, follow",YES,PRESENT,4 incoming internal links,PRESENT,PRESENT,CURRY,INFORMATIONAL,"AFL Finals Snacks: Curry-Leaf Tadka, Packed in Truganina",DATA UNAVAILABLE,URL_TITLE_INFERENCE,CURRY,DATA UNAVAILABLE,,,,,DATA UNAVAILABLE,,,,,NO,3.5,45%,LOW,7.6,INTENT_HYPOTHESIS_ONLY,LOW,LOW_PRIORITY,CLEAR,No active work,Measure blog_product_click and downstream GA4 events,,INSUFFICIENT_DATA,,,NO,INSUFFICIENT_BACKLINK_DATA,,,GOOD,,PRESENT,,P3,UNKNOWN,MEASURING,2026-10-13,NO,GSC metrics are filtered views and must not be treated as total page traffic.
2026-09-15,2026-09-08 (latest available file),2026-09-15T10:39:50+00:00,ag1-alternative-australia-moringa-comparison-2026,https://nutrithrive.com.au/blog/ag1-alternative-australia-moringa-comparison-2026,https://nutrithrive.com.au/blog/ag1-alternative-australia-moringa-comparison-2026,AG1 Alternative Australia: AG1 vs Moringa Compared,site/blog/ag1-alternative-australia-moringa-comparison-2026.html,tracked_content,YES,tracked HTML content,YES,NO,200,https://nutrithrive.com.au/blog/ag1-alternative-australia-moringa-comparison-2026,https://nutrithrive.com.au/blog/ag1-alternative-australia-moringa-comparison-2026,https://nutrithrive.com.au/blog/ag1-alternative-australia-moringa-comparison-2026,YES,,"index, follow",YES,PRESENT,9 incoming internal links,PRESENT,PRESENT,MORINGA,COMPARISON,AG1 Alternative Australia: AG1 vs Moringa Compared,DATA UNAVAILABLE,URL_TITLE_INFERENCE,MORINGA,nutrithrive.com.au-Performance-on-Search-2026-09-08.xlsx (3-month question-filtered view),0.0,27.0,0.0,6.37,nutrithrive.com.au-Performance-on-Search-2026-09-08 (1).xlsx (12-month commercial-filtered view),3.0,253.0,0.011899999999999999,8.91,NO,8.0,65%,MEDIUM,8.0,INTENT_HYPOTHESIS_ONLY,LOW,IMPROVE,REVIEW_REQUIRED,MEASURE current implementation; review after lock,Measure blog_product_click and downstream GA4 events,,INSUFFICIENT_DATA,,,NO,INSUFFICIENT_BACKLINK_DATA,,,GOOD,,PRESENT,,P2,UNKNOWN,MEASURING,2026-10-13,YES,GSC metrics are filtered views and must not be treated as total page traffic.
2026-09-15,2026-09-08 (latest available file),2026-09-15T10:39:50+00:00,best-anti-inflammatory-foods-australia-daily-guide-2026,https://nutrithrive.com.au/blog/best-anti-inflammatory-foods-australia-daily-guide-2026,https://nutrithrive.com.au/blog/best-anti-inflammatory-foods-australia-daily-guide-2026,Anti-Inflammatory Foods Australia | Daily Plate Guide,site/blog/best-anti-inflammatory-foods-australia-daily-guide-2026.html,tracked_content,YES,tracked HTML content,YES,NO,200,https://nutrithrive.com.au/blog/best-anti-inflammatory-foods-australia-daily-guide-2026,https://nutrithrive.com.au/blog/best-anti-inflammatory-foods-australia-daily-guide-2026,https://nutrithrive.com.au/blog/best-anti-inflammatory-foods-australia-daily-guide-2026,YES,,"index, follow",YES,PRESENT,50 incoming internal links,PRESENT,PRESENT,GENERAL,COMPARISON,Anti-Inflammatory Foods Australia | Daily Plate Guide,DATA UNAVAILABLE,URL_TITLE_INFERENCE,GENERAL,DATA UNAVAILABLE,,,,,DATA UNAVAILABLE,,,,,NO,2.5,45%,LOW,4.2,INTENT_HYPOTHESIS_ONLY,LOW,IMPROVE,REVIEW_REQUIRED,MEASURE current implementation; review after lock,Measure blog_product_click and downstream GA4 events,,INSUFFICIENT_DATA,,,NO,INSUFFICIENT_BACKLINK_DATA,,,GOOD,,PRESENT,,P2,UNKNOWN,MEASURING,2026-10-13,YES,GSC metrics are filtered views and must not be treated as total page traffic.
2026-09-15,2026-09-08 (latest available file),2026-09-15T10:39:50+00:00,best-plant-based-iron-foods-australia-absorption-guide-2026,https://nutrithrive.com.au/blog/best-plant-based-iron-foods-australia-absorption-guide-2026,https://nutrithrive.com.au/blog/best-plant-based-iron-foods-australia-absorption-guide-2026,Best Plant-Based Iron Foods (and How to Absorb More),site/blog/best-plant-based-iron-foods-australia-absorption-guide-2026.html,tracked_content,YES,tracked HTML content,YES,NO,200,https://nutrithrive.com.au/blog/best-plant-based-iron-foods-australia-absorption-guide-2026,https://nutrithrive.com.au/blog/best-plant-based-iron-foods-australia-absorption-guide-2026,https://nutrithrive.com.au/blog/best-plant-based-iron-foods-australia-absorption-guide-2026,YES,,"index, follow",YES,PRESENT,11 incoming internal links,PRESENT,PRESENT,GENERAL,PROBLEM_SOLVING,Best Plant-Based Iron Foods (and How to Absorb More),DATA UNAVAILABLE,URL_TITLE_INFERENCE,GENERAL,nutrithrive.com.au-Performance-on-Search-2026-09-08.xlsx (3-month question-filtered view),0.0,1.0,0.0,62.0,DATA UNAVAILABLE,,,,,NO,4.5,65%,MEDIUM,3.8,INTENT_HYPOTHESIS_ONLY,LOW,IMPROVE,REVIEW_REQUIRED,MEASURE current implementation; review after lock,Measure blog_product_click and downstream GA4 events,,INSUFFICIENT_DATA,,,NO,INSUFFICIENT_BACKLINK_DATA,,,GOOD,,PRESENT,,P2,UNKNOWN,MEASURING,2026-10-13,YES,GSC metrics are filtered views and must not be treated as total page traffic.
2026-09-15,2026-09-08 (latest available file),2026-09-15T10:39:50+00:00,best-time-to-take-moringa-powder-morning-or-night-2026,https://nutrithrive.com.au/blog/best-time-to-take-moringa-powder-morning-or-night-2026,https://nutrithrive.com.au/blog/best-time-to-take-moringa-powder-morning-or-night-2026,Moringa: Morning or Night? The Honest Answer,site/blog/best-time-to-take-moringa-powder-morning-or-night-2026.html,tracked_content,YES,tracked HTML content,YES,NO,200,https://nutrithrive.com.au/blog/best-time-to-take-moringa-powder-morning-or-night-2026,https://nutrithrive.com.au/blog/best-time-to-take-moringa-powder-morning-or-night-2026,https://nutrithrive.com.au/blog/best-time-to-take-moringa-powder-morning-or-night-2026,YES,,"index, follow",YES,PRESENT,13 incoming internal links,PRESENT,PRESENT,MORINGA,INFORMATIONAL,Moringa: Morning or Night? The Honest Answer,DATA UNAVAILABLE,URL_TITLE_INFERENCE,MORINGA,DATA UNAVAILABLE,,,,,DATA UNAVAILABLE,,,,,NO,3.2,45%,LOW,7.4,INTENT_HYPOTHESIS_ONLY,LOW,LOW_PRIORITY,REVIEW_REQUIRED,No active work,Measure blog_product_click and downstream GA4 events,,INSUFFICIENT_DATA,,,NO,INSUFFICIENT_BACKLINK_DATA,,,GOOD,,PRESENT,,P3,UNKNOWN,MEASURING,2026-10-13,YES,GSC metrics are filtered views and must not be treated as total page traffic.
2026-09-15,2026-09-08 (latest available file),2026-09-15T10:39:50+00:00,blood-sugar-spikes-how-to-avoid-through-food-2026,https://nutrithrive.com.au/blog/blood-sugar-spikes-how-to-avoid-through-food-2026,https://nutrithrive.com.au/blog/blood-sugar-spikes-how-to-avoid-through-food-2026,How to Avoid Blood Sugar Spikes: Food Tricks,site/blog/blood-sugar-spikes-how-to-avoid-through-food-2026.html,tracked_content,YES,tracked HTML content,YES,NO,200,https://nutrithrive.com.au/blog/blood-sugar-spikes-how-to-avoid-through-food-2026,https://nutrithrive.com.au/blog/blood-sugar-spikes-how-to-avoid-through-food-2026,https://nutrithrive.com.au/blog/blood-sugar-spikes-how-to-avoid-through-food-2026,YES,,"index, follow",YES,PRESENT,12 incoming internal links,PRESENT,PRESENT,GENERAL,PROBLEM_SOLVING,How to Avoid Blood Sugar Spikes: Food Tricks,DATA UNAVAILABLE,URL_TITLE_INFERENCE,GENERAL,DATA UNAVAILABLE,,,,,DATA UNAVAILABLE,,,,,NO,2.2,45%,LOW,4.0,INTENT_HYPOTHESIS_ONLY,LOW,IMPROVE,BLOCKED_PENDING_REVIEW,MEASURE current implementation; review after lock,Measure blog_product_click and downstream GA4 events,,INSUFFICIENT_DATA,,,NO,INSUFFICIENT_BACKLINK_DATA,,,GOOD,,PRESENT,,P2,UNKNOWN,MEASURING,2026-10-13,YES,GSC metrics are filtered views and must not be treated as total page traffic.
2026-09-15,2026-09-08 (latest available file),2026-09-15T10:39:50+00:00,can-you-drink-darjeeling-tea-every-day-2026,https://nutrithrive.com.au/blog/can-you-drink-darjeeling-tea-every-day-2026,https://nutrithrive.com.au/blog/can-you-drink-darjeeling-tea-every-day-2026,Can You Drink Darjeeling Tea Every Day?,site/blog/can-you-drink-darjeeling-tea-every-day-2026.html,tracked_content,YES,tracked HTML content,YES,NO,200,https://nutrithrive.com.au/blog/can-you-drink-darjeeling-tea-every-day-2026,https://nutrithrive.com.au/blog/can-you-drink-darjeeling-tea-every-day-2026,https://nutrithrive.com.au/blog/can-you-drink-darjeeling-tea-every-day-2026,YES,,"index, follow",YES,PRESENT,8 incoming internal links,PRESENT,PRESENT,DARJEELING,INFORMATIONAL,Can You Drink Darjeeling Tea Every Day?,DATA UNAVAILABLE,URL_TITLE_INFERENCE,DARJEELING,nutrithrive.com.au-Performance-on-Search-2026-09-08.xlsx (3-month question-filtered view),0.0,7.0,0.0,31.57,DATA UNAVAILABLE,,,,,NO,6.1,65%,MEDIUM,7.3,INTENT_HYPOTHESIS_ONLY,LOW,LOW_PRIORITY,REVIEW_REQUIRED,No active work,Measure blog_product_click and downstream GA4 events,,INSUFFICIENT_DATA,,,NO,INSUFFICIENT_BACKLINK_DATA,,,GOOD,,PRESENT,,P3,UNKNOWN,MEASURING,2026-10-13,YES,GSC metrics are filtered views and must not be treated as total page traffic.
2026-09-15,2026-09-08 (latest available file),2026-09-15T10:39:50+00:00,can-you-use-dried-curry-leaves-for-hair-2026,https://nutrithrive.com.au/blog/can-you-use-dried-curry-leaves-for-hair-2026,https://nutrithrive.com.au/blog/can-you-use-dried-curry-leaves-for-hair-2026,Curry Leaves for Hair: What Actually Works,site/blog/can-you-use-dried-curry-leaves-for-hair-2026.html,tracked_content,YES,tracked HTML content,YES,NO,200,https://nutrithrive.com.au/blog/can-you-use-dried-curry-leaves-for-hair-2026,https://nutrithrive.com.au/blog/can-you-use-dried-curry-leaves-for-hair-2026,https://nutrithrive.com.au/blog/can-you-use-dried-curry-leaves-for-hair-2026,YES,,"index, follow",YES,PRESENT,19 incoming internal links,PRESENT,PRESENT,CURRY,PROBLEM_SOLVING,Curry Leaves for Hair: What Actually Works,DATA UNAVAILABLE,URL_TITLE_INFERENCE,CURRY,DATA UNAVAILABLE,,,,,DATA UNAVAILABLE,,,,,NO,3.8,45%,LOW,7.6,INTENT_HYPOTHESIS_ONLY,LOW,IMPROVE,CLEAR,MEASURE current implementation; review after lock,Measure blog_product_click and downstream GA4 events,,INSUFFICIENT_DATA,,,NO,INSUFFICIENT_BACKLINK_DATA,,,GOOD,,PRESENT,,P2,UNKNOWN,MEASURING,2026-10-13,NO,GSC metrics are filtered views and must not be treated as total page traffic.
2026-09-15,2026-09-08 (latest available file),2026-09-15T10:39:50+00:00,cant-lose-weight-broken-gut-what-actually-worked-2026,https://nutrithrive.com.au/blog/cant-lose-weight-broken-gut-what-actually-worked-2026,https://nutrithrive.com.au/blog/cant-lose-weight-broken-gut-what-actually-worked-2026,Couldn't Lose Weight? What Actually Worked,site/blog/cant-lose-weight-broken-gut-what-actually-worked-2026.html,tracked_content,YES,tracked HTML content,YES,NO,200,https://nutrithrive.com.au/blog/cant-lose-weight-broken-gut-what-actually-worked-2026,https://nutrithrive.com.au/blog/cant-lose-weight-broken-gut-what-actually-worked-2026,https://nutrithrive.com.au/blog/cant-lose-weight-broken-gut-what-actually-worked-2026,YES,,"index, follow",YES,PRESENT,4 incoming internal links,PRESENT,PRESENT,GENERAL,BROAD_WEAK_ALIGNMENT,Couldn't Lose Weight? What Actually Worked,DATA UNAVAILABLE,URL_TITLE_INFERENCE,GENERAL,DATA UNAVAILABLE,,,,,DATA UNAVAILABLE,,,,,NO,2.0,45%,LOW,4.0,INTENT_HYPOTHESIS_ONLY,LOW,LOW_PRIORITY,BLOCKED_PENDING_REVIEW,No active work,Measure blog_product_click and downstream GA4 events,,INSUFFICIENT_DATA,,,NO,INSUFFICIENT_BACKLINK_DATA,,,GOOD,,PRESENT,,P3,UNKNOWN,MEASURING,2026-10-13,YES,GSC metrics are filtered views and must not be treated as total page traffic.
2026-09-15,2026-09-08 (latest available file),2026-09-15T10:39:50+00:00,chemist-warehouse-greens-vs-moringa-powder-2026,https://nutrithrive.com.au/blog/chemist-warehouse-greens-vs-moringa-powder-2026,https://nutrithrive.com.au/blog/chemist-warehouse-greens-vs-moringa-powder-2026,"Chemist Warehouse Greens vs $11 Moringa, Australia",site/blog/chemist-warehouse-greens-vs-moringa-powder-2026.html,tracked_content,YES,tracked HTML content,YES,NO,200,https://nutrithrive.com.au/blog/chemist-warehouse-greens-vs-moringa-powder-2026,https://nutrithrive.com.au/blog/chemist-warehouse-greens-vs-moringa-powder-2026,https://nutrithrive.com.au/blog/chemist-warehouse-greens-vs-moringa-powder-2026,YES,,"index, follow",YES,PRESENT,12 incoming internal links,PRESENT,PRESENT,MORINGA,COMPARISON,"Chemist Warehouse Greens vs $11 Moringa, Australia",DATA UNAVAILABLE,URL_TITLE_INFERENCE,MORINGA,DATA UNAVAILABLE,,,,,DATA UNAVAILABLE,,,,,NO,3.8,45%,LOW,7.6,INTENT_HYPOTHESIS_ONLY,LOW,IMPROVE,CLEAR,MEASURE current implementation; review after lock,Measure blog_product_click and downstream GA4 events,,INSUFFICIENT_DATA,,,NO,INSUFFICIENT_BACKLINK_DATA,,,GOOD,,PRESENT,,P2,UNKNOWN,MEASURING,2026-10-13,NO,GSC metrics are filtered views and must not be treated as total page traffic.
2026-09-15,2026-09-08 (latest available file),2026-09-15T10:39:50+00:00,chronic-fatigue-what-actually-fixed-it-2026,https://nutrithrive.com.au/blog/chronic-fatigue-what-actually-fixed-it-2026,https://nutrithrive.com.au/blog/chronic-fatigue-what-actually-fixed-it-2026,Chronic Fatigue: What Actually Fixed It,site/blog/chronic-fatigue-what-actually-fixed-it-2026.html,tracked_content,YES,tracked HTML content,YES,NO,200,https://nutrithrive.com.au/blog/chronic-fatigue-what-actually-fixed-it-2026,https://nutrithrive.com.au/blog/chronic-fatigue-what-actually-fixed-it-2026,https://nutrithrive.com.au/blog/chronic-fatigue-what-actually-fixed-it-2026,YES,,"index, follow",YES,PRESENT,8 incoming internal links,PRESENT,PRESENT,NONE,BROAD_WEAK_ALIGNMENT,Chronic Fatigue: What Actually Fixed It,DATA UNAVAILABLE,URL_TITLE_INFERENCE,NONE,DATA UNAVAILABLE,,,,,DATA UNAVAILABLE,,,,,NO,2.2,45%,LOW,4.2,INTENT_HYPOTHESIS_ONLY,LOW,LOW_PRIORITY,REVIEW_REQUIRED,No active work,Measure blog_product_click and downstream GA4 events,,INSUFFICIENT_DATA,,,NO,INSUFFICIENT_BACKLINK_DATA,,,GOOD,,PRESENT,,P3,UNKNOWN,MEASURING,2026-10-13,YES,GSC metrics are filtered views and must not be treated as total page traffic.
2026-09-15,2026-09-08 (latest available file),2026-09-15T10:39:50+00:00,cold-brew-darjeeling-australian-spring-2026,https://nutrithrive.com.au/blog/cold-brew-darjeeling-australian-spring-2026,https://nutrithrive.com.au/blog/cold-brew-darjeeling-australian-spring-2026,Cold-Brew Darjeeling Tea for Australian Spring 2026,site/blog/cold-brew-darjeeling-australian-spring-2026.html,tracked_content,YES,tracked HTML content,YES,NO,200,https://nutrithrive.com.au/blog/cold-brew-darjeeling-australian-spring-2026,https://nutrithrive.com.au/blog/cold-brew-darjeeling-australian-spring-2026,https://nutrithrive.com.au/blog/cold-brew-darjeeling-australian-spring-2026,YES,,"index, follow",YES,PRESENT,14 incoming internal links,PRESENT,PRESENT,DARJEELING,COMPARISON,Cold-Brew Darjeeling Tea for Australian Spring 2026,DATA UNAVAILABLE,URL_TITLE_INFERENCE,DARJEELING,DATA UNAVAILABLE,,,,,DATA UNAVAILABLE,,,,,NO,3.6,45%,LOW,7.4,INTENT_HYPOTHESIS_ONLY,LOW,IMPROVE,REVIEW_REQUIRED,MEASURE current implementation; review after lock,Measure blog_product_click and downstream GA4 events,,INSUFFICIENT_DATA,,,NO,INSUFFICIENT_BACKLINK_DATA,,,GOOD,,PRESENT,,P2,UNKNOWN,MEASURING,2026-10-13,YES,GSC metrics are filtered views and must not be treated as total page traffic.
2026-09-15,2026-09-08 (latest available file),2026-09-15T10:39:50+00:00,cortisol-cocktail-trend-explained-moringa-2026,https://nutrithrive.com.au/blog/cortisol-cocktail-trend-explained-moringa-2026,https://nutrithrive.com.au/blog/cortisol-cocktail-trend-explained-moringa-2026,"The Cortisol Cocktail Trend, Explained",site/blog/cortisol-cocktail-trend-explained-moringa-2026.html,tracked_content,YES,tracked HTML content,YES,NO,200,https://nutrithrive.com.au/blog/cortisol-cocktail-trend-explained-moringa-2026,https://nutrithrive.com.au/blog/cortisol-cocktail-trend-explained-moringa-2026,https://nutrithrive.com.au/blog/cortisol-cocktail-trend-explained-moringa-2026,YES,,"index, follow",YES,PRESENT,10 incoming internal links,PRESENT,PRESENT,MORINGA,COMPARISON,"The Cortisol Cocktail Trend, Explained",DATA UNAVAILABLE,URL_TITLE_INFERENCE,MORINGA,nutrithrive.com.au-Performance-on-Search-2026-09-08.xlsx (3-month question-filtered view),0.0,3.0,0.0,1.67,DATA UNAVAILABLE,,,,,NO,5.8,65%,MEDIUM,7.2,INTENT_HYPOTHESIS_ONLY,LOW,IMPROVE,REVIEW_REQUIRED,MEASURE current implementation; review after lock,Measure blog_product_click and downstream GA4 events,,INSUFFICIENT_DATA,,,NO,INSUFFICIENT_BACKLINK_DATA,,,GOOD,,PRESENT,,P2,UNKNOWN,MEASURING,2026-10-13,YES,GSC metrics are filtered views and must not be treated as total page traffic.
2026-09-15,2026-09-08 (latest available file),2026-09-15T10:39:50+00:00,curry-leaves-dahl-recipe-30-minutes-australia-2026,https://nutrithrive.com.au/blog/curry-leaves-dahl-recipe-30-minutes-australia-2026,https://nutrithrive.com.au/blog/curry-leaves-dahl-recipe-30-minutes-australia-2026,30-Minute Curry Leaf Dal Recipe,site/blog/curry-leaves-dahl-recipe-30-minutes-australia-2026.html,tracked_content,YES,tracked HTML content,YES,NO,200,https://nutrithrive.com.au/blog/curry-leaves-dahl-recipe-30-minutes-australia-2026,https://nutrithrive.com.au/blog/curry-leaves-dahl-recipe-30-minutes-australia-2026,https://nutrithrive.com.au/blog/curry-leaves-dahl-recipe-30-minutes-australia-2026,YES,,"index, follow",YES,PRESENT,13 incoming internal links,PRESENT,PRESENT,CURRY,PROBLEM_SOLVING,30-Minute Curry Leaf Dal Recipe,DATA UNAVAILABLE,URL_TITLE_INFERENCE,CURRY,DATA UNAVAILABLE,,,,,DATA UNAVAILABLE,,,,,NO,3.6,45%,LOW,7.4,INTENT_HYPOTHESIS_ONLY,LOW,IMPROVE,REVIEW_REQUIRED,MEASURE current implementation; review after lock,Measure blog_product_click and downstream GA4 events,,INSUFFICIENT_DATA,,,NO,INSUFFICIENT_BACKLINK_DATA,,,GOOD,,PRESENT,,P2,UNKNOWN,MEASURING,2026-10-13,YES,GSC metrics are filtered views and must not be treated as total page traffic.
2026-09-15,2026-09-08 (latest available file),2026-09-15T10:39:50+00:00,curry-leaves-health-benefits-what-the-evidence-says-2026,https://nutrithrive.com.au/blog/curry-leaves-health-benefits-what-the-evidence-says-2026,https://nutrithrive.com.au/blog/curry-leaves-health-benefits-what-the-evidence-says-2026,Curry Leaves Health Benefits: The Evidence,site/blog/curry-leaves-health-benefits-what-the-evidence-says-2026.html,tracked_content,YES,tracked HTML content,YES,NO,200,https://nutrithrive.com.au/blog/curry-leaves-health-benefits-what-the-evidence-says-2026,https://nutrithrive.com.au/blog/curry-leaves-health-benefits-what-the-evidence-says-2026,https://nutrithrive.com.au/blog/curry-leaves-health-benefits-what-the-evidence-says-2026,YES,,"index, follow",YES,PRESENT,18 incoming internal links,PRESENT,PRESENT,CURRY,COMPARISON,Curry Leaves Health Benefits: The Evidence,DATA UNAVAILABLE,URL_TITLE_INFERENCE,CURRY,DATA UNAVAILABLE,,,,,nutrithrive.com.au-Performance-on-Search-2026-09-08 (1).xlsx (12-month commercial-filtered view),0.0,3.0,0.0,8.0,NO,7.4,65%,MEDIUM,7.2,INTENT_HYPOTHESIS_ONLY,LOW,IMPROVE,REVIEW_REQUIRED,MEASURE current implementation; review after lock,Measure blog_product_click and downstream GA4 events,,INSUFFICIENT_DATA,,,NO,INSUFFICIENT_BACKLINK_DATA,,,GOOD,,PRESENT,,P2,UNKNOWN,MEASURING,2026-10-13,YES,GSC metrics are filtered views and must not be treated as total page traffic.
2026-09-15,2026-09-08 (latest available file),2026-09-15T10:39:50+00:00,curry-leaves-heart-health-cholesterol-evidence-2026,https://nutrithrive.com.au/blog/curry-leaves-heart-health-cholesterol-evidence-2026,https://nutrithrive.com.au/blog/curry-leaves-heart-health-cholesterol-evidence-2026,Curry Leaves for Heart Health and Cholesterol.,site/blog/curry-leaves-heart-health-cholesterol-evidence-2026.html,tracked_content,YES,tracked HTML content,YES,NO,200,https://nutrithrive.com.au/blog/curry-leaves-heart-health-cholesterol-evidence-2026,https://nutrithrive.com.au/blog/curry-leaves-heart-health-cholesterol-evidence-2026,https://nutrithrive.com.au/blog/curry-leaves-heart-health-cholesterol-evidence-2026,YES,,"index, follow",YES,PRESENT,9 incoming internal links,PRESENT,PRESENT,CURRY,INFORMATIONAL,Curry Leaves for Heart Health and Cholesterol.,DATA UNAVAILABLE,URL_TITLE_INFERENCE,CURRY,nutrithrive.com.au-Performance-on-Search-2026-09-08.xlsx (3-month question-filtered view),0.0,4.0,0.0,17.75,DATA UNAVAILABLE,,,,,NO,6.4,65%,MEDIUM,7.0,INTENT_HYPOTHESIS_ONLY,LOW,LOW_PRIORITY,BLOCKED_PENDING_REVIEW,No active work,Measure blog_product_click and downstream GA4 events,,INSUFFICIENT_DATA,,,NO,INSUFFICIENT_BACKLINK_DATA,,,GOOD,,PRESENT,,P3,UNKNOWN,MEASURING,2026-10-13,YES,GSC metrics are filtered views and must not be treated as total page traffic.
2026-09-15,2026-09-08 (latest available file),2026-09-15T10:39:50+00:00,curry-leaves-in-australian-cooking-how-to-use-2026,https://nutrithrive.com.au/blog/curry-leaves-in-australian-cooking-how-to-use-2026,https://nutrithrive.com.au/blog/curry-leaves-in-australian-cooking-how-to-use-2026,Curry Leaves in Australian Cooking | NutriThrive,site/blog/curry-leaves-in-australian-cooking-how-to-use-2026.html,tracked_content,YES,tracked HTML content,YES,NO,200,https://nutrithrive.com.au/blog/curry-leaves-in-australian-cooking-how-to-use-2026,https://nutrithrive.com.au/blog/curry-leaves-in-australian-cooking-how-to-use-2026,https://nutrithrive.com.au/blog/curry-leaves-in-australian-cooking-how-to-use-2026,YES,,"index, follow",YES,PRESENT,12 incoming internal links,PRESENT,PRESENT,CURRY,COMMERCIAL_RESEARCH,Curry Leaves in Australian Cooking | NutriThrive,DATA UNAVAILABLE,URL_TITLE_INFERENCE,CURRY,DATA UNAVAILABLE,,,,,DATA UNAVAILABLE,,,,,NO,3.8,45%,LOW,7.6,INTENT_HYPOTHESIS_ONLY,LOW,IMPROVE,CLEAR,MEASURE current implementation; review after lock,Measure blog_product_click and downstream GA4 events,,INSUFFICIENT_DATA,,,NO,INSUFFICIENT_BACKLINK_DATA,,,GOOD,,PRESENT,,P2,UNKNOWN,MEASURING,2026-10-13,NO,GSC metrics are filtered views and must not be treated as total page traffic.
2026-09-15,2026-09-08 (latest available file),2026-09-15T10:39:50+00:00,curry-leaves-recipes-beyond-dal,https://nutrithrive.com.au/blog/curry-leaves-recipes-beyond-dal,https://nutrithrive.com.au/blog/curry-leaves-recipes-beyond-dal,5 Curry Leaf Recipes Beyond Dal,site/blog/curry-leaves-recipes-beyond-dal.html,tracked_content,YES,tracked HTML content,YES,NO,200,https://nutrithrive.com.au/blog/curry-leaves-recipes-beyond-dal,https://nutrithrive.com.au/blog/curry-leaves-recipes-beyond-dal,https://nutrithrive.com.au/blog/curry-leaves-recipes-beyond-dal,YES,,"index, follow",YES,PRESENT,8 incoming internal links,PRESENT,PRESENT,CURRY,COMPARISON,5 Curry Leaf Recipes Beyond Dal,DATA UNAVAILABLE,URL_TITLE_INFERENCE,CURRY,nutrithrive.com.au-Performance-on-Search-2026-09-08.xlsx (3-month question-filtered view),0.0,4.0,0.0,9.25,DATA UNAVAILABLE,,,,,NO,7.7,65%,MEDIUM,7.4,INTENT_HYPOTHESIS_ONLY,LOW,IMPROVE,CLEAR,MEASURE current implementation; review after lock,Measure blog_product_click and downstream GA4 events,,INSUFFICIENT_DATA,,,NO,INSUFFICIENT_BACKLINK_DATA,,,GOOD,,PRESENT,,P2,UNKNOWN,MEASURING,2026-10-13,NO,GSC metrics are filtered views and must not be treated as total page traffic.
2026-09-15,2026-09-08 (latest available file),2026-09-15T10:39:50+00:00,curry-leaves-substitute-what-to-use-2026,https://nutrithrive.com.au/blog/curry-leaves-substitute-what-to-use-2026,https://nutrithrive.com.au/blog/curry-leaves-substitute-what-to-use-2026,Curry Leaf Substitute: 7 Best Swaps for Australian Kitchens,site/blog/curry-leaves-substitute-what-to-use-2026.html,tracked_content,YES,tracked HTML content,YES,NO,200,https://nutrithrive.com.au/blog/curry-leaves-substitute-what-to-use-2026,https://nutrithrive.com.au/blog/curry-leaves-substitute-what-to-use-2026,https://nutrithrive.com.au/blog/curry-leaves-substitute-what-to-use-2026,YES,,"index, follow",YES,PRESENT,14 incoming internal links,PRESENT,PRESENT,CURRY,COMPARISON,Curry Leaf Substitute: 7 Best Swaps for Australian Kitchens,DATA UNAVAILABLE,URL_TITLE_INFERENCE,CURRY,nutrithrive.com.au-Performance-on-Search-2026-09-08.xlsx (3-month question-filtered view),0.0,93.0,0.0,10.67,nutrithrive.com.au-Performance-on-Search-2026-09-08 (1).xlsx (12-month commercial-filtered view),0.0,95.0,0.0,11.07,NO,7.8,65%,MEDIUM,8.0,INTENT_HYPOTHESIS_ONLY,LOW,IMPROVE,CLEAR,MEASURE current implementation; review after lock,Measure blog_product_click and downstream GA4 events,,INSUFFICIENT_DATA,,,NO,INSUFFICIENT_BACKLINK_DATA,,,GOOD,,PRESENT,,P2,UNKNOWN,MEASURING,2026-10-13,NO,GSC metrics are filtered views and must not be treated as total page traffic.
2026-09-15,2026-09-08 (latest available file),2026-09-15T10:39:50+00:00,curry-leaves-tea-how-to-make-benefits-2026,https://nutrithrive.com.au/blog/curry-leaves-tea-how-to-make-benefits-2026,https://nutrithrive.com.au/blog/curry-leaves-tea-how-to-make-benefits-2026,How to Make Curry Leaf Tea (Dried Leaves) | Australia,site/blog/curry-leaves-tea-how-to-make-benefits-2026.html,tracked_content,YES,tracked HTML content,YES,NO,200,https://nutrithrive.com.au/blog/curry-leaves-tea-how-to-make-benefits-2026,https://nutrithrive.com.au/blog/curry-leaves-tea-how-to-make-benefits-2026,https://nutrithrive.com.au/blog/curry-leaves-tea-how-to-make-benefits-2026,YES,,"index, follow",YES,PRESENT,9 incoming internal links,PRESENT,PRESENT,CURRY,PROBLEM_SOLVING,How to Make Curry Leaf Tea (Dried Leaves) | Australia,DATA UNAVAILABLE,URL_TITLE_INFERENCE,CURRY,nutrithrive.com.au-Performance-on-Search-2026-09-08.xlsx (3-month question-filtered view),0.0,1.0,0.0,8.0,DATA UNAVAILABLE,,,,,NO,7.2,65%,MEDIUM,7.0,INTENT_HYPOTHESIS_ONLY,LOW,IMPROVE,REVIEW_REQUIRED,MEASURE current implementation; review after lock,Measure blog_product_click and downstream GA4 events,,INSUFFICIENT_DATA,,,NO,INSUFFICIENT_BACKLINK_DATA,,,GOOD,,PRESENT,,P2,UNKNOWN,MEASURING,2026-10-13,YES,GSC metrics are filtered views and must not be treated as total page traffic.
2026-09-15,2026-09-08 (latest available file),2026-09-15T10:39:50+00:00,curry-leaves-vs-curry-powder-difference-explained-2026,https://nutrithrive.com.au/blog/curry-leaves-vs-curry-powder-difference-explained-2026,https://nutrithrive.com.au/blog/curry-leaves-vs-curry-powder-difference-explained-2026,Curry Leaves vs Curry Powder: Not the Same,site/blog/curry-leaves-vs-curry-powder-difference-explained-2026.html,tracked_content,YES,tracked HTML content,YES,NO,200,https://nutrithrive.com.au/blog/curry-leaves-vs-curry-powder-difference-explained-2026,https://nutrithrive.com.au/blog/curry-leaves-vs-curry-powder-difference-explained-2026,https://nutrithrive.com.au/blog/curry-leaves-vs-curry-powder-difference-explained-2026,YES,,"index, follow",YES,PRESENT,10 incoming internal links,PRESENT,PRESENT,CURRY,COMPARISON,Curry Leaves vs Curry Powder: Not the Same,DATA UNAVAILABLE,URL_TITLE_INFERENCE,CURRY,nutrithrive.com.au-Performance-on-Search-2026-09-08.xlsx (3-month question-filtered view),0.0,9.0,0.0,9.78,nutrithrive.com.au-Performance-on-Search-2026-09-08 (1).xlsx (12-month commercial-filtered view),0.0,39.0,0.0,15.69,NO,7.6,65%,MEDIUM,7.8,INTENT_HYPOTHESIS_ONLY,LOW,IMPROVE,CLEAR,MEASURE current implementation; review after lock,Measure blog_product_click and downstream GA4 events,,INSUFFICIENT_DATA,,,NO,INSUFFICIENT_BACKLINK_DATA,,,GOOD,,PRESENT,,P2,UNKNOWN,MEASURING,2026-10-13,NO,GSC metrics are filtered views and must not be treated as total page traffic.
2026-09-15,2026-09-08 (latest available file),2026-09-15T10:39:50+00:00,cystic-acne-gut-healing-what-actually-cleared-skin-2026,https://nutrithrive.com.au/blog/cystic-acne-gut-healing-what-actually-cleared-skin-2026,https://nutrithrive.com.au/blog/cystic-acne-gut-healing-what-actually-cleared-skin-2026,Cystic Acne and Gut Health: My Experience,site/blog/cystic-acne-gut-healing-what-actually-cleared-skin-2026.html,tracked_content,YES,tracked HTML content,YES,NO,200,https://nutrithrive.com.au/blog/cystic-acne-gut-healing-what-actually-cleared-skin-2026,https://nutrithrive.com.au/blog/cystic-acne-gut-healing-what-actually-cleared-skin-2026,https://nutrithrive.com.au/blog/cystic-acne-gut-healing-what-actually-cleared-skin-2026,YES,,"index, follow",YES,PRESENT,6 incoming internal links,PRESENT,PRESENT,GENERAL,BROAD_WEAK_ALIGNMENT,Cystic Acne and Gut Health: My Experience,DATA UNAVAILABLE,URL_TITLE_INFERENCE,GENERAL,DATA UNAVAILABLE,,,,,DATA UNAVAILABLE,,,,,NO,2.0,45%,LOW,4.0,INTENT_HYPOTHESIS_ONLY,LOW,LOW_PRIORITY,BLOCKED_PENDING_REVIEW,No active work,Measure blog_product_click and downstream GA4 events,,INSUFFICIENT_DATA,,,NO,INSUFFICIENT_BACKLINK_DATA,,,GOOD,,PRESENT,,P3,UNKNOWN,MEASURING,2026-10-13,YES,GSC metrics are filtered views and must not be treated as total page traffic.
2026-09-15,2026-09-08 (latest available file),2026-09-15T10:39:50+00:00,darjeeling-black-tea-australia-first-flush-second-flush-guide-2026,https://nutrithrive.com.au/blog/darjeeling-black-tea-australia-first-flush-second-flush-guide-2026,https://nutrithrive.com.au/blog/darjeeling-black-tea-australia-first-flush-second-flush-guide-2026,First Flush vs Second Flush Darjeeling Tea,site/blog/darjeeling-black-tea-australia-first-flush-second-flush-guide-2026.html,tracked_content,YES,tracked HTML content,YES,NO,200,https://nutrithrive.com.au/blog/darjeeling-black-tea-australia-first-flush-second-flush-guide-2026,https://nutrithrive.com.au/blog/darjeeling-black-tea-australia-first-flush-second-flush-guide-2026,https://nutrithrive.com.au/blog/darjeeling-black-tea-australia-first-flush-second-flush-guide-2026,YES,,"index, follow",YES,PRESENT,21 incoming internal links,PRESENT,PRESENT,DARJEELING,COMPARISON,First Flush vs Second Flush Darjeeling Tea,DATA UNAVAILABLE,URL_TITLE_INFERENCE,DARJEELING,DATA UNAVAILABLE,,,,,nutrithrive.com.au-Performance-on-Search-2026-09-08 (1).xlsx (12-month commercial-filtered view),0.0,6.0,0.0,12.83,NO,6.8,65%,MEDIUM,7.1,INTENT_HYPOTHESIS_ONLY,LOW,IMPROVE,BLOCKED_PENDING_REVIEW,MEASURE current implementation; review after lock,Measure blog_product_click and downstream GA4 events,,INSUFFICIENT_DATA,,,NO,INSUFFICIENT_BACKLINK_DATA,,,GOOD,,PRESENT,,P2,UNKNOWN,MEASURING,2026-10-13,YES,GSC metrics are filtered views and must not be treated as total page traffic.
2026-09-15,2026-09-08 (latest available file),2026-09-15T10:39:50+00:00,darjeeling-black-tea-australia-guide,https://nutrithrive.com.au/blog/darjeeling-black-tea-australia-guide,https://nutrithrive.com.au/blog/darjeeling-black-tea-australia-guide,Darjeeling Black Tea Australia: Buying & Brewing Guide,site/blog/darjeeling-black-tea-australia-guide.html,tracked_content,YES,tracked HTML content,YES,NO,200,https://nutrithrive.com.au/blog/darjeeling-black-tea-australia-guide,https://nutrithrive.com.au/blog/darjeeling-black-tea-australia-guide,https://nutrithrive.com.au/blog/darjeeling-black-tea-australia-guide,YES,,"index, follow",YES,PRESENT,3 incoming internal links,PRESENT,PRESENT,DARJEELING,COMPARISON,Darjeeling Black Tea Australia: Buying & Brewing Guide,DATA UNAVAILABLE,URL_TITLE_INFERENCE,DARJEELING,DATA UNAVAILABLE,,,,,DATA UNAVAILABLE,,,,,NO,3.8,45%,LOW,7.6,INTENT_HYPOTHESIS_ONLY,LOW,IMPROVE,CLEAR,MEASURE current implementation; review after lock,Measure blog_product_click and downstream GA4 events,,INSUFFICIENT_DATA,,,NO,INSUFFICIENT_BACKLINK_DATA,,,GOOD,,PRESENT,,P2,UNKNOWN,MEASURING,2026-10-13,NO,GSC metrics are filtered views and must not be treated as total page traffic.
2026-09-15,2026-09-08 (latest available file),2026-09-15T10:39:50+00:00,darjeeling-chai-latte-recipe-winter-coffee-alternative-2026,https://nutrithrive.com.au/blog/darjeeling-chai-latte-recipe-winter-coffee-alternative-2026,https://nutrithrive.com.au/blog/darjeeling-chai-latte-recipe-winter-coffee-alternative-2026,Darjeeling Chai Latte (Winter Coffee Alternative),site/blog/darjeeling-chai-latte-recipe-winter-coffee-alternative-2026.html,tracked_content,YES,tracked HTML content,YES,NO,200,https://nutrithrive.com.au/blog/darjeeling-chai-latte-recipe-winter-coffee-alternative-2026,https://nutrithrive.com.au/blog/darjeeling-chai-latte-recipe-winter-coffee-alternative-2026,https://nutrithrive.com.au/blog/darjeeling-chai-latte-recipe-winter-coffee-alternative-2026,YES,,"index, follow",YES,PRESENT,10 incoming internal links,PRESENT,PRESENT,DARJEELING,COMPARISON,Darjeeling Chai Latte (Winter Coffee Alternative),DATA UNAVAILABLE,URL_TITLE_INFERENCE,DARJEELING,DATA UNAVAILABLE,,,,,DATA UNAVAILABLE,,,,,NO,3.6,45%,LOW,7.4,INTENT_HYPOTHESIS_ONLY,LOW,IMPROVE,REVIEW_REQUIRED,MEASURE current implementation; review after lock,Measure blog_product_click and downstream GA4 events,,INSUFFICIENT_DATA,,,NO,INSUFFICIENT_BACKLINK_DATA,,,GOOD,,PRESENT,,P2,UNKNOWN,MEASURING,2026-10-13,YES,GSC metrics are filtered views and must not be treated as total page traffic.
2026-09-15,2026-09-08 (latest available file),2026-09-15T10:39:50+00:00,darjeeling-tea-coffee-replacement-honest-assessment-2026,https://nutrithrive.com.au/blog/darjeeling-tea-coffee-replacement-honest-assessment-2026,https://nutrithrive.com.au/blog/darjeeling-tea-coffee-replacement-honest-assessment-2026,Can Darjeeling Tea Replace Your Coffee?,site/blog/darjeeling-tea-coffee-replacement-honest-assessment-2026.html,tracked_content,YES,tracked HTML content,YES,NO,200,https://nutrithrive.com.au/blog/darjeeling-tea-coffee-replacement-honest-assessment-2026,https://nutrithrive.com.au/blog/darjeeling-tea-coffee-replacement-honest-assessment-2026,https://nutrithrive.com.au/blog/darjeeling-tea-coffee-replacement-honest-assessment-2026,YES,,"index, follow",YES,PRESENT,4 incoming internal links,PRESENT,PRESENT,DARJEELING,COMPARISON,Can Darjeeling Tea Replace Your Coffee?,DATA UNAVAILABLE,URL_TITLE_INFERENCE,DARJEELING,DATA UNAVAILABLE,,,,,nutrithrive.com.au-Performance-on-Search-2026-09-08 (1).xlsx (12-month commercial-filtered view),0.0,1.0,0.0,19.0,NO,6.6,65%,MEDIUM,7.0,INTENT_HYPOTHESIS_ONLY,LOW,IMPROVE,REVIEW_REQUIRED,MEASURE current implementation; review after lock,Measure blog_product_click and downstream GA4 events,,INSUFFICIENT_DATA,,,NO,INSUFFICIENT_BACKLINK_DATA,,,GOOD,,PRESENT,,P2,UNKNOWN,MEASURING,2026-10-13,YES,GSC metrics are filtered views and must not be treated as total page traffic.
2026-09-15,2026-09-08 (latest available file),2026-09-15T10:39:50+00:00,darjeeling-tea-health-benefits-research-2026,https://nutrithrive.com.au/blog/darjeeling-tea-health-benefits-research-2026,https://nutrithrive.com.au/blog/darjeeling-tea-health-benefits-research-2026,Darjeeling Tea Health Benefits: The Research,site/blog/darjeeling-tea-health-benefits-research-2026.html,tracked_content,YES,tracked HTML content,YES,NO,200,https://nutrithrive.com.au/blog/darjeeling-tea-health-benefits-research-2026,https://nutrithrive.com.au/blog/darjeeling-tea-health-benefits-research-2026,https://nutrithrive.com.au/blog/darjeeling-tea-health-benefits-research-2026,YES,,"index, follow",YES,PRESENT,13 incoming internal links,PRESENT,PRESENT,DARJEELING,COMPARISON,Darjeeling Tea Health Benefits: The Research,DATA UNAVAILABLE,URL_TITLE_INFERENCE,DARJEELING,nutrithrive.com.au-Performance-on-Search-2026-09-08.xlsx (3-month question-filtered view),0.0,9.0,0.0,45.78,DATA UNAVAILABLE,,,,,NO,6.1,65%,MEDIUM,7.4,INTENT_HYPOTHESIS_ONLY,LOW,IMPROVE,REVIEW_REQUIRED,MEASURE current implementation; review after lock,Measure blog_product_click and downstream GA4 events,,INSUFFICIENT_DATA,,,NO,INSUFFICIENT_BACKLINK_DATA,,,GOOD,,PRESENT,,P2,UNKNOWN,MEASURING,2026-10-13,YES,GSC metrics are filtered views and must not be treated as total page traffic.
2026-09-15,2026-09-08 (latest available file),2026-09-15T10:39:50+00:00,darjeeling-tea-vs-english-breakfast-comparison-2026,https://nutrithrive.com.au/blog/darjeeling-tea-vs-english-breakfast-comparison-2026,https://nutrithrive.com.au/blog/darjeeling-tea-vs-english-breakfast-comparison-2026,Darjeeling vs English Breakfast Tea | NutriThrive,site/blog/darjeeling-tea-vs-english-breakfast-comparison-2026.html,tracked_content,YES,tracked HTML content,YES,NO,200,https://nutrithrive.com.au/blog/darjeeling-tea-vs-english-breakfast-comparison-2026,https://nutrithrive.com.au/blog/darjeeling-tea-vs-english-breakfast-comparison-2026,https://nutrithrive.com.au/blog/darjeeling-tea-vs-english-breakfast-comparison-2026,YES,,"index, follow",YES,PRESENT,9 incoming internal links,PRESENT,PRESENT,DARJEELING,COMPARISON,Darjeeling vs English Breakfast Tea | NutriThrive,DATA UNAVAILABLE,URL_TITLE_INFERENCE,DARJEELING,DATA UNAVAILABLE,,,,,nutrithrive.com.au-Performance-on-Search-2026-09-08 (1).xlsx (12-month commercial-filtered view),0.0,23.0,0.0,6.0,NO,7.9,65%,MEDIUM,7.5,INTENT_HYPOTHESIS_ONLY,LOW,IMPROVE,REVIEW_REQUIRED,MEASURE current implementation; review after lock,Measure blog_product_click and downstream GA4 events,,INSUFFICIENT_DATA,,,NO,INSUFFICIENT_BACKLINK_DATA,,,GOOD,,PRESENT,,P2,UNKNOWN,MEASURING,2026-10-13,YES,GSC metrics are filtered views and must not be treated as total page traffic.
2026-09-15,2026-09-08 (latest available file),2026-09-15T10:39:50+00:00,diwali-gift-guide-curry-leaves-tea-australia,https://nutrithrive.com.au/blog/diwali-gift-guide-curry-leaves-tea-australia,https://nutrithrive.com.au/blog/diwali-gift-guide-curry-leaves-tea-australia,Diwali Gift Ideas: Curry Leaves & Tea,site/blog/diwali-gift-guide-curry-leaves-tea-australia.html,tracked_content,YES,tracked HTML content,YES,NO,200,https://nutrithrive.com.au/blog/diwali-gift-guide-curry-leaves-tea-australia,https://nutrithrive.com.au/blog/diwali-gift-guide-curry-leaves-tea-australia,https://nutrithrive.com.au/blog/diwali-gift-guide-curry-leaves-tea-australia,YES,,"index, follow",YES,PRESENT,5 incoming internal links,PRESENT,PRESENT,CURRY,COMMERCIAL_RESEARCH,Diwali Gift Ideas: Curry Leaves & Tea,DATA UNAVAILABLE,URL_TITLE_INFERENCE,CURRY,DATA UNAVAILABLE,,,,,DATA UNAVAILABLE,,,,,NO,3.8,45%,LOW,7.6,INTENT_HYPOTHESIS_ONLY,LOW,IMPROVE,CLEAR,MEASURE current implementation; review after lock,Measure blog_product_click and downstream GA4 events,,INSUFFICIENT_DATA,,,NO,INSUFFICIENT_BACKLINK_DATA,,,GOOD,,PRESENT,,P2,UNKNOWN,MEASURING,2026-10-13,NO,GSC metrics are filtered views and must not be treated as total page traffic.
2026-09-15,2026-09-08 (latest available file),2026-09-15T10:39:50+00:00,dried-curry-leaves-australia-guide,https://nutrithrive.com.au/blog/dried-curry-leaves-australia-guide,https://nutrithrive.com.au/blog/dried-curry-leaves-australia-guide,"Dried Curry Leaves Australia: Buy, Store & Use Guide (2026)",site/blog/dried-curry-leaves-australia-guide.html,tracked_content,YES,tracked HTML content,YES,NO,200,https://nutrithrive.com.au/blog/dried-curry-leaves-australia-guide,https://nutrithrive.com.au/blog/dried-curry-leaves-australia-guide,https://nutrithrive.com.au/blog/dried-curry-leaves-australia-guide,YES,,"index, follow",YES,PRESENT,22 incoming internal links,PRESENT,PRESENT,CURRY,COMMERCIAL_RESEARCH,"Dried Curry Leaves Australia: Buy, Store & Use Guide (2026)",DATA UNAVAILABLE,URL_TITLE_INFERENCE,CURRY,DATA UNAVAILABLE,,,,,DATA UNAVAILABLE,,,,,NO,3.6,45%,LOW,7.4,INTENT_HYPOTHESIS_ONLY,LOW,IMPROVE,REVIEW_REQUIRED,MEASURE current implementation; review after lock,Measure blog_product_click and downstream GA4 events,,INSUFFICIENT_DATA,,,NO,INSUFFICIENT_BACKLINK_DATA,,,GOOD,,PRESENT,,P2,UNKNOWN,MEASURING,2026-10-13,YES,GSC metrics are filtered views and must not be treated as total page traffic.
2026-09-15,2026-09-08 (latest available file),2026-09-15T10:39:50+00:00,fathers-day-gift-under-40,https://nutrithrive.com.au/blog/fathers-day-gift-under-40,https://nutrithrive.com.au/products/gift-pack,Page moved | NutriThrive,site/blog/fathers-day-gift-under-40.html,tracked_content,YES,tracked HTML content,YES,NO,301,https://nutrithrive.com.au/products/gift-pack,https://nutrithrive.com.au/products/gift-pack,https://nutrithrive.com.au/products/gift-pack,NO,,"index, follow",YES,ABSENT,0 incoming internal links,ABSENT,PRESENT,COMBO_GIFT,INFORMATIONAL,Page moved | NutriThrive,DATA UNAVAILABLE,URL_TITLE_INFERENCE,COMBO_GIFT,DATA UNAVAILABLE,,,,,DATA UNAVAILABLE,,,,,NO,3.0,45%,LOW,6.7,INTENT_HYPOTHESIS_ONLY,LOW,CONSOLIDATE,CLEAR,Preserve redirect; do not index source,Measure blog_product_click and downstream GA4 events,,INSUFFICIENT_DATA,https://nutrithrive.com.au/products/gift-pack,https://nutrithrive.com.au/products/gift-pack,NO,INSUFFICIENT_BACKLINK_DATA,,,WEAK,,MISSING,,P3,UNKNOWN,LOCKED,2026-10-13,YES,GSC metrics are filtered views and must not be treated as total page traffic.
2026-09-15,2026-09-08 (latest available file),2026-09-15T10:39:50+00:00,fibre-deficiency-australia-bowel-cancer-risk-2026,https://nutrithrive.com.au/blog/fibre-deficiency-australia-bowel-cancer-risk-2026,https://nutrithrive.com.au/blog/fibre-deficiency-australia-bowel-cancer-risk-2026,Fibre Deficiency in Australia: The Cancer Risk Most People,site/blog/fibre-deficiency-australia-bowel-cancer-risk-2026.html,tracked_content,YES,tracked HTML content,YES,NO,200,https://nutrithrive.com.au/blog/fibre-deficiency-australia-bowel-cancer-risk-2026,https://nutrithrive.com.au/blog/fibre-deficiency-australia-bowel-cancer-risk-2026,https://nutrithrive.com.au/blog/fibre-deficiency-australia-bowel-cancer-risk-2026,YES,,"index, follow",YES,PRESENT,10 incoming internal links,PRESENT,PRESENT,GENERAL,BROAD_WEAK_ALIGNMENT,Fibre Deficiency in Australia: The Cancer Risk Most People,DATA UNAVAILABLE,URL_TITLE_INFERENCE,GENERAL,DATA UNAVAILABLE,,,,,DATA UNAVAILABLE,,,,,NO,2.0,45%,LOW,4.0,INTENT_HYPOTHESIS_ONLY,LOW,LOW_PRIORITY,BLOCKED_PENDING_REVIEW,No active work,Measure blog_product_click and downstream GA4 events,,INSUFFICIENT_DATA,,,NO,INSUFFICIENT_BACKLINK_DATA,,,GOOD,,PRESENT,,P3,UNKNOWN,MEASURING,2026-10-13,YES,GSC metrics are filtered views and must not be treated as total page traffic.
2026-09-15,2026-09-08 (latest available file),2026-09-15T10:39:50+00:00,fresh-vs-dried-curry-leaves-cooking-comparison-2026,https://nutrithrive.com.au/blog/fresh-vs-dried-curry-leaves-cooking-comparison-2026,https://nutrithrive.com.au/blog/fresh-vs-dried-curry-leaves-cooking-comparison-2026,"Fresh vs Dried Curry Leaves: Taste, Use & Storage",site/blog/fresh-vs-dried-curry-leaves-cooking-comparison-2026.html,tracked_content,YES,tracked HTML content,YES,NO,200,https://nutrithrive.com.au/blog/fresh-vs-dried-curry-leaves-cooking-comparison-2026,https://nutrithrive.com.au/blog/fresh-vs-dried-curry-leaves-cooking-comparison-2026,https://nutrithrive.com.au/blog/fresh-vs-dried-curry-leaves-cooking-comparison-2026,YES,,"index, follow",YES,PRESENT,15 incoming internal links,PRESENT,PRESENT,CURRY,COMPARISON,"Fresh vs Dried Curry Leaves: Taste, Use & Storage",DATA UNAVAILABLE,URL_TITLE_INFERENCE,CURRY,nutrithrive.com.au-Performance-on-Search-2026-09-08.xlsx (3-month question-filtered view),0.0,5.0,0.0,4.8,nutrithrive.com.au-Performance-on-Search-2026-09-08 (1).xlsx (12-month commercial-filtered view),0.0,9.0,0.0,3.44,NO,6.2,65%,MEDIUM,7.6,INTENT_HYPOTHESIS_ONLY,LOW,IMPROVE,CLEAR,MEASURE current implementation; review after lock,Measure blog_product_click and downstream GA4 events,,INSUFFICIENT_DATA,,,NO,INSUFFICIENT_BACKLINK_DATA,,,GOOD,,PRESENT,,P2,UNKNOWN,MEASURING,2026-10-13,NO,GSC metrics are filtered views and must not be treated as total page traffic.
2026-09-15,2026-09-08 (latest available file),2026-09-15T10:39:50+00:00,glp-1-ozempic-nutrition-gaps-what-to-eat-2026,https://nutrithrive.com.au/blog/glp-1-ozempic-nutrition-gaps-what-to-eat-2026,https://nutrithrive.com.au/blog/glp-1-ozempic-nutrition-gaps-what-to-eat-2026,GLP-1 / Ozempic: Closing the Nutrition Gaps,site/blog/glp-1-ozempic-nutrition-gaps-what-to-eat-2026.html,tracked_content,YES,tracked HTML content,YES,NO,200,https://nutrithrive.com.au/blog/glp-1-ozempic-nutrition-gaps-what-to-eat-2026,https://nutrithrive.com.au/blog/glp-1-ozempic-nutrition-gaps-what-to-eat-2026,https://nutrithrive.com.au/blog/glp-1-ozempic-nutrition-gaps-what-to-eat-2026,YES,,"index, follow",YES,PRESENT,7 incoming internal links,PRESENT,PRESENT,GENERAL,PROBLEM_SOLVING,GLP-1 / Ozempic: Closing the Nutrition Gaps,DATA UNAVAILABLE,URL_TITLE_INFERENCE,GENERAL,nutrithrive.com.au-Performance-on-Search-2026-09-08.xlsx (3-month question-filtered view),0.0,11.0,0.0,11.91,DATA UNAVAILABLE,,,,,NO,5.8,65%,MEDIUM,4.0,INTENT_HYPOTHESIS_ONLY,LOW,IMPROVE,BLOCKED_PENDING_REVIEW,MEASURE current implementation; review after lock,Measure blog_product_click and downstream GA4 events,,INSUFFICIENT_DATA,,,NO,INSUFFICIENT_BACKLINK_DATA,,,GOOD,,PRESENT,,P2,UNKNOWN,MEASURING,2026-10-13,YES,GSC metrics are filtered views and must not be treated as total page traffic.
2026-09-15,2026-09-08 (latest available file),2026-09-15T10:39:50+00:00,grow-moringa-tree-australia,https://nutrithrive.com.au/blog/grow-moringa-tree-australia,https://nutrithrive.com.au/blog/grow-moringa-tree-australia,Grow a Moringa Tree in Australia: Pots & Climate Guide,site/blog/grow-moringa-tree-australia.html,tracked_content,YES,tracked HTML content,YES,NO,200,https://nutrithrive.com.au/blog/grow-moringa-tree-australia,https://nutrithrive.com.au/blog/grow-moringa-tree-australia,https://nutrithrive.com.au/blog/grow-moringa-tree-australia,YES,,"index, follow",YES,PRESENT,6 incoming internal links,PRESENT,PRESENT,MORINGA,COMMERCIAL_RESEARCH,Grow a Moringa Tree in Australia: Pots & Climate Guide,DATA UNAVAILABLE,URL_TITLE_INFERENCE,MORINGA,nutrithrive.com.au-Performance-on-Search-2026-09-08.xlsx (3-month question-filtered view),4.0,227.0,0.0176,8.66,nutrithrive.com.au-Performance-on-Search-2026-09-08 (1).xlsx (12-month commercial-filtered view),1.0,67.0,0.0149,7.58,NO,7.8,65%,MEDIUM,8.0,INTENT_HYPOTHESIS_ONLY,LOW,IMPROVE,REVIEW_REQUIRED,MEASURE current implementation; review after lock,Measure blog_product_click and downstream GA4 events,,INSUFFICIENT_DATA,,,NO,INSUFFICIENT_BACKLINK_DATA,,,GOOD,,PRESENT,,P2,UNKNOWN,MEASURING,2026-10-13,YES,GSC metrics are filtered views and must not be treated as total page traffic.
2026-09-15,2026-09-08 (latest available file),2026-09-15T10:39:50+00:00,gut-brain-connection-digestion-mood-mental-health-2026,https://nutrithrive.com.au/blog/gut-brain-connection-digestion-mood-mental-health-2026,https://nutrithrive.com.au/blog/gut-brain-connection-digestion-mood-mental-health-2026,The Gut-Brain Connection. Why Your Digestion Affects Your,site/blog/gut-brain-connection-digestion-mood-mental-health-2026.html,tracked_content,YES,tracked HTML content,YES,NO,200,https://nutrithrive.com.au/blog/gut-brain-connection-digestion-mood-mental-health-2026,https://nutrithrive.com.au/blog/gut-brain-connection-digestion-mood-mental-health-2026,https://nutrithrive.com.au/blog/gut-brain-connection-digestion-mood-mental-health-2026,YES,,"index, follow",YES,PRESENT,8 incoming internal links,PRESENT,PRESENT,GENERAL,BROAD_WEAK_ALIGNMENT,The Gut-Brain Connection. Why Your Digestion Affects Your,DATA UNAVAILABLE,URL_TITLE_INFERENCE,GENERAL,DATA UNAVAILABLE,,,,,DATA UNAVAILABLE,,,,,NO,2.2,45%,LOW,4.2,INTENT_HYPOTHESIS_ONLY,LOW,LOW_PRIORITY,REVIEW_REQUIRED,No active work,Measure blog_product_click and downstream GA4 events,,INSUFFICIENT_DATA,,,NO,INSUFFICIENT_BACKLINK_DATA,,,GOOD,,PRESENT,,P3,UNKNOWN,MEASURING,2026-10-13,YES,GSC metrics are filtered views and must not be treated as total page traffic.
2026-09-15,2026-09-08 (latest available file),2026-09-15T10:39:50+00:00,high-protein-moringa-recipes-australia-2026,https://nutrithrive.com.au/blog/high-protein-moringa-recipes-australia-2026,https://nutrithrive.com.au/blog/high-protein-moringa-recipes-australia-2026,10 High-Protein Moringa Recipes,site/blog/high-protein-moringa-recipes-australia-2026.html,tracked_content,YES,tracked HTML content,YES,NO,200,https://nutrithrive.com.au/blog/high-protein-moringa-recipes-australia-2026,https://nutrithrive.com.au/blog/high-protein-moringa-recipes-australia-2026,https://nutrithrive.com.au/blog/high-protein-moringa-recipes-australia-2026,YES,,"index, follow",YES,PRESENT,5 incoming internal links,PRESENT,PRESENT,MORINGA,PROBLEM_SOLVING,10 High-Protein Moringa Recipes,DATA UNAVAILABLE,URL_TITLE_INFERENCE,MORINGA,DATA UNAVAILABLE,,,,,DATA UNAVAILABLE,,,,,NO,3.6,45%,LOW,7.4,INTENT_HYPOTHESIS_ONLY,LOW,IMPROVE,REVIEW_REQUIRED,MEASURE current implementation; review after lock,Measure blog_product_click and downstream GA4 events,,INSUFFICIENT_DATA,,,NO,INSUFFICIENT_BACKLINK_DATA,,,GOOD,,PRESENT,,P2,UNKNOWN,MEASURING,2026-10-13,YES,GSC metrics are filtered views and must not be treated as total page traffic.
2026-09-15,2026-09-08 (latest available file),2026-09-15T10:39:50+00:00,how-long-does-moringa-powder-last-storage-shelf-life-2026,https://nutrithrive.com.au/blog/how-long-does-moringa-powder-last-storage-shelf-life-2026,https://nutrithrive.com.au/blog/how-long-does-moringa-powder-last-storage-shelf-life-2026,Does Moringa Powder Expire? Shelf Life in Australia,site/blog/how-long-does-moringa-powder-last-storage-shelf-life-2026.html,tracked_content,YES,tracked HTML content,YES,NO,200,https://nutrithrive.com.au/blog/how-long-does-moringa-powder-last-storage-shelf-life-2026,https://nutrithrive.com.au/blog/how-long-does-moringa-powder-last-storage-shelf-life-2026,https://nutrithrive.com.au/blog/how-long-does-moringa-powder-last-storage-shelf-life-2026,YES,,"index, follow",YES,PRESENT,19 incoming internal links,PRESENT,PRESENT,MORINGA,COMPARISON,Does Moringa Powder Expire? Shelf Life in Australia,DATA UNAVAILABLE,URL_TITLE_INFERENCE,MORINGA,nutrithrive.com.au-Performance-on-Search-2026-09-08.xlsx (3-month question-filtered view),5.0,868.0,0.0058,4.35,nutrithrive.com.au-Performance-on-Search-2026-09-08 (1).xlsx (12-month commercial-filtered view),0.0,2.0,0.0,3.0,NO,8.8,65%,MEDIUM,8.4,INTENT_HYPOTHESIS_ONLY,LOW,PROTECT,CLEAR,MEASURE current implementation; review after lock,Measure blog_product_click and downstream GA4 events,,INSUFFICIENT_DATA,,,NO,INSUFFICIENT_BACKLINK_DATA,,,GOOD,,PRESENT,,P1,UNKNOWN,MEASURING,2026-10-13,NO,GSC metrics are filtered views and must not be treated as total page traffic.
2026-09-15,2026-09-08 (latest available file),2026-09-15T10:39:50+00:00,how-much-caffeine-in-darjeeling-tea-vs-coffee-green-tea-2026,https://nutrithrive.com.au/blog/how-much-caffeine-in-darjeeling-tea-vs-coffee-green-tea-2026,https://nutrithrive.com.au/blog/how-much-caffeine-in-darjeeling-tea-vs-coffee-green-tea-2026,How Much Caffeine in Darjeeling Tea vs Coffee (Australia),site/blog/how-much-caffeine-in-darjeeling-tea-vs-coffee-green-tea-2026.html,tracked_content,YES,tracked HTML content,YES,NO,200,https://nutrithrive.com.au/blog/how-much-caffeine-in-darjeeling-tea-vs-coffee-green-tea-2026,https://nutrithrive.com.au/blog/how-much-caffeine-in-darjeeling-tea-vs-coffee-green-tea-2026,https://nutrithrive.com.au/blog/how-much-caffeine-in-darjeeling-tea-vs-coffee-green-tea-2026,YES,,"index, follow",YES,PRESENT,28 incoming internal links,PRESENT,PRESENT,DARJEELING,COMPARISON,How Much Caffeine in Darjeeling Tea vs Coffee (Australia),DATA UNAVAILABLE,URL_TITLE_INFERENCE,DARJEELING,nutrithrive.com.au-Performance-on-Search-2026-09-08.xlsx (3-month question-filtered view),0.0,10.0,0.0,5.1,DATA UNAVAILABLE,,,,,NO,7.7,65%,MEDIUM,7.4,INTENT_HYPOTHESIS_ONLY,LOW,IMPROVE,REVIEW_REQUIRED,MEASURE current implementation; review after lock,Measure blog_product_click and downstream GA4 events,,INSUFFICIENT_DATA,,,NO,INSUFFICIENT_BACKLINK_DATA,,,GOOD,,PRESENT,,P2,UNKNOWN,MEASURING,2026-10-13,YES,GSC metrics are filtered views and must not be treated as total page traffic.
2026-09-15,2026-09-08 (latest available file),2026-09-15T10:39:50+00:00,how-much-caffeine-safe-per-day-australia-fsanz-2026,https://nutrithrive.com.au/blog/how-much-caffeine-safe-per-day-australia-fsanz-2026,https://nutrithrive.com.au/blog/how-much-caffeine-safe-per-day-australia-fsanz-2026,How Much Caffeine Per Day in Australia? FSANZ Guide,site/blog/how-much-caffeine-safe-per-day-australia-fsanz-2026.html,tracked_content,YES,tracked HTML content,YES,NO,200,https://nutrithrive.com.au/blog/how-much-caffeine-safe-per-day-australia-fsanz-2026,https://nutrithrive.com.au/blog/how-much-caffeine-safe-per-day-australia-fsanz-2026,https://nutrithrive.com.au/blog/how-much-caffeine-safe-per-day-australia-fsanz-2026,YES,,"index, follow",YES,PRESENT,8 incoming internal links,PRESENT,PRESENT,NONE,COMPARISON,How Much Caffeine Per Day in Australia? FSANZ Guide,DATA UNAVAILABLE,URL_TITLE_INFERENCE,NONE,nutrithrive.com.au-Performance-on-Search-2026-09-08.xlsx (3-month question-filtered view),0.0,20.0,0.0,23.9,nutrithrive.com.au-Performance-on-Search-2026-09-08 (1).xlsx (12-month commercial-filtered view),0.0,9.0,0.0,34.67,NO,5.5,65%,MEDIUM,4.3,INTENT_HYPOTHESIS_ONLY,LOW,IMPROVE,REVIEW_REQUIRED,MEASURE current implementation; review after lock,Measure blog_product_click and downstream GA4 events,,INSUFFICIENT_DATA,,,NO,INSUFFICIENT_BACKLINK_DATA,,,GOOD,,PRESENT,,P2,UNKNOWN,MEASURING,2026-10-13,YES,GSC metrics are filtered views and must not be treated as total page traffic.
2026-09-15,2026-09-08 (latest available file),2026-09-15T10:39:50+00:00,how-much-protein-australian-women-need-honest-guide-2026,https://nutrithrive.com.au/blog/how-much-protein-australian-women-need-honest-guide-2026,https://nutrithrive.com.au/blog/how-much-protein-australian-women-need-honest-guide-2026,How Much Protein Do Australian Women Actually Need?,site/blog/how-much-protein-australian-women-need-honest-guide-2026.html,tracked_content,YES,tracked HTML content,YES,NO,200,https://nutrithrive.com.au/blog/how-much-protein-australian-women-need-honest-guide-2026,https://nutrithrive.com.au/blog/how-much-protein-australian-women-need-honest-guide-2026,https://nutrithrive.com.au/blog/how-much-protein-australian-women-need-honest-guide-2026,YES,,"index, follow",YES,PRESENT,9 incoming internal links,PRESENT,PRESENT,GENERAL,PROBLEM_SOLVING,How Much Protein Do Australian Women Actually Need?,DATA UNAVAILABLE,URL_TITLE_INFERENCE,GENERAL,DATA UNAVAILABLE,,,,,DATA UNAVAILABLE,,,,,NO,2.5,45%,LOW,4.2,INTENT_HYPOTHESIS_ONLY,LOW,IMPROVE,REVIEW_REQUIRED,MEASURE current implementation; review after lock,Measure blog_product_click and downstream GA4 events,,INSUFFICIENT_DATA,,,NO,INSUFFICIENT_BACKLINK_DATA,,,GOOD,,PRESENT,,P2,UNKNOWN,MEASURING,2026-10-13,YES,GSC metrics are filtered views and must not be treated as total page traffic.
2026-09-15,2026-09-08 (latest available file),2026-09-15T10:39:50+00:00,how-much-water-per-day-australians-honest-guide-2026,https://nutrithrive.com.au/blog/how-much-water-per-day-australians-honest-guide-2026,https://nutrithrive.com.au/blog/how-much-water-per-day-australians-honest-guide-2026,How Much Water Should You Actually Drink Per Day?,site/blog/how-much-water-per-day-australians-honest-guide-2026.html,tracked_content,YES,tracked HTML content,YES,NO,200,https://nutrithrive.com.au/blog/how-much-water-per-day-australians-honest-guide-2026,https://nutrithrive.com.au/blog/how-much-water-per-day-australians-honest-guide-2026,https://nutrithrive.com.au/blog/how-much-water-per-day-australians-honest-guide-2026,YES,,"index, follow",YES,PRESENT,7 incoming internal links,PRESENT,PRESENT,GENERAL,BROAD_WEAK_ALIGNMENT,How Much Water Should You Actually Drink Per Day?,DATA UNAVAILABLE,URL_TITLE_INFERENCE,GENERAL,nutrithrive.com.au-Performance-on-Search-2026-09-08.xlsx (3-month question-filtered view),0.0,2.0,0.0,39.5,nutrithrive.com.au-Performance-on-Search-2026-09-08 (1).xlsx (12-month commercial-filtered view),0.0,1.0,0.0,67.0,NO,4.7,65%,MEDIUM,3.9,INTENT_HYPOTHESIS_ONLY,LOW,LOW_PRIORITY,REVIEW_REQUIRED,No active work,Measure blog_product_click and downstream GA4 events,,INSUFFICIENT_DATA,,,NO,INSUFFICIENT_BACKLINK_DATA,,,GOOD,,PRESENT,,P3,UNKNOWN,MEASURING,2026-10-13,YES,GSC metrics are filtered views and must not be treated as total page traffic.
2026-09-15,2026-09-08 (latest available file),2026-09-15T10:39:50+00:00,how-to-add-moringa-to-diet,https://nutrithrive.com.au/blog/how-to-add-moringa-to-diet,https://nutrithrive.com.au/blog/how-to-add-moringa-to-diet,"How to Use Moringa Powder Daily (Eat, Mix & Dose)",site/blog/how-to-add-moringa-to-diet.html,tracked_content,YES,tracked HTML content,YES,NO,200,https://nutrithrive.com.au/blog/how-to-add-moringa-to-diet,https://nutrithrive.com.au/blog/how-to-add-moringa-to-diet,https://nutrithrive.com.au/blog/how-to-add-moringa-to-diet,YES,,"index, follow",YES,PRESENT,109 incoming internal links,PRESENT,PRESENT,MORINGA,COMPARISON,"How to Use Moringa Powder Daily (Eat, Mix & Dose)",DATA UNAVAILABLE,URL_TITLE_INFERENCE,MORINGA,nutrithrive.com.au-Performance-on-Search-2026-09-08.xlsx (3-month question-filtered view),2.0,300.0,0.0067,28.68,nutrithrive.com.au-Performance-on-Search-2026-09-08 (1).xlsx (12-month commercial-filtered view),0.0,79.0,0.0,29.97,NO,7.1,65%,MEDIUM,8.0,INTENT_HYPOTHESIS_ONLY,LOW,IMPROVE,REVIEW_REQUIRED,MEASURE current implementation; review after lock,Measure blog_product_click and downstream GA4 events,,INSUFFICIENT_DATA,,,NO,INSUFFICIENT_BACKLINK_DATA,,,GOOD,,PRESENT,,P2,UNKNOWN,MEASURING,2026-10-13,YES,GSC metrics are filtered views and must not be treated as total page traffic.
2026-09-15,2026-09-08 (latest available file),2026-09-15T10:39:50+00:00,how-to-age-well-in-your-40s-healthy-ageing-australia-2026,https://nutrithrive.com.au/blog/how-to-age-well-in-your-40s-healthy-ageing-australia-2026,https://nutrithrive.com.au/blog/how-to-age-well-in-your-40s-healthy-ageing-australia-2026,How to Age Well in Your 40s: The Habits That Will Matter in,site/blog/how-to-age-well-in-your-40s-healthy-ageing-australia-2026.html,tracked_content,YES,tracked HTML content,YES,NO,200,https://nutrithrive.com.au/blog/how-to-age-well-in-your-40s-healthy-ageing-australia-2026,https://nutrithrive.com.au/blog/how-to-age-well-in-your-40s-healthy-ageing-australia-2026,https://nutrithrive.com.au/blog/how-to-age-well-in-your-40s-healthy-ageing-australia-2026,YES,,"index, follow",YES,PRESENT,6 incoming internal links,PRESENT,PRESENT,GENERAL,PROBLEM_SOLVING,How to Age Well in Your 40s: The Habits That Will Matter in,DATA UNAVAILABLE,URL_TITLE_INFERENCE,GENERAL,DATA UNAVAILABLE,,,,,DATA UNAVAILABLE,,,,,NO,2.5,45%,LOW,4.2,INTENT_HYPOTHESIS_ONLY,LOW,IMPROVE,REVIEW_REQUIRED,MEASURE current implementation; review after lock,Measure blog_product_click and downstream GA4 events,,INSUFFICIENT_DATA,,,NO,INSUFFICIENT_BACKLINK_DATA,,,GOOD,,PRESENT,,P2,UNKNOWN,MEASURING,2026-10-13,YES,GSC metrics are filtered views and must not be treated as total page traffic.
2026-09-15,2026-09-08 (latest available file),2026-09-15T10:39:50+00:00,how-to-balance-hormones-naturally-food-australia-2026,https://nutrithrive.com.au/blog/how-to-balance-hormones-naturally-food-australia-2026,https://nutrithrive.com.au/blog/how-to-balance-hormones-naturally-food-australia-2026,How to Balance Hormones Naturally: Food & Evidence,site/blog/how-to-balance-hormones-naturally-food-australia-2026.html,tracked_content,YES,tracked HTML content,YES,NO,200,https://nutrithrive.com.au/blog/how-to-balance-hormones-naturally-food-australia-2026,https://nutrithrive.com.au/blog/how-to-balance-hormones-naturally-food-australia-2026,https://nutrithrive.com.au/blog/how-to-balance-hormones-naturally-food-australia-2026,YES,,"index, follow",YES,PRESENT,6 incoming internal links,PRESENT,PRESENT,GENERAL,PROBLEM_SOLVING,How to Balance Hormones Naturally: Food & Evidence,DATA UNAVAILABLE,URL_TITLE_INFERENCE,GENERAL,DATA UNAVAILABLE,,,,,DATA UNAVAILABLE,,,,,NO,2.2,45%,LOW,4.0,INTENT_HYPOTHESIS_ONLY,LOW,IMPROVE,BLOCKED_PENDING_REVIEW,MEASURE current implementation; review after lock,Measure blog_product_click and downstream GA4 events,,INSUFFICIENT_DATA,,,NO,INSUFFICIENT_BACKLINK_DATA,,,GOOD,,PRESENT,,P2,UNKNOWN,MEASURING,2026-10-13,YES,GSC metrics are filtered views and must not be treated as total page traffic.
2026-09-15,2026-09-08 (latest available file),2026-09-15T10:39:50+00:00,how-to-brew-darjeeling-tea-perfectly-2026,https://nutrithrive.com.au/blog/how-to-brew-darjeeling-tea-perfectly-2026,https://nutrithrive.com.au/blog/how-to-brew-darjeeling-tea-perfectly-2026,How to Brew Darjeeling Tea Perfectly,site/blog/how-to-brew-darjeeling-tea-perfectly-2026.html,tracked_content,YES,tracked HTML content,YES,NO,200,https://nutrithrive.com.au/blog/how-to-brew-darjeeling-tea-perfectly-2026,https://nutrithrive.com.au/blog/how-to-brew-darjeeling-tea-perfectly-2026,https://nutrithrive.com.au/blog/how-to-brew-darjeeling-tea-perfectly-2026,YES,,"index, follow",YES,PRESENT,20 incoming internal links,PRESENT,PRESENT,DARJEELING,PROBLEM_SOLVING,How to Brew Darjeeling Tea Perfectly,DATA UNAVAILABLE,URL_TITLE_INFERENCE,DARJEELING,nutrithrive.com.au-Performance-on-Search-2026-09-08.xlsx (3-month question-filtered view),0.0,3.0,0.0,26.0,DATA UNAVAILABLE,,,,,NO,6.4,65%,MEDIUM,7.4,INTENT_HYPOTHESIS_ONLY,LOW,IMPROVE,CLEAR,MEASURE current implementation; review after lock,Measure blog_product_click and downstream GA4 events,,INSUFFICIENT_DATA,,,NO,INSUFFICIENT_BACKLINK_DATA,,,GOOD,,PRESENT,,P2,UNKNOWN,MEASURING,2026-10-13,NO,GSC metrics are filtered views and must not be treated as total page traffic.
2026-09-15,2026-09-08 (latest available file),2026-09-15T10:39:50+00:00,how-to-build-balanced-plate-no-calorie-counting-2026,https://nutrithrive.com.au/blog/how-to-build-balanced-plate-no-calorie-counting-2026,https://nutrithrive.com.au/blog/how-to-build-balanced-plate-no-calorie-counting-2026,How to Build a Balanced Plate at Every Meal (No Calorie,site/blog/how-to-build-balanced-plate-no-calorie-counting-2026.html,tracked_content,YES,tracked HTML content,YES,NO,200,https://nutrithrive.com.au/blog/how-to-build-balanced-plate-no-calorie-counting-2026,https://nutrithrive.com.au/blog/how-to-build-balanced-plate-no-calorie-counting-2026,https://nutrithrive.com.au/blog/how-to-build-balanced-plate-no-calorie-counting-2026,YES,,"index, follow",YES,PRESENT,6 incoming internal links,PRESENT,PRESENT,GENERAL,COMPARISON,How to Build a Balanced Plate at Every Meal (No Calorie,DATA UNAVAILABLE,URL_TITLE_INFERENCE,GENERAL,DATA UNAVAILABLE,,,,,DATA UNAVAILABLE,,,,,NO,2.5,45%,LOW,4.2,INTENT_HYPOTHESIS_ONLY,LOW,IMPROVE,REVIEW_REQUIRED,MEASURE current implementation; review after lock,Measure blog_product_click and downstream GA4 events,,INSUFFICIENT_DATA,,,NO,INSUFFICIENT_BACKLINK_DATA,,,GOOD,,PRESENT,,P2,UNKNOWN,MEASURING,2026-10-13,YES,GSC metrics are filtered views and must not be treated as total page traffic.
2026-09-15,2026-09-08 (latest available file),2026-09-15T10:39:50+00:00,how-to-choose-moringa-powder-australia-2026,https://nutrithrive.com.au/blog/how-to-choose-moringa-powder-australia-2026,https://nutrithrive.com.au/blog/how-to-choose-moringa-powder-australia-2026,How to Choose Moringa Powder in Australia | Lab Checklist,site/blog/how-to-choose-moringa-powder-australia-2026.html,tracked_content,YES,tracked HTML content,YES,NO,200,https://nutrithrive.com.au/blog/how-to-choose-moringa-powder-australia-2026,https://nutrithrive.com.au/blog/how-to-choose-moringa-powder-australia-2026,https://nutrithrive.com.au/blog/how-to-choose-moringa-powder-australia-2026,YES,,"index, follow",YES,PRESENT,87 incoming internal links,PRESENT,PRESENT,MORINGA,COMPARISON,How to Choose Moringa Powder in Australia | Lab Checklist,DATA UNAVAILABLE,URL_TITLE_INFERENCE,MORINGA,nutrithrive.com.au-Performance-on-Search-2026-09-08.xlsx (3-month question-filtered view),0.0,4.0,0.0,8.0,nutrithrive.com.au-Performance-on-Search-2026-09-08 (1).xlsx (12-month commercial-filtered view),0.0,42.0,0.0,19.24,NO,7.6,65%,MEDIUM,7.8,INTENT_HYPOTHESIS_ONLY,LOW,IMPROVE,CLEAR,MEASURE current implementation; review after lock,Measure blog_product_click and downstream GA4 events,,INSUFFICIENT_DATA,,,NO,INSUFFICIENT_BACKLINK_DATA,,,GOOD,,PRESENT,,P2,UNKNOWN,MEASURING,2026-10-13,NO,GSC metrics are filtered views and must not be treated as total page traffic.
2026-09-15,2026-09-08 (latest available file),2026-09-15T10:39:50+00:00,how-to-eat-more-vegetables-practical-guide-australia-2026,https://nutrithrive.com.au/blog/how-to-eat-more-vegetables-practical-guide-australia-2026,https://nutrithrive.com.au/blog/how-to-eat-more-vegetables-practical-guide-australia-2026,How to Eat More Vegetables Without Changing Your Whole Diet,site/blog/how-to-eat-more-vegetables-practical-guide-australia-2026.html,tracked_content,YES,tracked HTML content,YES,NO,200,https://nutrithrive.com.au/blog/how-to-eat-more-vegetables-practical-guide-australia-2026,https://nutrithrive.com.au/blog/how-to-eat-more-vegetables-practical-guide-australia-2026,https://nutrithrive.com.au/blog/how-to-eat-more-vegetables-practical-guide-australia-2026,YES,,"index, follow",YES,PRESENT,17 incoming internal links,PRESENT,PRESENT,GENERAL,PROBLEM_SOLVING,How to Eat More Vegetables Without Changing Your Whole Diet,DATA UNAVAILABLE,URL_TITLE_INFERENCE,GENERAL,DATA UNAVAILABLE,,,,,DATA UNAVAILABLE,,,,,NO,2.5,45%,LOW,4.2,INTENT_HYPOTHESIS_ONLY,LOW,IMPROVE,REVIEW_REQUIRED,MEASURE current implementation; review after lock,Measure blog_product_click and downstream GA4 events,,INSUFFICIENT_DATA,,,NO,INSUFFICIENT_BACKLINK_DATA,,,GOOD,,PRESENT,,P2,UNKNOWN,MEASURING,2026-10-13,YES,GSC metrics are filtered views and must not be treated as total page traffic.
2026-09-15,2026-09-08 (latest available file),2026-09-15T10:39:50+00:00,how-to-make-moringa-tea-recipes-2026,https://nutrithrive.com.au/blog/how-to-make-moringa-tea-recipes-2026,https://nutrithrive.com.au/blog/how-to-make-moringa-tea-recipes-2026,How to Make Moringa Tea (3 Easy Recipes),site/blog/how-to-make-moringa-tea-recipes-2026.html,tracked_content,YES,tracked HTML content,YES,NO,200,https://nutrithrive.com.au/blog/how-to-make-moringa-tea-recipes-2026,https://nutrithrive.com.au/blog/how-to-make-moringa-tea-recipes-2026,https://nutrithrive.com.au/blog/how-to-make-moringa-tea-recipes-2026,YES,,"index, follow",YES,PRESENT,28 incoming internal links,PRESENT,PRESENT,MORINGA,PROBLEM_SOLVING,How to Make Moringa Tea (3 Easy Recipes),DATA UNAVAILABLE,URL_TITLE_INFERENCE,MORINGA,nutrithrive.com.au-Performance-on-Search-2026-09-08.xlsx (3-month question-filtered view),0.0,4.0,0.0,8.5,DATA UNAVAILABLE,,,,,NO,7.7,65%,MEDIUM,7.4,INTENT_HYPOTHESIS_ONLY,LOW,IMPROVE,CLEAR,MEASURE current implementation; review after lock,Measure blog_product_click and downstream GA4 events,,INSUFFICIENT_DATA,,,NO,INSUFFICIENT_BACKLINK_DATA,,,GOOD,,PRESENT,,P2,UNKNOWN,MEASURING,2026-10-13,NO,GSC metrics are filtered views and must not be treated as total page traffic.
2026-09-15,2026-09-08 (latest available file),2026-09-15T10:39:50+00:00,how-to-read-a-soap-ingredient-label,https://nutrithrive.com.au/blog/how-to-read-a-soap-ingredient-label,https://nutrithrive.com.au/blog/how-to-read-a-soap-ingredient-label,How to Read a Soap Ingredient Label,site/blog/how-to-read-a-soap-ingredient-label.html,tracked_content,YES,tracked HTML content,YES,NO,200,https://nutrithrive.com.au/blog/how-to-read-a-soap-ingredient-label,https://nutrithrive.com.au/blog/how-to-read-a-soap-ingredient-label,https://nutrithrive.com.au/blog/how-to-read-a-soap-ingredient-label,YES,,"index, follow",YES,PRESENT,10 incoming internal links,PRESENT,PRESENT,SOAP,PROBLEM_SOLVING,How to Read a Soap Ingredient Label,DATA UNAVAILABLE,URL_TITLE_INFERENCE,SOAP,DATA UNAVAILABLE,,,,,DATA UNAVAILABLE,,,,,NO,3.8,45%,LOW,7.6,INTENT_HYPOTHESIS_ONLY,LOW,IMPROVE,CLEAR,MEASURE current implementation; review after lock,Measure blog_product_click and downstream GA4 events,,INSUFFICIENT_DATA,,,NO,INSUFFICIENT_BACKLINK_DATA,,,GOOD,,PRESENT,,P2,UNKNOWN,MEASURING,2026-10-13,NO,GSC metrics are filtered views and must not be treated as total page traffic.
2026-09-15,2026-09-08 (latest available file),2026-09-15T10:39:50+00:00,how-to-read-moringa-batch-codes-freshness,https://nutrithrive.com.au/blog/how-to-read-moringa-batch-codes-freshness,https://nutrithrive.com.au/blog/how-to-read-moringa-batch-codes-freshness,How to Read a Moringa Batch Code | Freshness Check Australia,site/blog/how-to-read-moringa-batch-codes-freshness.html,tracked_content,YES,tracked HTML content,YES,NO,200,https://nutrithrive.com.au/blog/how-to-read-moringa-batch-codes-freshness,https://nutrithrive.com.au/blog/how-to-read-moringa-batch-codes-freshness,https://nutrithrive.com.au/blog/how-to-read-moringa-batch-codes-freshness,YES,,"index, follow",YES,PRESENT,12 incoming internal links,PRESENT,PRESENT,MORINGA,COMMERCIAL_RESEARCH,How to Read a Moringa Batch Code | Freshness Check Australia,DATA UNAVAILABLE,URL_TITLE_INFERENCE,MORINGA,DATA UNAVAILABLE,,,,,nutrithrive.com.au-Performance-on-Search-2026-09-08 (1).xlsx (12-month commercial-filtered view),0.0,3.0,0.0,9.67,NO,7.6,65%,MEDIUM,7.4,INTENT_HYPOTHESIS_ONLY,LOW,IMPROVE,CLEAR,MEASURE current implementation; review after lock,Measure blog_product_click and downstream GA4 events,,INSUFFICIENT_DATA,,,NO,INSUFFICIENT_BACKLINK_DATA,,,GOOD,,PRESENT,,P2,UNKNOWN,MEASURING,2026-10-13,NO,GSC metrics are filtered views and must not be treated as total page traffic.
2026-09-15,2026-09-08 (latest available file),2026-09-15T10:39:50+00:00,how-to-store-curry-leaves-fresh-dried-australia-2026,https://nutrithrive.com.au/blog/how-to-store-curry-leaves-fresh-dried-australia-2026,https://nutrithrive.com.au/blog/how-to-store-curry-leaves-fresh-dried-australia-2026,How to Store Curry Leaves (Fresh & Dried),site/blog/how-to-store-curry-leaves-fresh-dried-australia-2026.html,tracked_content,YES,tracked HTML content,YES,NO,200,https://nutrithrive.com.au/blog/how-to-store-curry-leaves-fresh-dried-australia-2026,https://nutrithrive.com.au/blog/how-to-store-curry-leaves-fresh-dried-australia-2026,https://nutrithrive.com.au/blog/how-to-store-curry-leaves-fresh-dried-australia-2026,YES,,"index, follow",YES,PRESENT,19 incoming internal links,PRESENT,PRESENT,CURRY,COMPARISON,How to Store Curry Leaves (Fresh & Dried),DATA UNAVAILABLE,URL_TITLE_INFERENCE,CURRY,nutrithrive.com.au-Performance-on-Search-2026-09-08.xlsx (3-month question-filtered view),0.0,2.0,0.0,3.5,DATA UNAVAILABLE,,,,,NO,5.9,65%,MEDIUM,7.3,INTENT_HYPOTHESIS_ONLY,LOW,IMPROVE,CLEAR,MEASURE current implementation; review after lock,Measure blog_product_click and downstream GA4 events,,INSUFFICIENT_DATA,,,NO,INSUFFICIENT_BACKLINK_DATA,,,GOOD,,PRESENT,,P2,UNKNOWN,MEASURING,2026-10-13,NO,GSC metrics are filtered views and must not be treated as total page traffic.
2026-09-15,2026-09-08 (latest available file),2026-09-15T10:39:50+00:00,how-to-strengthen-immune-system-naturally-australia-2026,https://nutrithrive.com.au/blog/how-to-strengthen-immune-system-naturally-australia-2026,https://nutrithrive.com.au/blog/how-to-strengthen-immune-system-naturally-australia-2026,How to Support Immune Health Naturally | Australia,site/blog/how-to-strengthen-immune-system-naturally-australia-2026.html,tracked_content,YES,tracked HTML content,YES,NO,200,https://nutrithrive.com.au/blog/how-to-strengthen-immune-system-naturally-australia-2026,https://nutrithrive.com.au/blog/how-to-strengthen-immune-system-naturally-australia-2026,https://nutrithrive.com.au/blog/how-to-strengthen-immune-system-naturally-australia-2026,YES,,"index, follow",YES,PRESENT,10 incoming internal links,PRESENT,PRESENT,GENERAL,PROBLEM_SOLVING,How to Support Immune Health Naturally | Australia,DATA UNAVAILABLE,URL_TITLE_INFERENCE,GENERAL,DATA UNAVAILABLE,,,,,DATA UNAVAILABLE,,,,,NO,2.5,45%,LOW,4.2,INTENT_HYPOTHESIS_ONLY,LOW,IMPROVE,REVIEW_REQUIRED,MEASURE current implementation; review after lock,Measure blog_product_click and downstream GA4 events,,INSUFFICIENT_DATA,,,NO,INSUFFICIENT_BACKLINK_DATA,,,GOOD,,PRESENT,,P2,UNKNOWN,MEASURING,2026-10-13,YES,GSC metrics are filtered views and must not be treated as total page traffic.
2026-09-15,2026-09-08 (latest available file),2026-09-15T10:39:50+00:00,iron-deficiency-australian-women-abs-real-numbers-2026,https://nutrithrive.com.au/blog/iron-deficiency-australian-women-abs-real-numbers-2026,https://nutrithrive.com.au/blog/iron-deficiency-australian-women-symptoms-plant-based-sources-2026,Guide moved | NutriThrive,site/blog/iron-deficiency-australian-women-abs-real-numbers-2026.html,tracked_content,YES,tracked HTML content,YES,NO,301,https://nutrithrive.com.au/blog/iron-deficiency-australian-women-symptoms-plant-based-sources-2026,https://nutrithrive.com.au/blog/iron-deficiency-australian-women-symptoms-plant-based-sources-2026,https://nutrithrive.com.au/blog/iron-deficiency-australian-women-symptoms-plant-based-sources-2026,NO,,"index, follow",YES,ABSENT,0 incoming internal links,ABSENT,PRESENT,NONE,BROAD_WEAK_ALIGNMENT,Guide moved | NutriThrive,DATA UNAVAILABLE,URL_TITLE_INFERENCE,NONE,DATA UNAVAILABLE,,,,,DATA UNAVAILABLE,,,,,NO,2.2,45%,LOW,3.8,INTENT_HYPOTHESIS_ONLY,LOW,CONSOLIDATE,REVIEW_REQUIRED,Preserve redirect; do not index source,None,,INSUFFICIENT_DATA,https://nutrithrive.com.au/blog/iron-deficiency-australian-women-symptoms-plant-based-sources-2026,https://nutrithrive.com.au/blog/iron-deficiency-australian-women-symptoms-plant-based-sources-2026,NO,INSUFFICIENT_BACKLINK_DATA,,,IRRELEVANT,,MISSING,,P3,UNKNOWN,LOCKED,2026-10-13,YES,GSC metrics are filtered views and must not be treated as total page traffic.
2026-09-15,2026-09-08 (latest available file),2026-09-15T10:39:50+00:00,iron-deficiency-australian-women-symptoms-plant-based-sources-2026,https://nutrithrive.com.au/blog/iron-deficiency-australian-women-symptoms-plant-based-sources-2026,https://nutrithrive.com.au/blog/iron-deficiency-australian-women-symptoms-plant-based-sources-2026,Iron Deficiency: Symptoms and Plant Sources,site/blog/iron-deficiency-australian-women-symptoms-plant-based-sources-2026.html,tracked_content,YES,tracked HTML content,YES,NO,200,https://nutrithrive.com.au/blog/iron-deficiency-australian-women-symptoms-plant-based-sources-2026,https://nutrithrive.com.au/blog/iron-deficiency-australian-women-symptoms-plant-based-sources-2026,https://nutrithrive.com.au/blog/iron-deficiency-australian-women-symptoms-plant-based-sources-2026,YES,,"index, follow",YES,PRESENT,21 incoming internal links,PRESENT,PRESENT,GENERAL,PROBLEM_SOLVING,Iron Deficiency: Symptoms and Plant Sources,DATA UNAVAILABLE,URL_TITLE_INFERENCE,GENERAL,DATA UNAVAILABLE,,,,,DATA UNAVAILABLE,,,,,NO,2.5,45%,LOW,4.2,INTENT_HYPOTHESIS_ONLY,LOW,IMPROVE,REVIEW_REQUIRED,MEASURE current implementation; review after lock,Measure blog_product_click and downstream GA4 events,,INSUFFICIENT_DATA,,,NO,INSUFFICIENT_BACKLINK_DATA,,,GOOD,,PRESENT,,P2,UNKNOWN,MEASURING,2026-10-13,YES,GSC metrics are filtered views and must not be treated as total page traffic.
2026-09-15,2026-09-08 (latest available file),2026-09-15T10:39:50+00:00,is-moringa-safe-during-pregnancy-2026,https://nutrithrive.com.au/blog/is-moringa-safe-during-pregnancy-2026,https://nutrithrive.com.au/blog/moringa-pregnancy-safe-australia-trimester-guide-2026,Guide moved | NutriThrive,site/blog/is-moringa-safe-during-pregnancy-2026.html,tracked_content,YES,tracked HTML content,YES,NO,301,https://nutrithrive.com.au/blog/moringa-pregnancy-safe-australia-trimester-guide-2026,https://nutrithrive.com.au/blog/moringa-pregnancy-safe-australia-trimester-guide-2026,https://nutrithrive.com.au/blog/moringa-pregnancy-safe-australia-trimester-guide-2026,NO,,"index, follow",YES,ABSENT,0 incoming internal links,ABSENT,ABSENT,MORINGA,INFORMATIONAL,Guide moved | NutriThrive,DATA UNAVAILABLE,URL_TITLE_INFERENCE,MORINGA,nutrithrive.com.au-Performance-on-Search-2026-09-08.xlsx (3-month question-filtered view),0.0,118.0,0.0,13.03,nutrithrive.com.au-Performance-on-Search-2026-09-08 (1).xlsx (12-month commercial-filtered view),0.0,2.0,0.0,9.0,NO,7.2,65%,MEDIUM,7.2,INTENT_HYPOTHESIS_ONLY,LOW,CONSOLIDATE,BLOCKED_PENDING_REVIEW,Preserve redirect; do not index source,None,,INSUFFICIENT_DATA,https://nutrithrive.com.au/blog/moringa-pregnancy-safe-australia-trimester-guide-2026,https://nutrithrive.com.au/blog/moringa-pregnancy-safe-australia-trimester-guide-2026,NO,INSUFFICIENT_BACKLINK_DATA,,,IRRELEVANT,forced_or_missing_product_transition,MISSING,,P3,UNKNOWN,LOCKED,2026-10-13,YES,GSC metrics are filtered views and must not be treated as total page traffic.
2026-09-15,2026-09-08 (latest available file),2026-09-15T10:39:50+00:00,is-moringa-safe-for-children-kids-dosage-2026,https://nutrithrive.com.au/blog/is-moringa-safe-for-children-kids-dosage-2026,https://nutrithrive.com.au/blog/is-moringa-safe-for-children-kids-dosage-2026,Is Moringa Safe for Kids in Australia? Dosage by Age,site/blog/is-moringa-safe-for-children-kids-dosage-2026.html,tracked_content,YES,tracked HTML content,YES,NO,200,https://nutrithrive.com.au/blog/is-moringa-safe-for-children-kids-dosage-2026,https://nutrithrive.com.au/blog/is-moringa-safe-for-children-kids-dosage-2026,https://nutrithrive.com.au/blog/is-moringa-safe-for-children-kids-dosage-2026,YES,,"index, follow",YES,PRESENT,8 incoming internal links,PRESENT,PRESENT,MORINGA,COMPARISON,Is Moringa Safe for Kids in Australia? Dosage by Age,DATA UNAVAILABLE,URL_TITLE_INFERENCE,MORINGA,nutrithrive.com.au-Performance-on-Search-2026-09-08.xlsx (3-month question-filtered view),1.0,198.0,0.0051,8.08,DATA UNAVAILABLE,,,,,NO,8.0,65%,MEDIUM,7.7,INTENT_HYPOTHESIS_ONLY,LOW,IMPROVE,BLOCKED_PENDING_REVIEW,MEASURE current implementation; review after lock,Measure blog_product_click and downstream GA4 events,,INSUFFICIENT_DATA,,,NO,INSUFFICIENT_BACKLINK_DATA,,,GOOD,,PRESENT,,P2,UNKNOWN,MEASURING,2026-10-13,YES,GSC metrics are filtered views and must not be treated as total page traffic.
2026-09-15,2026-09-08 (latest available file),2026-09-15T10:39:50+00:00,is-moringa-safe-for-dogs-benefits-dosage-australia-2026,https://nutrithrive.com.au/blog/is-moringa-safe-for-dogs-benefits-dosage-australia-2026,https://nutrithrive.com.au/blog/is-moringa-safe-for-dogs-benefits-dosage-australia-2026,Is Moringa Powder Safe for Dogs? AU Dose Checklist,site/blog/is-moringa-safe-for-dogs-benefits-dosage-australia-2026.html,tracked_content,YES,tracked HTML content,YES,NO,200,https://nutrithrive.com.au/blog/is-moringa-safe-for-dogs-benefits-dosage-australia-2026,https://nutrithrive.com.au/blog/is-moringa-safe-for-dogs-benefits-dosage-australia-2026,https://nutrithrive.com.au/blog/is-moringa-safe-for-dogs-benefits-dosage-australia-2026,YES,,"index, follow",YES,PRESENT,5 incoming internal links,PRESENT,PRESENT,MORINGA,INFORMATIONAL,Is Moringa Powder Safe for Dogs? AU Dose Checklist,DATA UNAVAILABLE,URL_TITLE_INFERENCE,MORINGA,nutrithrive.com.au-Performance-on-Search-2026-09-08.xlsx (3-month question-filtered view),0.0,108.0,0.0,11.52,DATA UNAVAILABLE,,,,,NO,7.2,65%,MEDIUM,7.6,INTENT_HYPOTHESIS_ONLY,LOW,IMPROVE,BLOCKED_PENDING_REVIEW,MEASURE current implementation; review after lock,Measure blog_product_click and downstream GA4 events,,INSUFFICIENT_DATA,,,NO,INSUFFICIENT_BACKLINK_DATA,,,GOOD,,PRESENT,,P2,UNKNOWN,MEASURING,2026-10-13,YES,GSC metrics are filtered views and must not be treated as total page traffic.
2026-09-15,2026-09-08 (latest available file),2026-09-15T10:39:50+00:00,is-moringa-worth-it-cost-value-australia-2026,https://nutrithrive.com.au/blog/is-moringa-worth-it-cost-value-australia-2026,https://nutrithrive.com.au/blog/is-moringa-worth-it-cost-value-australia-2026,Is Moringa Worth It? Cost-Per-Nutrient Breakdown for Australians,site/blog/is-moringa-worth-it-cost-value-australia-2026.html,tracked_content,YES,tracked HTML content,YES,NO,200,https://nutrithrive.com.au/blog/is-moringa-worth-it-cost-value-australia-2026,https://nutrithrive.com.au/blog/is-moringa-worth-it-cost-value-australia-2026,https://nutrithrive.com.au/blog/is-moringa-worth-it-cost-value-australia-2026,YES,,"index, follow",YES,PRESENT,9 incoming internal links,PRESENT,PRESENT,MORINGA,COMPARISON,Is Moringa Worth It? Cost-Per-Nutrient Breakdown for Australians,DATA UNAVAILABLE,URL_TITLE_INFERENCE,MORINGA,DATA UNAVAILABLE,,,,,DATA UNAVAILABLE,,,,,NO,3.6,45%,LOW,7.4,INTENT_HYPOTHESIS_ONLY,LOW,IMPROVE,REVIEW_REQUIRED,MEASURE current implementation; review after lock,Measure blog_product_click and downstream GA4 events,,INSUFFICIENT_DATA,,,NO,INSUFFICIENT_BACKLINK_DATA,,,GOOD,,PRESENT,,P2,UNKNOWN,MEASURING,2026-10-13,YES,GSC metrics are filtered views and must not be treated as total page traffic.
2026-09-15,2026-09-08 (latest available file),2026-09-15T10:39:50+00:00,longevity-foods-australia-what-to-eat-live-longer-2026,https://nutrithrive.com.au/blog/longevity-foods-australia-what-to-eat-live-longer-2026,https://nutrithrive.com.au/blog/longevity-foods-australia-what-to-eat-live-longer-2026,Longevity Foods: What Australians Should Eat Every Day to,site/blog/longevity-foods-australia-what-to-eat-live-longer-2026.html,tracked_content,YES,tracked HTML content,YES,NO,200,https://nutrithrive.com.au/blog/longevity-foods-australia-what-to-eat-live-longer-2026,https://nutrithrive.com.au/blog/longevity-foods-australia-what-to-eat-live-longer-2026,https://nutrithrive.com.au/blog/longevity-foods-australia-what-to-eat-live-longer-2026,YES,,"index, follow",YES,PRESENT,9 incoming internal links,PRESENT,PRESENT,GENERAL,BROAD_WEAK_ALIGNMENT,Longevity Foods: What Australians Should Eat Every Day to,DATA UNAVAILABLE,URL_TITLE_INFERENCE,GENERAL,DATA UNAVAILABLE,,,,,nutrithrive.com.au-Performance-on-Search-2026-09-08 (1).xlsx (12-month commercial-filtered view),0.0,1.0,0.0,62.0,NO,4.2,65%,MEDIUM,3.8,INTENT_HYPOTHESIS_ONLY,LOW,LOW_PRIORITY,REVIEW_REQUIRED,No active work,Measure blog_product_click and downstream GA4 events,,INSUFFICIENT_DATA,,,NO,INSUFFICIENT_BACKLINK_DATA,,,GOOD,,PRESENT,,P3,UNKNOWN,MEASURING,2026-10-13,YES,GSC metrics are filtered views and must not be treated as total page traffic.
2026-09-15,2026-09-08 (latest available file),2026-09-15T10:39:50+00:00,moringa-30-day-challenge-honest-results,https://nutrithrive.com.au/blog/moringa-30-day-challenge-honest-results,https://nutrithrive.com.au/blog/moringa-30-day-challenge-honest-results,30 Days of Moringa: My Honest Results,site/blog/moringa-30-day-challenge-honest-results.html,tracked_content,YES,tracked HTML content,YES,NO,200,https://nutrithrive.com.au/blog/moringa-30-day-challenge-honest-results,https://nutrithrive.com.au/blog/moringa-30-day-challenge-honest-results,https://nutrithrive.com.au/blog/moringa-30-day-challenge-honest-results,YES,,"index, follow",YES,PRESENT,6 incoming internal links,PRESENT,PRESENT,MORINGA,INFORMATIONAL,30 Days of Moringa: My Honest Results,DATA UNAVAILABLE,URL_TITLE_INFERENCE,MORINGA,DATA UNAVAILABLE,,,,,DATA UNAVAILABLE,,,,,NO,3.1,45%,LOW,7.2,INTENT_HYPOTHESIS_ONLY,LOW,LOW_PRIORITY,BLOCKED_PENDING_REVIEW,No active work,Measure blog_product_click and downstream GA4 events,,INSUFFICIENT_DATA,,,NO,INSUFFICIENT_BACKLINK_DATA,,,GOOD,,PRESENT,,P3,UNKNOWN,MEASURING,2026-10-13,YES,GSC metrics are filtered views and must not be treated as total page traffic.
2026-09-15,2026-09-08 (latest available file),2026-09-15T10:39:50+00:00,moringa-and-berberine-australia-what-science-says-2026,https://nutrithrive.com.au/blog/moringa-and-berberine-australia-what-science-says-2026,https://nutrithrive.com.au/blog/moringa-and-berberine-australia-what-science-says-2026,Moringa and Berberine Together (Australia 2026),site/blog/moringa-and-berberine-australia-what-science-says-2026.html,tracked_content,YES,tracked HTML content,YES,NO,200,https://nutrithrive.com.au/blog/moringa-and-berberine-australia-what-science-says-2026,https://nutrithrive.com.au/blog/moringa-and-berberine-australia-what-science-says-2026,https://nutrithrive.com.au/blog/moringa-and-berberine-australia-what-science-says-2026,YES,,"index, follow",YES,PRESENT,9 incoming internal links,PRESENT,PRESENT,MORINGA,PROBLEM_SOLVING,Moringa and Berberine Together (Australia 2026),DATA UNAVAILABLE,URL_TITLE_INFERENCE,MORINGA,nutrithrive.com.au-Performance-on-Search-2026-09-08.xlsx (3-month question-filtered view),3.0,174.0,0.0172,6.32,nutrithrive.com.au-Performance-on-Search-2026-09-08 (1).xlsx (12-month commercial-filtered view),0.0,46.0,0.0,6.93,NO,7.6,65%,MEDIUM,7.7,INTENT_HYPOTHESIS_ONLY,LOW,IMPROVE,BLOCKED_PENDING_REVIEW,MEASURE current implementation; review after lock,Measure blog_product_click and downstream GA4 events,,INSUFFICIENT_DATA,,,NO,INSUFFICIENT_BACKLINK_DATA,,,GOOD,,PRESENT,,P2,UNKNOWN,MEASURING,2026-10-13,YES,GSC metrics are filtered views and must not be treated as total page traffic.
2026-09-15,2026-09-08 (latest available file),2026-09-15T10:39:50+00:00,moringa-and-blood-sugar-diabetes-research-2026,https://nutrithrive.com.au/blog/moringa-and-blood-sugar-diabetes-research-2026,https://nutrithrive.com.au/blog/moringa-and-blood-sugar-diabetes-research-2026,Moringa and Blood Sugar: What Research Shows,site/blog/moringa-and-blood-sugar-diabetes-research-2026.html,tracked_content,YES,tracked HTML content,YES,NO,200,https://nutrithrive.com.au/blog/moringa-and-blood-sugar-diabetes-research-2026,https://nutrithrive.com.au/blog/moringa-and-blood-sugar-diabetes-research-2026,https://nutrithrive.com.au/blog/moringa-and-blood-sugar-diabetes-research-2026,YES,,"index, follow",YES,PRESENT,11 incoming internal links,PRESENT,PRESENT,MORINGA,PROBLEM_SOLVING,Moringa and Blood Sugar: What Research Shows,DATA UNAVAILABLE,URL_TITLE_INFERENCE,MORINGA,DATA UNAVAILABLE,,,,,DATA UNAVAILABLE,,,,,NO,3.4,45%,LOW,7.2,INTENT_HYPOTHESIS_ONLY,LOW,IMPROVE,BLOCKED_PENDING_REVIEW,MEASURE current implementation; review after lock,Measure blog_product_click and downstream GA4 events,,INSUFFICIENT_DATA,,,NO,INSUFFICIENT_BACKLINK_DATA,,,GOOD,,PRESENT,,P2,UNKNOWN,MEASURING,2026-10-13,YES,GSC metrics are filtered views and must not be treated as total page traffic.
2026-09-15,2026-09-08 (latest available file),2026-09-15T10:39:50+00:00,moringa-avocado-toast-recipe-anti-inflammatory-breakfast-2026,https://nutrithrive.com.au/blog/moringa-avocado-toast-recipe-anti-inflammatory-breakfast-2026,https://nutrithrive.com.au/blog/moringa-avocado-toast-recipe-anti-inflammatory-breakfast-2026,Moringa Avocado Toast (5-Minute Recipe),site/blog/moringa-avocado-toast-recipe-anti-inflammatory-breakfast-2026.html,tracked_content,YES,tracked HTML content,YES,NO,200,https://nutrithrive.com.au/blog/moringa-avocado-toast-recipe-anti-inflammatory-breakfast-2026,https://nutrithrive.com.au/blog/moringa-avocado-toast-recipe-anti-inflammatory-breakfast-2026,https://nutrithrive.com.au/blog/moringa-avocado-toast-recipe-anti-inflammatory-breakfast-2026,YES,,"index, follow",YES,PRESENT,7 incoming internal links,PRESENT,PRESENT,MORINGA,PROBLEM_SOLVING,Moringa Avocado Toast (5-Minute Recipe),DATA UNAVAILABLE,URL_TITLE_INFERENCE,MORINGA,nutrithrive.com.au-Performance-on-Search-2026-09-08.xlsx (3-month question-filtered view),0.0,5.0,0.0,7.0,DATA UNAVAILABLE,,,,,NO,7.5,65%,MEDIUM,7.3,INTENT_HYPOTHESIS_ONLY,LOW,IMPROVE,REVIEW_REQUIRED,MEASURE current implementation; review after lock,Measure blog_product_click and downstream GA4 events,,INSUFFICIENT_DATA,,,NO,INSUFFICIENT_BACKLINK_DATA,,,GOOD,,PRESENT,,P2,UNKNOWN,MEASURING,2026-10-13,YES,GSC metrics are filtered views and must not be treated as total page traffic.
2026-09-15,2026-09-08 (latest available file),2026-09-15T10:39:50+00:00,moringa-before-after-workout-timing-guide-2026,https://nutrithrive.com.au/blog/moringa-before-after-workout-timing-guide-2026,https://nutrithrive.com.au/blog/moringa-before-after-workout-timing-guide-2026,Moringa Before or After Workout? Timing Guide (Australia),site/blog/moringa-before-after-workout-timing-guide-2026.html,tracked_content,YES,tracked HTML content,YES,NO,200,https://nutrithrive.com.au/blog/moringa-before-after-workout-timing-guide-2026,https://nutrithrive.com.au/blog/moringa-before-after-workout-timing-guide-2026,https://nutrithrive.com.au/blog/moringa-before-after-workout-timing-guide-2026,YES,,"index, follow",YES,PRESENT,5 incoming internal links,PRESENT,PRESENT,MORINGA,INFORMATIONAL,Moringa Before or After Workout? Timing Guide (Australia),DATA UNAVAILABLE,URL_TITLE_INFERENCE,MORINGA,DATA UNAVAILABLE,,,,,DATA UNAVAILABLE,,,,,NO,3.2,45%,LOW,7.4,INTENT_HYPOTHESIS_ONLY,LOW,LOW_PRIORITY,REVIEW_REQUIRED,No active work,Measure blog_product_click and downstream GA4 events,,INSUFFICIENT_DATA,,,NO,INSUFFICIENT_BACKLINK_DATA,,,GOOD,,PRESENT,,P3,UNKNOWN,MEASURING,2026-10-13,YES,GSC metrics are filtered views and must not be treated as total page traffic.
2026-09-15,2026-09-08 (latest available file),2026-09-15T10:39:50+00:00,moringa-benefits-for-women-comprehensive-2026,https://nutrithrive.com.au/blog/moringa-benefits-for-women-comprehensive-2026,https://nutrithrive.com.au/blog/moringa-benefits-for-women-comprehensive-2026,"Moringa Benefits for Women: Iron, Hormones & Skin",site/blog/moringa-benefits-for-women-comprehensive-2026.html,tracked_content,YES,tracked HTML content,YES,NO,200,https://nutrithrive.com.au/blog/moringa-benefits-for-women-comprehensive-2026,https://nutrithrive.com.au/blog/moringa-benefits-for-women-comprehensive-2026,https://nutrithrive.com.au/blog/moringa-benefits-for-women-comprehensive-2026,YES,,"index, follow",YES,PRESENT,29 incoming internal links,PRESENT,PRESENT,MORINGA,COMMERCIAL_RESEARCH,"Moringa Benefits for Women: Iron, Hormones & Skin",DATA UNAVAILABLE,URL_TITLE_INFERENCE,MORINGA,DATA UNAVAILABLE,,,,,DATA UNAVAILABLE,,,,,NO,3.4,45%,LOW,7.2,INTENT_HYPOTHESIS_ONLY,LOW,IMPROVE,BLOCKED_PENDING_REVIEW,MEASURE current implementation; review after lock,Measure blog_product_click and downstream GA4 events,,INSUFFICIENT_DATA,,,NO,INSUFFICIENT_BACKLINK_DATA,,,GOOD,,PRESENT,,P2,UNKNOWN,MEASURING,2026-10-13,YES,GSC metrics are filtered views and must not be treated as total page traffic.
2026-09-15,2026-09-08 (latest available file),2026-09-15T10:39:50+00:00,moringa-brands-comparison-australia-2026,https://nutrithrive.com.au/blog/moringa-brands-comparison-australia-2026,https://nutrithrive.com.au/blog/moringa-brands-comparison-australia-2026,Best Moringa Brands Australia 2026 Compared,site/blog/moringa-brands-comparison-australia-2026.html,tracked_content,YES,tracked HTML content,YES,NO,200,https://nutrithrive.com.au/blog/moringa-brands-comparison-australia-2026,https://nutrithrive.com.au/blog/moringa-brands-comparison-australia-2026,https://nutrithrive.com.au/blog/moringa-brands-comparison-australia-2026,YES,,"index, follow",YES,PRESENT,27 incoming internal links,PRESENT,PRESENT,MORINGA,COMPARISON,Best Moringa Brands Australia 2026 Compared,DATA UNAVAILABLE,URL_TITLE_INFERENCE,MORINGA,nutrithrive.com.au-Performance-on-Search-2026-09-08.xlsx (3-month question-filtered view),0.0,14.0,0.0,7.14,nutrithrive.com.au-Performance-on-Search-2026-09-08 (1).xlsx (12-month commercial-filtered view),6.0,188.0,0.0319,7.73,NO,7.4,65%,MEDIUM,8.1,INTENT_HYPOTHESIS_ONLY,LOW,IMPROVE,CLEAR,MEASURE current implementation; review after lock,Measure blog_product_click and downstream GA4 events,,INSUFFICIENT_DATA,,,NO,INSUFFICIENT_BACKLINK_DATA,,,GOOD,,PRESENT,,P2,UNKNOWN,MEASURING,2026-10-13,NO,GSC metrics are filtered views and must not be treated as total page traffic.
2026-09-15,2026-09-08 (latest available file),2026-09-15T10:39:50+00:00,moringa-calm-mind-stress-brain-fog-cortisol-science-2026,https://nutrithrive.com.au/blog/moringa-calm-mind-stress-brain-fog-cortisol-science-2026,https://nutrithrive.com.au/blog/moringa-calm-mind-stress-brain-fog-cortisol-science-2026,"Moringa, Cortisol & Brain Fog: What Science Says",site/blog/moringa-calm-mind-stress-brain-fog-cortisol-science-2026.html,tracked_content,YES,tracked HTML content,YES,NO,200,https://nutrithrive.com.au/blog/moringa-calm-mind-stress-brain-fog-cortisol-science-2026,https://nutrithrive.com.au/blog/moringa-calm-mind-stress-brain-fog-cortisol-science-2026,https://nutrithrive.com.au/blog/moringa-calm-mind-stress-brain-fog-cortisol-science-2026,YES,,"index, follow",YES,PRESENT,9 incoming internal links,PRESENT,PRESENT,MORINGA,PROBLEM_SOLVING,"Moringa, Cortisol & Brain Fog: What Science Says",DATA UNAVAILABLE,URL_TITLE_INFERENCE,MORINGA,DATA UNAVAILABLE,,,,,nutrithrive.com.au-Performance-on-Search-2026-09-08 (1).xlsx (12-month commercial-filtered view),0.0,1.0,0.0,18.0,NO,6.6,65%,MEDIUM,7.0,INTENT_HYPOTHESIS_ONLY,LOW,IMPROVE,REVIEW_REQUIRED,MEASURE current implementation; review after lock,Measure blog_product_click and downstream GA4 events,,INSUFFICIENT_DATA,,,NO,INSUFFICIENT_BACKLINK_DATA,,,GOOD,,PRESENT,,P2,UNKNOWN,MEASURING,2026-10-13,YES,GSC metrics are filtered views and must not be treated as total page traffic.
2026-09-15,2026-09-08 (latest available file),2026-09-15T10:39:50+00:00,moringa-capsules-vs-powder-which-is-better-2026,https://nutrithrive.com.au/blog/moringa-capsules-vs-powder-which-is-better-2026,https://nutrithrive.com.au/blog/moringa-capsules-vs-powder-which-is-better-2026,Moringa Powder vs Capsules: Which Should You Buy?,site/blog/moringa-capsules-vs-powder-which-is-better-2026.html,tracked_content,YES,tracked HTML content,YES,NO,200,https://nutrithrive.com.au/blog/moringa-capsules-vs-powder-which-is-better-2026,https://nutrithrive.com.au/blog/moringa-capsules-vs-powder-which-is-better-2026,https://nutrithrive.com.au/blog/moringa-capsules-vs-powder-which-is-better-2026,YES,,"index, follow",YES,PRESENT,28 incoming internal links,PRESENT,PRESENT,MORINGA,COMPARISON,Moringa Powder vs Capsules: Which Should You Buy?,DATA UNAVAILABLE,URL_TITLE_INFERENCE,MORINGA,nutrithrive.com.au-Performance-on-Search-2026-09-08.xlsx (3-month question-filtered view),0.0,19.0,0.0,9.05,nutrithrive.com.au-Performance-on-Search-2026-09-08 (1).xlsx (12-month commercial-filtered view),0.0,31.0,0.0,9.71,NO,8.0,65%,MEDIUM,7.6,INTENT_HYPOTHESIS_ONLY,LOW,IMPROVE,REVIEW_REQUIRED,MEASURE current implementation; review after lock,Measure blog_product_click and downstream GA4 events,,INSUFFICIENT_DATA,,,NO,INSUFFICIENT_BACKLINK_DATA,,,GOOD,,PRESENT,,P2,UNKNOWN,MEASURING,2026-10-13,YES,GSC metrics are filtered views and must not be treated as total page traffic.
2026-09-15,2026-09-08 (latest available file),2026-09-15T10:39:50+00:00,moringa-chemist-warehouse-vs-nutrithrive-quality-test-2025,https://nutrithrive.com.au/blog/moringa-chemist-warehouse-vs-nutrithrive-quality-test-2025,https://nutrithrive.com.au/blog/moringa-chemist-warehouse-vs-nutrithrive-quality-test-2025,Chemist Warehouse Moringa vs NutriThrive Powder,site/blog/moringa-chemist-warehouse-vs-nutrithrive-quality-test-2025.html,tracked_content,YES,tracked HTML content,YES,NO,200,https://nutrithrive.com.au/blog/moringa-chemist-warehouse-vs-nutrithrive-quality-test-2025,https://nutrithrive.com.au/blog/moringa-chemist-warehouse-vs-nutrithrive-quality-test-2025,https://nutrithrive.com.au/blog/moringa-chemist-warehouse-vs-nutrithrive-quality-test-2025,YES,,"index, follow",YES,PRESENT,28 incoming internal links,PRESENT,PRESENT,MORINGA,COMPARISON,Chemist Warehouse Moringa vs NutriThrive Powder,DATA UNAVAILABLE,URL_TITLE_INFERENCE,MORINGA,nutrithrive.com.au-Performance-on-Search-2026-09-08.xlsx (3-month question-filtered view),1.0,55.0,0.0182,4.49,nutrithrive.com.au-Performance-on-Search-2026-09-08 (1).xlsx (12-month commercial-filtered view),1.0,42.0,0.023799999999999998,4.81,NO,7.6,65%,MEDIUM,7.9,INTENT_HYPOTHESIS_ONLY,LOW,IMPROVE,CLEAR,MEASURE current implementation; review after lock,Measure blog_product_click and downstream GA4 events,,INSUFFICIENT_DATA,,,NO,INSUFFICIENT_BACKLINK_DATA,,,GOOD,,PRESENT,,P2,UNKNOWN,MEASURING,2026-10-13,NO,GSC metrics are filtered views and must not be treated as total page traffic.
2026-09-15,2026-09-08 (latest available file),2026-09-15T10:39:50+00:00,moringa-detox-what-is-real-2026,https://nutrithrive.com.au/blog/moringa-detox-what-is-real-2026,https://nutrithrive.com.au/blog/moringa-detox-what-is-real-2026,Moringa Detox Claims: Fact-Checked,site/blog/moringa-detox-what-is-real-2026.html,tracked_content,YES,tracked HTML content,YES,NO,200,https://nutrithrive.com.au/blog/moringa-detox-what-is-real-2026,https://nutrithrive.com.au/blog/moringa-detox-what-is-real-2026,https://nutrithrive.com.au/blog/moringa-detox-what-is-real-2026,YES,,"index, follow",YES,PRESENT,6 incoming internal links,PRESENT,PRESENT,MORINGA,INFORMATIONAL,Moringa Detox Claims: Fact-Checked,DATA UNAVAILABLE,URL_TITLE_INFERENCE,MORINGA,DATA UNAVAILABLE,,,,,DATA UNAVAILABLE,,,,,NO,3.2,45%,LOW,7.4,INTENT_HYPOTHESIS_ONLY,LOW,LOW_PRIORITY,REVIEW_REQUIRED,No active work,Measure blog_product_click and downstream GA4 events,,INSUFFICIENT_DATA,,,NO,INSUFFICIENT_BACKLINK_DATA,,,GOOD,,PRESENT,,P3,UNKNOWN,MEASURING,2026-10-13,YES,GSC metrics are filtered views and must not be treated as total page traffic.
2026-09-15,2026-09-08 (latest available file),2026-09-15T10:39:50+00:00,moringa-energy-bites-kids-lunchbox-recipe-australia-2026,https://nutrithrive.com.au/blog/moringa-energy-bites-kids-lunchbox-recipe-australia-2026,https://nutrithrive.com.au/blog/moringa-energy-bites-kids-lunchbox-recipe-australia-2026,Moringa Energy Bites (Kids' Lunchbox Recipe),site/blog/moringa-energy-bites-kids-lunchbox-recipe-australia-2026.html,tracked_content,YES,tracked HTML content,YES,NO,200,https://nutrithrive.com.au/blog/moringa-energy-bites-kids-lunchbox-recipe-australia-2026,https://nutrithrive.com.au/blog/moringa-energy-bites-kids-lunchbox-recipe-australia-2026,https://nutrithrive.com.au/blog/moringa-energy-bites-kids-lunchbox-recipe-australia-2026,YES,,"index, follow",YES,PRESENT,7 incoming internal links,PRESENT,PRESENT,MORINGA,PROBLEM_SOLVING,Moringa Energy Bites (Kids' Lunchbox Recipe),DATA UNAVAILABLE,URL_TITLE_INFERENCE,MORINGA,DATA UNAVAILABLE,,,,,DATA UNAVAILABLE,,,,,NO,3.4,45%,LOW,7.2,INTENT_HYPOTHESIS_ONLY,LOW,IMPROVE,BLOCKED_PENDING_REVIEW,MEASURE current implementation; review after lock,Measure blog_product_click and downstream GA4 events,,INSUFFICIENT_DATA,,,NO,INSUFFICIENT_BACKLINK_DATA,,,GOOD,,PRESENT,,P2,UNKNOWN,MEASURING,2026-10-13,YES,GSC metrics are filtered views and must not be treated as total page traffic.
2026-09-15,2026-09-08 (latest available file),2026-09-15T10:39:50+00:00,moringa-energy-what-happens-week-by-week-2026,https://nutrithrive.com.au/blog/moringa-energy-what-happens-week-by-week-2026,https://nutrithrive.com.au/blog/moringa-energy-what-happens-week-by-week-2026,Moringa for Energy: A Week-by-Week Timeline,site/blog/moringa-energy-what-happens-week-by-week-2026.html,tracked_content,YES,tracked HTML content,YES,NO,200,https://nutrithrive.com.au/blog/moringa-energy-what-happens-week-by-week-2026,https://nutrithrive.com.au/blog/moringa-energy-what-happens-week-by-week-2026,https://nutrithrive.com.au/blog/moringa-energy-what-happens-week-by-week-2026,YES,,"index, follow",YES,PRESENT,10 incoming internal links,PRESENT,PRESENT,MORINGA,PROBLEM_SOLVING,Moringa for Energy: A Week-by-Week Timeline,DATA UNAVAILABLE,URL_TITLE_INFERENCE,MORINGA,DATA UNAVAILABLE,,,,,DATA UNAVAILABLE,,,,,NO,3.6,45%,LOW,7.4,INTENT_HYPOTHESIS_ONLY,LOW,IMPROVE,REVIEW_REQUIRED,MEASURE current implementation; review after lock,Measure blog_product_click and downstream GA4 events,,INSUFFICIENT_DATA,,,NO,INSUFFICIENT_BACKLINK_DATA,,,GOOD,,PRESENT,,P2,UNKNOWN,MEASURING,2026-10-13,YES,GSC metrics are filtered views and must not be treated as total page traffic.
2026-09-15,2026-09-08 (latest available file),2026-09-15T10:39:50+00:00,moringa-face-mask-australia-glow-ritual,https://nutrithrive.com.au/blog/moringa-face-mask-australia-glow-ritual,https://nutrithrive.com.au/blog/moringa-face-mask-australia-glow-ritual,Moringa Face Mask Australia: The 3-Minute Green Glow Ritual,site/blog/moringa-face-mask-australia-glow-ritual.html,tracked_content,YES,tracked HTML content,YES,NO,200,https://nutrithrive.com.au/blog/moringa-face-mask-australia-glow-ritual,https://nutrithrive.com.au/blog/moringa-face-mask-australia-glow-ritual,https://nutrithrive.com.au/blog/moringa-face-mask-australia-glow-ritual,YES,,"index, follow",YES,PRESENT,4 incoming internal links,PRESENT,PRESENT,MORINGA,PROBLEM_SOLVING,Moringa Face Mask Australia: The 3-Minute Green Glow Ritual,DATA UNAVAILABLE,URL_TITLE_INFERENCE,MORINGA,DATA UNAVAILABLE,,,,,DATA UNAVAILABLE,,,,,NO,3.8,45%,LOW,7.6,INTENT_HYPOTHESIS_ONLY,LOW,IMPROVE,CLEAR,MEASURE current implementation; review after lock,Measure blog_product_click and downstream GA4 events,,INSUFFICIENT_DATA,,,NO,INSUFFICIENT_BACKLINK_DATA,,,GOOD,,PRESENT,,P2,UNKNOWN,MEASURING,2026-10-13,NO,GSC metrics are filtered views and must not be treated as total page traffic.
2026-09-15,2026-09-08 (latest available file),2026-09-15T10:39:50+00:00,moringa-for-anxiety-stress-evidence-2026,https://nutrithrive.com.au/blog/moringa-for-anxiety-stress-evidence-2026,https://nutrithrive.com.au/blog/moringa-for-anxiety-stress-evidence-2026,Moringa for Anxiety. What the Evidence Shows (2026 Guide),site/blog/moringa-for-anxiety-stress-evidence-2026.html,tracked_content,YES,tracked HTML content,YES,NO,200,https://nutrithrive.com.au/blog/moringa-for-anxiety-stress-evidence-2026,https://nutrithrive.com.au/blog/moringa-for-anxiety-stress-evidence-2026,https://nutrithrive.com.au/blog/moringa-for-anxiety-stress-evidence-2026,YES,,"index, follow",YES,PRESENT,7 incoming internal links,PRESENT,PRESENT,MORINGA,INFORMATIONAL,Moringa for Anxiety. What the Evidence Shows (2026 Guide),DATA UNAVAILABLE,URL_TITLE_INFERENCE,MORINGA,nutrithrive.com.au-Performance-on-Search-2026-09-08.xlsx (3-month question-filtered view),0.0,2.0,0.0,10.5,DATA UNAVAILABLE,,,,,NO,6.2,65%,MEDIUM,6.9,INTENT_HYPOTHESIS_ONLY,LOW,LOW_PRIORITY,BLOCKED_PENDING_REVIEW,No active work,Measure blog_product_click and downstream GA4 events,,INSUFFICIENT_DATA,,,NO,INSUFFICIENT_BACKLINK_DATA,,,GOOD,,PRESENT,,P3,UNKNOWN,MEASURING,2026-10-13,YES,GSC metrics are filtered views and must not be treated as total page traffic.
2026-09-15,2026-09-08 (latest available file),2026-09-15T10:39:50+00:00,moringa-for-breastfeeding-milk-supply-2026,https://nutrithrive.com.au/blog/moringa-for-breastfeeding-milk-supply-2026,https://nutrithrive.com.au/blog/moringa-for-breastfeeding-milk-supply-2026,Moringa While Breastfeeding: What Evidence Says (Australia),site/blog/moringa-for-breastfeeding-milk-supply-2026.html,tracked_content,YES,tracked HTML content,YES,NO,200,https://nutrithrive.com.au/blog/moringa-for-breastfeeding-milk-supply-2026,https://nutrithrive.com.au/blog/moringa-for-breastfeeding-milk-supply-2026,https://nutrithrive.com.au/blog/moringa-for-breastfeeding-milk-supply-2026,YES,,"index, follow",YES,PRESENT,8 incoming internal links,PRESENT,PRESENT,MORINGA,PROBLEM_SOLVING,Moringa While Breastfeeding: What Evidence Says (Australia),DATA UNAVAILABLE,URL_TITLE_INFERENCE,MORINGA,nutrithrive.com.au-Performance-on-Search-2026-09-08.xlsx (3-month question-filtered view),0.0,3.0,0.0,8.67,DATA UNAVAILABLE,,,,,NO,7.2,65%,MEDIUM,7.0,INTENT_HYPOTHESIS_ONLY,LOW,IMPROVE,BLOCKED_PENDING_REVIEW,MEASURE current implementation; review after lock,Measure blog_product_click and downstream GA4 events,,INSUFFICIENT_DATA,,,NO,INSUFFICIENT_BACKLINK_DATA,,,GOOD,,PRESENT,,P2,UNKNOWN,MEASURING,2026-10-13,YES,GSC metrics are filtered views and must not be treated as total page traffic.
2026-09-15,2026-09-08 (latest available file),2026-09-15T10:39:50+00:00,moringa-for-cholesterol-heart-health-research-2026,https://nutrithrive.com.au/blog/moringa-for-cholesterol-heart-health-research-2026,https://nutrithrive.com.au/blog/moringa-for-cholesterol-heart-health-research-2026,Moringa for Cholesterol. What the Research Says (2026),site/blog/moringa-for-cholesterol-heart-health-research-2026.html,tracked_content,YES,tracked HTML content,YES,NO,200,https://nutrithrive.com.au/blog/moringa-for-cholesterol-heart-health-research-2026,https://nutrithrive.com.au/blog/moringa-for-cholesterol-heart-health-research-2026,https://nutrithrive.com.au/blog/moringa-for-cholesterol-heart-health-research-2026,YES,,"index, follow",YES,PRESENT,5 incoming internal links,PRESENT,PRESENT,MORINGA,INFORMATIONAL,Moringa for Cholesterol. What the Research Says (2026),DATA UNAVAILABLE,URL_TITLE_INFERENCE,MORINGA,nutrithrive.com.au-Performance-on-Search-2026-09-08.xlsx (3-month question-filtered view),0.0,5.0,0.0,12.2,DATA UNAVAILABLE,,,,,NO,6.4,65%,MEDIUM,7.1,INTENT_HYPOTHESIS_ONLY,LOW,LOW_PRIORITY,BLOCKED_PENDING_REVIEW,No active work,Measure blog_product_click and downstream GA4 events,,INSUFFICIENT_DATA,,,NO,INSUFFICIENT_BACKLINK_DATA,,,GOOD,,PRESENT,,P3,UNKNOWN,MEASURING,2026-10-13,YES,GSC metrics are filtered views and must not be treated as total page traffic.
2026-09-15,2026-09-08 (latest available file),2026-09-15T10:39:50+00:00,moringa-for-hair-growth-eating-evidence-2026,https://nutrithrive.com.au/blog/moringa-for-hair-growth-eating-evidence-2026,https://nutrithrive.com.au/blog/moringa-for-hair-growth-eating-evidence-2026,Moringa for Hair Growth: What Evidence Shows,site/blog/moringa-for-hair-growth-eating-evidence-2026.html,tracked_content,YES,tracked HTML content,YES,NO,200,https://nutrithrive.com.au/blog/moringa-for-hair-growth-eating-evidence-2026,https://nutrithrive.com.au/blog/moringa-for-hair-growth-eating-evidence-2026,https://nutrithrive.com.au/blog/moringa-for-hair-growth-eating-evidence-2026,YES,,"index, follow",YES,PRESENT,7 incoming internal links,PRESENT,PRESENT,MORINGA,PROBLEM_SOLVING,Moringa for Hair Growth: What Evidence Shows,DATA UNAVAILABLE,URL_TITLE_INFERENCE,MORINGA,nutrithrive.com.au-Performance-on-Search-2026-09-08.xlsx (3-month question-filtered view),0.0,9.0,0.0,30.89,DATA UNAVAILABLE,,,,,NO,6.5,65%,MEDIUM,7.4,INTENT_HYPOTHESIS_ONLY,LOW,IMPROVE,REVIEW_REQUIRED,MEASURE current implementation; review after lock,Measure blog_product_click and downstream GA4 events,,INSUFFICIENT_DATA,,,NO,INSUFFICIENT_BACKLINK_DATA,,,GOOD,,PRESENT,,P2,UNKNOWN,MEASURING,2026-10-13,YES,GSC metrics are filtered views and must not be treated as total page traffic.
2026-09-15,2026-09-08 (latest available file),2026-09-15T10:39:50+00:00,moringa-for-high-blood-pressure-hypertension-2026,https://nutrithrive.com.au/blog/moringa-for-high-blood-pressure-hypertension-2026,https://nutrithrive.com.au/blog/moringa-for-high-blood-pressure-hypertension-2026,Moringa and Blood Pressure: The Evidence,site/blog/moringa-for-high-blood-pressure-hypertension-2026.html,tracked_content,YES,tracked HTML content,YES,NO,200,https://nutrithrive.com.au/blog/moringa-for-high-blood-pressure-hypertension-2026,https://nutrithrive.com.au/blog/moringa-for-high-blood-pressure-hypertension-2026,https://nutrithrive.com.au/blog/moringa-for-high-blood-pressure-hypertension-2026,YES,,"index, follow",YES,PRESENT,5 incoming internal links,PRESENT,PRESENT,MORINGA,INFORMATIONAL,Moringa and Blood Pressure: The Evidence,DATA UNAVAILABLE,URL_TITLE_INFERENCE,MORINGA,DATA UNAVAILABLE,,,,,DATA UNAVAILABLE,,,,,NO,3.1,45%,LOW,7.2,INTENT_HYPOTHESIS_ONLY,LOW,LOW_PRIORITY,BLOCKED_PENDING_REVIEW,No active work,Measure blog_product_click and downstream GA4 events,,INSUFFICIENT_DATA,,,NO,INSUFFICIENT_BACKLINK_DATA,,,GOOD,,PRESENT,,P3,UNKNOWN,MEASURING,2026-10-13,YES,GSC metrics are filtered views and must not be treated as total page traffic.
2026-09-15,2026-09-08 (latest available file),2026-09-15T10:39:50+00:00,moringa-for-inflammation-anti-inflammatory-research-2026,https://nutrithrive.com.au/blog/moringa-for-inflammation-anti-inflammatory-research-2026,https://nutrithrive.com.au/blog/moringa-for-inflammation-anti-inflammatory-research-2026,Moringa and Inflammation: The Research,site/blog/moringa-for-inflammation-anti-inflammatory-research-2026.html,tracked_content,YES,tracked HTML content,YES,NO,200,https://nutrithrive.com.au/blog/moringa-for-inflammation-anti-inflammatory-research-2026,https://nutrithrive.com.au/blog/moringa-for-inflammation-anti-inflammatory-research-2026,https://nutrithrive.com.au/blog/moringa-for-inflammation-anti-inflammatory-research-2026,YES,,"index, follow",YES,PRESENT,12 incoming internal links,PRESENT,PRESENT,MORINGA,INFORMATIONAL,Moringa and Inflammation: The Research,DATA UNAVAILABLE,URL_TITLE_INFERENCE,MORINGA,nutrithrive.com.au-Performance-on-Search-2026-09-08.xlsx (3-month question-filtered view),0.0,2.0,0.0,32.5,DATA UNAVAILABLE,,,,,NO,5.8,65%,MEDIUM,7.1,INTENT_HYPOTHESIS_ONLY,LOW,LOW_PRIORITY,REVIEW_REQUIRED,No active work,Measure blog_product_click and downstream GA4 events,,INSUFFICIENT_DATA,,,NO,INSUFFICIENT_BACKLINK_DATA,,,GOOD,,PRESENT,,P3,UNKNOWN,MEASURING,2026-10-13,YES,GSC metrics are filtered views and must not be treated as total page traffic.
2026-09-15,2026-09-08 (latest available file),2026-09-15T10:39:50+00:00,moringa-for-men-testosterone-energy-prostate-2026,https://nutrithrive.com.au/blog/moringa-for-men-testosterone-energy-prostate-2026,https://nutrithrive.com.au/blog/moringa-for-men-testosterone-energy-prostate-2026,Moringa for Men: Separating Evidence From Hype,site/blog/moringa-for-men-testosterone-energy-prostate-2026.html,tracked_content,YES,tracked HTML content,YES,NO,200,https://nutrithrive.com.au/blog/moringa-for-men-testosterone-energy-prostate-2026,https://nutrithrive.com.au/blog/moringa-for-men-testosterone-energy-prostate-2026,https://nutrithrive.com.au/blog/moringa-for-men-testosterone-energy-prostate-2026,YES,,"index, follow",YES,PRESENT,6 incoming internal links,PRESENT,PRESENT,MORINGA,INFORMATIONAL,Moringa for Men: Separating Evidence From Hype,DATA UNAVAILABLE,URL_TITLE_INFERENCE,MORINGA,DATA UNAVAILABLE,,,,,DATA UNAVAILABLE,,,,,NO,3.2,45%,LOW,7.4,INTENT_HYPOTHESIS_ONLY,LOW,LOW_PRIORITY,REVIEW_REQUIRED,No active work,Measure blog_product_click and downstream GA4 events,,INSUFFICIENT_DATA,,,NO,INSUFFICIENT_BACKLINK_DATA,,,GOOD,,PRESENT,,P3,UNKNOWN,MEASURING,2026-10-13,YES,GSC metrics are filtered views and must not be treated as total page traffic.
2026-09-15,2026-09-08 (latest available file),2026-09-15T10:39:50+00:00,moringa-for-menopause-symptoms-hormones-2026,https://nutrithrive.com.au/blog/moringa-for-menopause-symptoms-hormones-2026,https://nutrithrive.com.au/blog/moringa-for-menopause-symptoms-hormones-2026,Moringa for Menopause: What the Evidence Says,site/blog/moringa-for-menopause-symptoms-hormones-2026.html,tracked_content,YES,tracked HTML content,YES,NO,200,https://nutrithrive.com.au/blog/moringa-for-menopause-symptoms-hormones-2026,https://nutrithrive.com.au/blog/moringa-for-menopause-symptoms-hormones-2026,https://nutrithrive.com.au/blog/moringa-for-menopause-symptoms-hormones-2026,YES,,"index, follow",YES,PRESENT,11 incoming internal links,PRESENT,PRESENT,MORINGA,PROBLEM_SOLVING,Moringa for Menopause: What the Evidence Says,DATA UNAVAILABLE,URL_TITLE_INFERENCE,MORINGA,nutrithrive.com.au-Performance-on-Search-2026-09-08.xlsx (3-month question-filtered view),0.0,3.0,0.0,10.0,DATA UNAVAILABLE,,,,,NO,7.2,65%,MEDIUM,7.0,INTENT_HYPOTHESIS_ONLY,LOW,IMPROVE,BLOCKED_PENDING_REVIEW,MEASURE current implementation; review after lock,Measure blog_product_click and downstream GA4 events,,INSUFFICIENT_DATA,,,NO,INSUFFICIENT_BACKLINK_DATA,,,GOOD,,PRESENT,,P2,UNKNOWN,MEASURING,2026-10-13,YES,GSC metrics are filtered views and must not be treated as total page traffic.
2026-09-15,2026-09-08 (latest available file),2026-09-15T10:39:50+00:00,moringa-for-pcos-polycystic-ovary-syndrome-2026,https://nutrithrive.com.au/blog/moringa-for-pcos-polycystic-ovary-syndrome-2026,https://nutrithrive.com.au/blog/moringa-for-pcos-polycystic-ovary-syndrome-2026,Moringa and PCOS: The Evidence,site/blog/moringa-for-pcos-polycystic-ovary-syndrome-2026.html,tracked_content,YES,tracked HTML content,YES,NO,200,https://nutrithrive.com.au/blog/moringa-for-pcos-polycystic-ovary-syndrome-2026,https://nutrithrive.com.au/blog/moringa-for-pcos-polycystic-ovary-syndrome-2026,https://nutrithrive.com.au/blog/moringa-for-pcos-polycystic-ovary-syndrome-2026,YES,,"index, follow",YES,PRESENT,9 incoming internal links,PRESENT,PRESENT,MORINGA,INFORMATIONAL,Moringa and PCOS: The Evidence,DATA UNAVAILABLE,URL_TITLE_INFERENCE,MORINGA,nutrithrive.com.au-Performance-on-Search-2026-09-08.xlsx (3-month question-filtered view),0.0,7.0,0.0,7.29,DATA UNAVAILABLE,,,,,NO,7.1,65%,MEDIUM,7.1,INTENT_HYPOTHESIS_ONLY,LOW,LOW_PRIORITY,BLOCKED_PENDING_REVIEW,No active work,Measure blog_product_click and downstream GA4 events,,INSUFFICIENT_DATA,,,NO,INSUFFICIENT_BACKLINK_DATA,,,GOOD,,PRESENT,,P3,UNKNOWN,MEASURING,2026-10-13,YES,GSC metrics are filtered views and must not be treated as total page traffic.
2026-09-15,2026-09-08 (latest available file),2026-09-15T10:39:50+00:00,moringa-for-period-pain-pms-menstrual-health-2026,https://nutrithrive.com.au/blog/moringa-for-period-pain-pms-menstrual-health-2026,https://nutrithrive.com.au/blog/moringa-for-period-pain-pms-menstrual-health-2026,Moringa for Period Pain & PMS: The Evidence,site/blog/moringa-for-period-pain-pms-menstrual-health-2026.html,tracked_content,YES,tracked HTML content,YES,NO,200,https://nutrithrive.com.au/blog/moringa-for-period-pain-pms-menstrual-health-2026,https://nutrithrive.com.au/blog/moringa-for-period-pain-pms-menstrual-health-2026,https://nutrithrive.com.au/blog/moringa-for-period-pain-pms-menstrual-health-2026,YES,,"index, follow",YES,PRESENT,5 incoming internal links,PRESENT,PRESENT,MORINGA,PROBLEM_SOLVING,Moringa for Period Pain & PMS: The Evidence,DATA UNAVAILABLE,URL_TITLE_INFERENCE,MORINGA,nutrithrive.com.au-Performance-on-Search-2026-09-08.xlsx (3-month question-filtered view),0.0,5.0,0.0,10.0,DATA UNAVAILABLE,,,,,NO,7.3,65%,MEDIUM,7.1,INTENT_HYPOTHESIS_ONLY,LOW,IMPROVE,BLOCKED_PENDING_REVIEW,MEASURE current implementation; review after lock,Measure blog_product_click and downstream GA4 events,,INSUFFICIENT_DATA,,,NO,INSUFFICIENT_BACKLINK_DATA,,,GOOD,,PRESENT,,P2,UNKNOWN,MEASURING,2026-10-13,YES,GSC metrics are filtered views and must not be treated as total page traffic.
2026-09-15,2026-09-08 (latest available file),2026-09-15T10:39:50+00:00,moringa-for-skin-eating-benefits-glow-2026,https://nutrithrive.com.au/blog/moringa-for-skin-eating-benefits-glow-2026,https://nutrithrive.com.au/blog/moringa-for-skin-eating-benefits-glow-2026,Moringa for Skin: The Real Story,site/blog/moringa-for-skin-eating-benefits-glow-2026.html,tracked_content,YES,tracked HTML content,YES,NO,200,https://nutrithrive.com.au/blog/moringa-for-skin-eating-benefits-glow-2026,https://nutrithrive.com.au/blog/moringa-for-skin-eating-benefits-glow-2026,https://nutrithrive.com.au/blog/moringa-for-skin-eating-benefits-glow-2026,YES,,"index, follow",YES,PRESENT,11 incoming internal links,PRESENT,PRESENT,MORINGA,INFORMATIONAL,Moringa for Skin: The Real Story,DATA UNAVAILABLE,URL_TITLE_INFERENCE,MORINGA,nutrithrive.com.au-Performance-on-Search-2026-09-08.xlsx (3-month question-filtered view),0.0,1.0,0.0,1.0,DATA UNAVAILABLE,,,,,NO,5.3,65%,MEDIUM,7.0,INTENT_HYPOTHESIS_ONLY,LOW,LOW_PRIORITY,REVIEW_REQUIRED,No active work,Measure blog_product_click and downstream GA4 events,,INSUFFICIENT_DATA,,,NO,INSUFFICIENT_BACKLINK_DATA,,,GOOD,,PRESENT,,P3,UNKNOWN,MEASURING,2026-10-13,YES,GSC metrics are filtered views and must not be treated as total page traffic.
2026-09-15,2026-09-08 (latest available file),2026-09-15T10:39:50+00:00,moringa-for-sleep-quality-insomnia-2026,https://nutrithrive.com.au/blog/moringa-for-sleep-quality-insomnia-2026,https://nutrithrive.com.au/blog/moringa-for-sleep-quality-insomnia-2026,Moringa for Sleep: What the Evidence Shows,site/blog/moringa-for-sleep-quality-insomnia-2026.html,tracked_content,YES,tracked HTML content,YES,NO,200,https://nutrithrive.com.au/blog/moringa-for-sleep-quality-insomnia-2026,https://nutrithrive.com.au/blog/moringa-for-sleep-quality-insomnia-2026,https://nutrithrive.com.au/blog/moringa-for-sleep-quality-insomnia-2026,YES,,"index, follow",YES,PRESENT,8 incoming internal links,PRESENT,PRESENT,MORINGA,INFORMATIONAL,Moringa for Sleep: What the Evidence Shows,DATA UNAVAILABLE,URL_TITLE_INFERENCE,MORINGA,nutrithrive.com.au-Performance-on-Search-2026-09-08.xlsx (3-month question-filtered view),0.0,1.0,0.0,43.0,DATA UNAVAILABLE,,,,,NO,5.1,65%,MEDIUM,6.8,INTENT_HYPOTHESIS_ONLY,LOW,LOW_PRIORITY,BLOCKED_PENDING_REVIEW,No active work,Measure blog_product_click and downstream GA4 events,,INSUFFICIENT_DATA,,,NO,INSUFFICIENT_BACKLINK_DATA,,,GOOD,,PRESENT,,P3,UNKNOWN,MEASURING,2026-10-13,YES,GSC metrics are filtered views and must not be treated as total page traffic.
2026-09-15,2026-09-08 (latest available file),2026-09-15T10:39:50+00:00,moringa-for-weight-loss-evidence-2026,https://nutrithrive.com.au/blog/moringa-for-weight-loss-evidence-2026,https://nutrithrive.com.au/blog/moringa-for-weight-loss-evidence-2026,Moringa for Weight Loss: The Honest Evidence,site/blog/moringa-for-weight-loss-evidence-2026.html,tracked_content,YES,tracked HTML content,YES,NO,200,https://nutrithrive.com.au/blog/moringa-for-weight-loss-evidence-2026,https://nutrithrive.com.au/blog/moringa-for-weight-loss-evidence-2026,https://nutrithrive.com.au/blog/moringa-for-weight-loss-evidence-2026,YES,,"index, follow",YES,PRESENT,6 incoming internal links,PRESENT,PRESENT,MORINGA,PROBLEM_SOLVING,Moringa for Weight Loss: The Honest Evidence,DATA UNAVAILABLE,URL_TITLE_INFERENCE,MORINGA,nutrithrive.com.au-Performance-on-Search-2026-09-08.xlsx (3-month question-filtered view),0.0,5.0,0.0,15.8,nutrithrive.com.au-Performance-on-Search-2026-09-08 (1).xlsx (12-month commercial-filtered view),0.0,3.0,0.0,14.33,NO,6.7,65%,MEDIUM,7.1,INTENT_HYPOTHESIS_ONLY,LOW,IMPROVE,BLOCKED_PENDING_REVIEW,MEASURE current implementation; review after lock,Measure blog_product_click and downstream GA4 events,,INSUFFICIENT_DATA,,,NO,INSUFFICIENT_BACKLINK_DATA,,,GOOD,,PRESENT,,P2,UNKNOWN,MEASURING,2026-10-13,YES,GSC metrics are filtered views and must not be treated as total page traffic.
2026-09-15,2026-09-08 (latest available file),2026-09-15T10:39:50+00:00,moringa-gut-health-digestion-evidence-2026,https://nutrithrive.com.au/blog/moringa-gut-health-digestion-evidence-2026,https://nutrithrive.com.au/blog/moringa-gut-health-digestion-evidence-2026,Moringa and Gut Health: The Evidence,site/blog/moringa-gut-health-digestion-evidence-2026.html,tracked_content,YES,tracked HTML content,YES,NO,200,https://nutrithrive.com.au/blog/moringa-gut-health-digestion-evidence-2026,https://nutrithrive.com.au/blog/moringa-gut-health-digestion-evidence-2026,https://nutrithrive.com.au/blog/moringa-gut-health-digestion-evidence-2026,YES,,"index, follow",YES,PRESENT,12 incoming internal links,PRESENT,PRESENT,MORINGA,INFORMATIONAL,Moringa and Gut Health: The Evidence,DATA UNAVAILABLE,URL_TITLE_INFERENCE,MORINGA,nutrithrive.com.au-Performance-on-Search-2026-09-08.xlsx (3-month question-filtered view),0.0,9.0,0.0,38.89,DATA UNAVAILABLE,,,,,NO,6.0,65%,MEDIUM,7.2,INTENT_HYPOTHESIS_ONLY,LOW,LOW_PRIORITY,BLOCKED_PENDING_REVIEW,No active work,Measure blog_product_click and downstream GA4 events,,INSUFFICIENT_DATA,,,NO,INSUFFICIENT_BACKLINK_DATA,,,GOOD,,PRESENT,,P3,UNKNOWN,MEASURING,2026-10-13,YES,GSC metrics are filtered views and must not be treated as total page traffic.
2026-09-15,2026-09-08 (latest available file),2026-09-15T10:39:50+00:00,moringa-heavy-metals-lab-testing-australia-what-to-look-for-2026,https://nutrithrive.com.au/blog/moringa-heavy-metals-lab-testing-australia-what-to-look-for-2026,https://nutrithrive.com.au/blog/moringa-heavy-metals-lab-testing-australia-what-to-look-for-2026,Moringa Heavy Metals Lab Testing Australia | What to Look For,site/blog/moringa-heavy-metals-lab-testing-australia-what-to-look-for-2026.html,tracked_content,YES,tracked HTML content,YES,NO,200,https://nutrithrive.com.au/blog/moringa-heavy-metals-lab-testing-australia-what-to-look-for-2026,https://nutrithrive.com.au/blog/moringa-heavy-metals-lab-testing-australia-what-to-look-for-2026,https://nutrithrive.com.au/blog/moringa-heavy-metals-lab-testing-australia-what-to-look-for-2026,YES,,"index, follow",YES,PRESENT,22 incoming internal links,PRESENT,PRESENT,MORINGA,COMPARISON,Moringa Heavy Metals Lab Testing Australia | What to Look For,DATA UNAVAILABLE,URL_TITLE_INFERENCE,MORINGA,nutrithrive.com.au-Performance-on-Search-2026-09-08.xlsx (3-month question-filtered view),0.0,1.0,0.0,4.0,DATA UNAVAILABLE,,,,,NO,7.4,65%,MEDIUM,7.2,INTENT_HYPOTHESIS_ONLY,LOW,IMPROVE,CLEAR,MEASURE current implementation; review after lock,Measure blog_product_click and downstream GA4 events,,INSUFFICIENT_DATA,,,NO,INSUFFICIENT_BACKLINK_DATA,,,GOOD,,PRESENT,,P2,UNKNOWN,MEASURING,2026-10-13,NO,GSC metrics are filtered views and must not be treated as total page traffic.
2026-09-15,2026-09-08 (latest available file),2026-09-15T10:39:50+00:00,moringa-oil-benefits-skin-hair-health-2026,https://nutrithrive.com.au/blog/moringa-oil-benefits-skin-hair-health-2026,https://nutrithrive.com.au/blog/moringa-oil-benefits-skin-hair-health-2026,Moringa Oil for Skin & Hair: What's Different,site/blog/moringa-oil-benefits-skin-hair-health-2026.html,tracked_content,YES,tracked HTML content,YES,NO,200,https://nutrithrive.com.au/blog/moringa-oil-benefits-skin-hair-health-2026,https://nutrithrive.com.au/blog/moringa-oil-benefits-skin-hair-health-2026,https://nutrithrive.com.au/blog/moringa-oil-benefits-skin-hair-health-2026,YES,,"index, follow",YES,PRESENT,4 incoming internal links,PRESENT,PRESENT,MORINGA,COMPARISON,Moringa Oil for Skin & Hair: What's Different,DATA UNAVAILABLE,URL_TITLE_INFERENCE,MORINGA,DATA UNAVAILABLE,,,,,DATA UNAVAILABLE,,,,,NO,3.6,45%,LOW,7.4,INTENT_HYPOTHESIS_ONLY,LOW,IMPROVE,REVIEW_REQUIRED,MEASURE current implementation; review after lock,Measure blog_product_click and downstream GA4 events,,INSUFFICIENT_DATA,,,NO,INSUFFICIENT_BACKLINK_DATA,,,GOOD,,PRESENT,,P2,UNKNOWN,MEASURING,2026-10-13,YES,GSC metrics are filtered views and must not be treated as total page traffic.
2026-09-15,2026-09-08 (latest available file),2026-09-15T10:39:50+00:00,moringa-patches-australia-review-do-they-work,https://nutrithrive.com.au/blog/moringa-patches-australia-review-do-they-work,https://nutrithrive.com.au/blog/moringa-patches-australia-review-do-they-work,Glorenda & Healrize Moringa Patches Australia: Do They Work?,site/blog/moringa-patches-australia-review-do-they-work.html,tracked_content,YES,tracked HTML content,YES,NO,200,https://nutrithrive.com.au/blog/moringa-patches-australia-review-do-they-work,https://nutrithrive.com.au/blog/moringa-patches-australia-review-do-they-work,https://nutrithrive.com.au/blog/moringa-patches-australia-review-do-they-work,YES,,"index, follow",YES,PRESENT,91 incoming internal links,PRESENT,PRESENT,MORINGA,COMPARISON,Glorenda & Healrize Moringa Patches Australia: Do They Work?,DATA UNAVAILABLE,URL_TITLE_INFERENCE,MORINGA,nutrithrive.com.au-Performance-on-Search-2026-09-08.xlsx (3-month question-filtered view),22.0,1665.0,0.0132,5.99,nutrithrive.com.au-Performance-on-Search-2026-09-08 (1).xlsx (12-month commercial-filtered view),104.0,8849.0,0.0118,6.97,NO,8.4,65%,MEDIUM,8.2,INTENT_HYPOTHESIS_ONLY,LOW,PROTECT,BLOCKED_PENDING_REVIEW,MEASURE current implementation; review after lock,Measure blog_product_click and downstream GA4 events,,INSUFFICIENT_DATA,,,NO,INSUFFICIENT_BACKLINK_DATA,,,GOOD,,PRESENT,,P1,UNKNOWN,MEASURING,2026-10-13,YES,GSC metrics are filtered views and must not be treated as total page traffic.
2026-09-15,2026-09-08 (latest available file),2026-09-15T10:39:50+00:00,moringa-powder-victoria-seniors-joint-health,https://nutrithrive.com.au/blog/moringa-powder-victoria-seniors-joint-health,https://nutrithrive.com.au/blog/moringa-powder-victoria-seniors-joint-health,How Victorian Seniors Add Moringa Powder to Everyday Meals,site/blog/moringa-powder-victoria-seniors-joint-health.html,tracked_content,YES,tracked HTML content,YES,NO,200,https://nutrithrive.com.au/blog/moringa-powder-victoria-seniors-joint-health,https://nutrithrive.com.au/blog/moringa-powder-victoria-seniors-joint-health,https://nutrithrive.com.au/blog/moringa-powder-victoria-seniors-joint-health,YES,,"index, follow",YES,PRESENT,7 incoming internal links,PRESENT,PRESENT,MORINGA,PROBLEM_SOLVING,How Victorian Seniors Add Moringa Powder to Everyday Meals,DATA UNAVAILABLE,URL_TITLE_INFERENCE,MORINGA,nutrithrive.com.au-Performance-on-Search-2026-09-08.xlsx (3-month question-filtered view),1.0,64.0,0.015600000000000001,18.08,nutrithrive.com.au-Performance-on-Search-2026-09-08 (1).xlsx (12-month commercial-filtered view),0.0,2.0,0.0,40.0,NO,7.0,65%,MEDIUM,7.7,INTENT_HYPOTHESIS_ONLY,LOW,IMPROVE,REVIEW_REQUIRED,MEASURE current implementation; review after lock,Measure blog_product_click and downstream GA4 events,,INSUFFICIENT_DATA,,,NO,INSUFFICIENT_BACKLINK_DATA,,,GOOD,,PRESENT,,P2,UNKNOWN,MEASURING,2026-10-13,YES,GSC metrics are filtered views and must not be treated as total page traffic.
2026-09-15,2026-09-08 (latest available file),2026-09-15T10:39:50+00:00,moringa-pregnancy-safe-australia-trimester-guide-2026,https://nutrithrive.com.au/blog/moringa-pregnancy-safe-australia-trimester-guide-2026,https://nutrithrive.com.au/blog/moringa-pregnancy-safe-australia-trimester-guide-2026,Moringa and Pregnancy: A Trimester Guide,site/blog/moringa-pregnancy-safe-australia-trimester-guide-2026.html,tracked_content,YES,tracked HTML content,YES,NO,200,https://nutrithrive.com.au/blog/moringa-pregnancy-safe-australia-trimester-guide-2026,https://nutrithrive.com.au/blog/moringa-pregnancy-safe-australia-trimester-guide-2026,https://nutrithrive.com.au/blog/moringa-pregnancy-safe-australia-trimester-guide-2026,YES,,"index, follow",YES,PRESENT,14 incoming internal links,PRESENT,PRESENT,MORINGA,COMPARISON,Moringa and Pregnancy: A Trimester Guide,DATA UNAVAILABLE,URL_TITLE_INFERENCE,MORINGA,DATA UNAVAILABLE,,,,,DATA UNAVAILABLE,,,,,NO,3.4,45%,LOW,7.2,INTENT_HYPOTHESIS_ONLY,LOW,IMPROVE,BLOCKED_PENDING_REVIEW,MEASURE current implementation; review after lock,Measure blog_product_click and downstream GA4 events,,INSUFFICIENT_DATA,,,NO,INSUFFICIENT_BACKLINK_DATA,,,GOOD,,PRESENT,,P2,UNKNOWN,MEASURING,2026-10-13,YES,GSC metrics are filtered views and must not be treated as total page traffic.
2026-09-15,2026-09-08 (latest available file),2026-09-15T10:39:50+00:00,moringa-side-effects-what-happens-take-too-much-2026,https://nutrithrive.com.au/blog/moringa-side-effects-what-happens-take-too-much-2026,https://nutrithrive.com.au/blog/moringa-side-effects-what-happens-take-too-much-2026,Moringa Side Effects in Australia: Start-Small Guide,site/blog/moringa-side-effects-what-happens-take-too-much-2026.html,tracked_content,YES,tracked HTML content,YES,NO,200,https://nutrithrive.com.au/blog/moringa-side-effects-what-happens-take-too-much-2026,https://nutrithrive.com.au/blog/moringa-side-effects-what-happens-take-too-much-2026,https://nutrithrive.com.au/blog/moringa-side-effects-what-happens-take-too-much-2026,YES,,"index, follow",YES,PRESENT,52 incoming internal links,PRESENT,PRESENT,MORINGA,PROBLEM_SOLVING,Moringa Side Effects in Australia: Start-Small Guide,DATA UNAVAILABLE,URL_TITLE_INFERENCE,MORINGA,nutrithrive.com.au-Performance-on-Search-2026-09-08.xlsx (3-month question-filtered view),0.0,3.0,0.0,5.0,DATA UNAVAILABLE,,,,,NO,7.2,65%,MEDIUM,7.0,INTENT_HYPOTHESIS_ONLY,LOW,IMPROVE,BLOCKED_PENDING_REVIEW,MEASURE current implementation; review after lock,Measure blog_product_click and downstream GA4 events,,INSUFFICIENT_DATA,,,NO,INSUFFICIENT_BACKLINK_DATA,,,GOOD,,PRESENT,,P2,UNKNOWN,MEASURING,2026-10-13,YES,GSC metrics are filtered views and must not be treated as total page traffic.
2026-09-15,2026-09-08 (latest available file),2026-09-15T10:39:50+00:00,moringa-smoothie-recipes-australia-2026,https://nutrithrive.com.au/blog/moringa-smoothie-recipes-australia-2026,https://nutrithrive.com.au/blog/moringa-smoothie-recipes-australia-2026,5 Moringa Smoothie Recipes That Don't Taste Like Grass,site/blog/moringa-smoothie-recipes-australia-2026.html,tracked_content,YES,tracked HTML content,YES,NO,200,https://nutrithrive.com.au/blog/moringa-smoothie-recipes-australia-2026,https://nutrithrive.com.au/blog/moringa-smoothie-recipes-australia-2026,https://nutrithrive.com.au/blog/moringa-smoothie-recipes-australia-2026,YES,,"index, follow",YES,PRESENT,22 incoming internal links,PRESENT,PRESENT,MORINGA,COMMERCIAL_RESEARCH,5 Moringa Smoothie Recipes That Don't Taste Like Grass,DATA UNAVAILABLE,URL_TITLE_INFERENCE,MORINGA,DATA UNAVAILABLE,,,,,DATA UNAVAILABLE,,,,,NO,3.6,45%,LOW,7.4,INTENT_HYPOTHESIS_ONLY,LOW,IMPROVE,REVIEW_REQUIRED,MEASURE current implementation; review after lock,Measure blog_product_click and downstream GA4 events,,INSUFFICIENT_DATA,,,NO,INSUFFICIENT_BACKLINK_DATA,,,GOOD,,PRESENT,,P2,UNKNOWN,MEASURING,2026-10-13,YES,GSC metrics are filtered views and must not be treated as total page traffic.
2026-09-15,2026-09-08 (latest available file),2026-09-15T10:39:50+00:00,moringa-smoothie-recipes-australia-easy-2026,https://nutrithrive.com.au/blog/moringa-smoothie-recipes-australia-easy-2026,https://nutrithrive.com.au/blog/moringa-smoothie-recipes-australia-2026,Guide moved | NutriThrive,site/blog/moringa-smoothie-recipes-australia-easy-2026.html,tracked_content,YES,tracked HTML content,YES,NO,301,https://nutrithrive.com.au/blog/moringa-smoothie-recipes-australia-2026,https://nutrithrive.com.au/blog/moringa-smoothie-recipes-australia-2026,https://nutrithrive.com.au/blog/moringa-smoothie-recipes-australia-2026,NO,,"index, follow",YES,ABSENT,0 incoming internal links,ABSENT,ABSENT,MORINGA,PROBLEM_SOLVING,Guide moved | NutriThrive,DATA UNAVAILABLE,URL_TITLE_INFERENCE,MORINGA,DATA UNAVAILABLE,,,,,DATA UNAVAILABLE,,,,,NO,3.8,45%,LOW,7.2,INTENT_HYPOTHESIS_ONLY,LOW,CONSOLIDATE,CLEAR,Preserve redirect; do not index source,None,,INSUFFICIENT_DATA,https://nutrithrive.com.au/blog/moringa-smoothie-recipes-australia-2026,https://nutrithrive.com.au/blog/moringa-smoothie-recipes-australia-2026,NO,INSUFFICIENT_BACKLINK_DATA,,,IRRELEVANT,forced_or_missing_product_transition,MISSING,,P3,UNKNOWN,LOCKED,2026-10-13,YES,GSC metrics are filtered views and must not be treated as total page traffic.
2026-09-15,2026-09-08 (latest available file),2026-09-15T10:39:50+00:00,moringa-soap-benefits-skin-guide,https://nutrithrive.com.au/blog/moringa-soap-benefits-skin-guide,https://nutrithrive.com.au/blog/moringa-soap-benefits-skin-guide,Moringa Soap Australia: $7 Bar vs Skin Hype,site/blog/moringa-soap-benefits-skin-guide.html,tracked_content,YES,tracked HTML content,YES,NO,200,https://nutrithrive.com.au/blog/moringa-soap-benefits-skin-guide,https://nutrithrive.com.au/blog/moringa-soap-benefits-skin-guide,https://nutrithrive.com.au/blog/moringa-soap-benefits-skin-guide,YES,,"index, follow",YES,PRESENT,17 incoming internal links,PRESENT,PRESENT,SOAP,COMPARISON,Moringa Soap Australia: $7 Bar vs Skin Hype,DATA UNAVAILABLE,URL_TITLE_INFERENCE,SOAP,DATA UNAVAILABLE,,,,,DATA UNAVAILABLE,,,,,NO,3.4,45%,LOW,7.2,INTENT_HYPOTHESIS_ONLY,LOW,IMPROVE,BLOCKED_PENDING_REVIEW,MEASURE current implementation; review after lock,Measure blog_product_click and downstream GA4 events,,INSUFFICIENT_DATA,,,NO,INSUFFICIENT_BACKLINK_DATA,,,GOOD,,PRESENT,,P2,UNKNOWN,MEASURING,2026-10-13,YES,GSC metrics are filtered views and must not be treated as total page traffic.
2026-09-15,2026-09-08 (latest available file),2026-09-15T10:39:50+00:00,moringa-soap-vs-regular-soap-comparison-2026,https://nutrithrive.com.au/blog/moringa-soap-vs-regular-soap-comparison-2026,https://nutrithrive.com.au/blog/moringa-soap-vs-regular-soap-comparison-2026,Moringa Soap vs Regular Soap: The Difference,site/blog/moringa-soap-vs-regular-soap-comparison-2026.html,tracked_content,YES,tracked HTML content,YES,NO,200,https://nutrithrive.com.au/blog/moringa-soap-vs-regular-soap-comparison-2026,https://nutrithrive.com.au/blog/moringa-soap-vs-regular-soap-comparison-2026,https://nutrithrive.com.au/blog/moringa-soap-vs-regular-soap-comparison-2026,YES,,"index, follow",YES,PRESENT,12 incoming internal links,PRESENT,PRESENT,SOAP,COMPARISON,Moringa Soap vs Regular Soap: The Difference,DATA UNAVAILABLE,URL_TITLE_INFERENCE,SOAP,DATA UNAVAILABLE,,,,,DATA UNAVAILABLE,,,,,NO,3.6,45%,LOW,7.4,INTENT_HYPOTHESIS_ONLY,LOW,IMPROVE,REVIEW_REQUIRED,MEASURE current implementation; review after lock,Measure blog_product_click and downstream GA4 events,,INSUFFICIENT_DATA,,,NO,INSUFFICIENT_BACKLINK_DATA,,,GOOD,,PRESENT,,P2,UNKNOWN,MEASURING,2026-10-13,YES,GSC metrics are filtered views and must not be treated as total page traffic.
2026-09-15,2026-09-08 (latest available file),2026-09-15T10:39:50+00:00,moringa-thyroid-hashimotos-hypothyroidism-2026,https://nutrithrive.com.au/blog/moringa-thyroid-hashimotos-hypothyroidism-2026,https://nutrithrive.com.au/blog/moringa-thyroid-hashimotos-hypothyroidism-2026,Moringa and Thyroid: Should People with Thyroid Conditions,site/blog/moringa-thyroid-hashimotos-hypothyroidism-2026.html,tracked_content,YES,tracked HTML content,YES,NO,200,https://nutrithrive.com.au/blog/moringa-thyroid-hashimotos-hypothyroidism-2026,https://nutrithrive.com.au/blog/moringa-thyroid-hashimotos-hypothyroidism-2026,https://nutrithrive.com.au/blog/moringa-thyroid-hashimotos-hypothyroidism-2026,YES,,"index, follow",YES,PRESENT,7 incoming internal links,PRESENT,PRESENT,MORINGA,INFORMATIONAL,Moringa and Thyroid: Should People with Thyroid Conditions,DATA UNAVAILABLE,URL_TITLE_INFERENCE,MORINGA,nutrithrive.com.au-Performance-on-Search-2026-09-08.xlsx (3-month question-filtered view),1.0,35.0,0.0286,6.86,nutrithrive.com.au-Performance-on-Search-2026-09-08 (1).xlsx (12-month commercial-filtered view),0.0,1.0,0.0,2.0,NO,6.4,65%,MEDIUM,7.4,INTENT_HYPOTHESIS_ONLY,LOW,LOW_PRIORITY,BLOCKED_PENDING_REVIEW,No active work,Measure blog_product_click and downstream GA4 events,,INSUFFICIENT_DATA,,,NO,INSUFFICIENT_BACKLINK_DATA,,,GOOD,,PRESENT,,P3,UNKNOWN,MEASURING,2026-10-13,YES,GSC metrics are filtered views and must not be treated as total page traffic.
2026-09-15,2026-09-08 (latest available file),2026-09-15T10:39:50+00:00,moringa-vs-ashwagandha-comparison-2026,https://nutrithrive.com.au/blog/moringa-vs-ashwagandha-comparison-2026,https://nutrithrive.com.au/blog/moringa-vs-ashwagandha-comparison-2026,Moringa vs Ashwagandha: Key Differences Explained,site/blog/moringa-vs-ashwagandha-comparison-2026.html,tracked_content,YES,tracked HTML content,YES,NO,200,https://nutrithrive.com.au/blog/moringa-vs-ashwagandha-comparison-2026,https://nutrithrive.com.au/blog/moringa-vs-ashwagandha-comparison-2026,https://nutrithrive.com.au/blog/moringa-vs-ashwagandha-comparison-2026,YES,,"index, follow",YES,PRESENT,5 incoming internal links,PRESENT,PRESENT,MORINGA,COMPARISON,Moringa vs Ashwagandha: Key Differences Explained,DATA UNAVAILABLE,URL_TITLE_INFERENCE,MORINGA,nutrithrive.com.au-Performance-on-Search-2026-09-08.xlsx (3-month question-filtered view),0.0,27.0,0.0,17.67,nutrithrive.com.au-Performance-on-Search-2026-09-08 (1).xlsx (12-month commercial-filtered view),0.0,83.0,0.0,8.77,NO,8.0,65%,MEDIUM,7.6,INTENT_HYPOTHESIS_ONLY,LOW,IMPROVE,BLOCKED_PENDING_REVIEW,MEASURE current implementation; review after lock,Measure blog_product_click and downstream GA4 events,,INSUFFICIENT_DATA,,,NO,INSUFFICIENT_BACKLINK_DATA,,,GOOD,,PRESENT,,P2,UNKNOWN,MEASURING,2026-10-13,YES,GSC metrics are filtered views and must not be treated as total page traffic.
2026-09-15,2026-09-08 (latest available file),2026-09-15T10:39:50+00:00,moringa-vs-coffee-melbourne-energy-hack,https://nutrithrive.com.au/blog/moringa-vs-coffee-melbourne-energy-hack,https://nutrithrive.com.au/blog/moringa-vs-coffee-melbourne-energy-hack,Does Moringa Have Caffeine? Vs Coffee in Melbourne,site/blog/moringa-vs-coffee-melbourne-energy-hack.html,tracked_content,YES,tracked HTML content,YES,NO,200,https://nutrithrive.com.au/blog/moringa-vs-coffee-melbourne-energy-hack,https://nutrithrive.com.au/blog/moringa-vs-coffee-melbourne-energy-hack,https://nutrithrive.com.au/blog/moringa-vs-coffee-melbourne-energy-hack,YES,,"index, follow",YES,PRESENT,24 incoming internal links,PRESENT,PRESENT,MORINGA,COMPARISON,Does Moringa Have Caffeine? Vs Coffee in Melbourne,DATA UNAVAILABLE,URL_TITLE_INFERENCE,MORINGA,nutrithrive.com.au-Performance-on-Search-2026-09-08.xlsx (3-month question-filtered view),0.0,715.0,0.0,10.25,nutrithrive.com.au-Performance-on-Search-2026-09-08 (1).xlsx (12-month commercial-filtered view),0.0,12.0,0.0,5.08,NO,8.2,65%,MEDIUM,8.2,INTENT_HYPOTHESIS_ONLY,LOW,PROTECT,REVIEW_REQUIRED,MEASURE current implementation; review after lock,Measure blog_product_click and downstream GA4 events,,INSUFFICIENT_DATA,,,NO,INSUFFICIENT_BACKLINK_DATA,,,GOOD,,PRESENT,,P1,UNKNOWN,MEASURING,2026-10-13,YES,GSC metrics are filtered views and must not be treated as total page traffic.
2026-09-15,2026-09-08 (latest available file),2026-09-15T10:39:50+00:00,moringa-vs-spirulina-vs-matcha-comparison-australia,https://nutrithrive.com.au/blog/moringa-vs-spirulina-vs-matcha-comparison-australia,https://nutrithrive.com.au/blog/moringa-vs-spirulina-vs-matcha-comparison-australia,Best Greens Powder Australia? Moringa vs Spirulina vs Matcha,site/blog/moringa-vs-spirulina-vs-matcha-comparison-australia.html,tracked_content,YES,tracked HTML content,YES,NO,200,https://nutrithrive.com.au/blog/moringa-vs-spirulina-vs-matcha-comparison-australia,https://nutrithrive.com.au/blog/moringa-vs-spirulina-vs-matcha-comparison-australia,https://nutrithrive.com.au/blog/moringa-vs-spirulina-vs-matcha-comparison-australia,YES,,"index, follow",YES,PRESENT,28 incoming internal links,PRESENT,PRESENT,MORINGA,COMPARISON,Best Greens Powder Australia? Moringa vs Spirulina vs Matcha,DATA UNAVAILABLE,URL_TITLE_INFERENCE,MORINGA,nutrithrive.com.au-Performance-on-Search-2026-09-08.xlsx (3-month question-filtered view),0.0,48.0,0.0,16.33,nutrithrive.com.au-Performance-on-Search-2026-09-08 (1).xlsx (12-month commercial-filtered view),5.0,1004.0,0.005,9.51,NO,8.7,65%,MEDIUM,8.3,INTENT_HYPOTHESIS_ONLY,LOW,PROTECT,REVIEW_REQUIRED,MEASURE current implementation; review after lock,Measure blog_product_click and downstream GA4 events,,INSUFFICIENT_DATA,,,NO,INSUFFICIENT_BACKLINK_DATA,,,GOOD,,PRESENT,,P1,UNKNOWN,MEASURING,2026-10-13,YES,GSC metrics are filtered views and must not be treated as total page traffic.
2026-09-15,2026-09-08 (latest available file),2026-09-15T10:39:50+00:00,moringa-vs-whey-protein-comparison-2026,https://nutrithrive.com.au/blog/moringa-vs-whey-protein-comparison-2026,https://nutrithrive.com.au/blog/moringa-vs-whey-protein-comparison-2026,"Moringa vs Whey Protein: Cost, Protein & Everyday Use (AU)",site/blog/moringa-vs-whey-protein-comparison-2026.html,tracked_content,YES,tracked HTML content,YES,NO,200,https://nutrithrive.com.au/blog/moringa-vs-whey-protein-comparison-2026,https://nutrithrive.com.au/blog/moringa-vs-whey-protein-comparison-2026,https://nutrithrive.com.au/blog/moringa-vs-whey-protein-comparison-2026,YES,,"index, follow",YES,PRESENT,9 incoming internal links,PRESENT,PRESENT,MORINGA,COMPARISON,"Moringa vs Whey Protein: Cost, Protein & Everyday Use (AU)",DATA UNAVAILABLE,URL_TITLE_INFERENCE,MORINGA,nutrithrive.com.au-Performance-on-Search-2026-09-08.xlsx (3-month question-filtered view),1.0,30.0,0.0333,1.63,nutrithrive.com.au-Performance-on-Search-2026-09-08 (1).xlsx (12-month commercial-filtered view),0.0,1.0,0.0,8.0,NO,5.1,65%,MEDIUM,7.6,INTENT_HYPOTHESIS_ONLY,LOW,IMPROVE,REVIEW_REQUIRED,MEASURE current implementation; review after lock,Measure blog_product_click and downstream GA4 events,,INSUFFICIENT_DATA,,,NO,INSUFFICIENT_BACKLINK_DATA,,,GOOD,,PRESENT,,P2,UNKNOWN,MEASURING,2026-10-13,YES,GSC metrics are filtered views and must not be treated as total page traffic.
2026-09-15,2026-09-08 (latest available file),2026-09-15T10:39:50+00:00,moringa-wellness-shot-recipe-winter-2026,https://nutrithrive.com.au/blog/moringa-wellness-shot-recipe-winter-2026,https://nutrithrive.com.au/blog/moringa-wellness-shot-recipe-winter-2026,Moringa Wellness Shot Recipe (2 Minutes) | Australia,site/blog/moringa-wellness-shot-recipe-winter-2026.html,tracked_content,YES,tracked HTML content,YES,NO,200,https://nutrithrive.com.au/blog/moringa-wellness-shot-recipe-winter-2026,https://nutrithrive.com.au/blog/moringa-wellness-shot-recipe-winter-2026,https://nutrithrive.com.au/blog/moringa-wellness-shot-recipe-winter-2026,YES,,"index, follow",YES,PRESENT,6 incoming internal links,PRESENT,PRESENT,MORINGA,PROBLEM_SOLVING,Moringa Wellness Shot Recipe (2 Minutes) | Australia,DATA UNAVAILABLE,URL_TITLE_INFERENCE,MORINGA,nutrithrive.com.au-Performance-on-Search-2026-09-08.xlsx (3-month question-filtered view),0.0,7.0,0.0,5.86,DATA UNAVAILABLE,,,,,NO,7.6,65%,MEDIUM,7.3,INTENT_HYPOTHESIS_ONLY,LOW,IMPROVE,REVIEW_REQUIRED,MEASURE current implementation; review after lock,Measure blog_product_click and downstream GA4 events,,INSUFFICIENT_DATA,,,NO,INSUFFICIENT_BACKLINK_DATA,,,GOOD,,PRESENT,,P2,UNKNOWN,MEASURING,2026-10-13,YES,GSC metrics are filtered views and must not be treated as total page traffic.
2026-09-15,2026-09-08 (latest available file),2026-09-15T10:39:50+00:00,moringa-with-vitamin-c-iron-absorption-guide-2026,https://nutrithrive.com.au/blog/moringa-with-vitamin-c-iron-absorption-guide-2026,https://nutrithrive.com.au/blog/moringa-with-vitamin-c-iron-absorption-guide-2026,Moringa Vitamin C & Iron Absorption | Australia Guide,site/blog/moringa-with-vitamin-c-iron-absorption-guide-2026.html,tracked_content,YES,tracked HTML content,YES,NO,200,https://nutrithrive.com.au/blog/moringa-with-vitamin-c-iron-absorption-guide-2026,https://nutrithrive.com.au/blog/moringa-with-vitamin-c-iron-absorption-guide-2026,https://nutrithrive.com.au/blog/moringa-with-vitamin-c-iron-absorption-guide-2026,YES,,"index, follow",YES,PRESENT,14 incoming internal links,PRESENT,PRESENT,MORINGA,COMPARISON,Moringa Vitamin C & Iron Absorption | Australia Guide,DATA UNAVAILABLE,URL_TITLE_INFERENCE,MORINGA,nutrithrive.com.au-Performance-on-Search-2026-09-08.xlsx (3-month question-filtered view),0.0,2.0,0.0,22.5,DATA UNAVAILABLE,,,,,NO,6.1,65%,MEDIUM,7.1,INTENT_HYPOTHESIS_ONLY,LOW,IMPROVE,REVIEW_REQUIRED,MEASURE current implementation; review after lock,Measure blog_product_click and downstream GA4 events,,INSUFFICIENT_DATA,,,NO,INSUFFICIENT_BACKLINK_DATA,,,GOOD,,PRESENT,,P2,UNKNOWN,MEASURING,2026-10-13,YES,GSC metrics are filtered views and must not be treated as total page traffic.
2026-09-15,2026-09-08 (latest available file),2026-09-15T10:39:50+00:00,morning-routine-health-tips-australia-2026,https://nutrithrive.com.au/blog/morning-routine-health-tips-australia-2026,https://nutrithrive.com.au/blog/morning-routine-health-tips-australia-2026,How to Build a Morning Routine That Actually Improves Your,site/blog/morning-routine-health-tips-australia-2026.html,tracked_content,YES,tracked HTML content,YES,NO,200,https://nutrithrive.com.au/blog/morning-routine-health-tips-australia-2026,https://nutrithrive.com.au/blog/morning-routine-health-tips-australia-2026,https://nutrithrive.com.au/blog/morning-routine-health-tips-australia-2026,YES,,"index, follow",YES,PRESENT,8 incoming internal links,PRESENT,PRESENT,GENERAL,PROBLEM_SOLVING,How to Build a Morning Routine That Actually Improves Your,DATA UNAVAILABLE,URL_TITLE_INFERENCE,GENERAL,DATA UNAVAILABLE,,,,,DATA UNAVAILABLE,,,,,NO,2.5,45%,LOW,4.2,INTENT_HYPOTHESIS_ONLY,LOW,IMPROVE,REVIEW_REQUIRED,MEASURE current implementation; review after lock,Measure blog_product_click and downstream GA4 events,,INSUFFICIENT_DATA,,,NO,INSUFFICIENT_BACKLINK_DATA,,,GOOD,,PRESENT,,P2,UNKNOWN,MEASURING,2026-10-13,YES,GSC metrics are filtered views and must not be treated as total page traffic.
2026-09-15,2026-09-08 (latest available file),2026-09-15T10:39:50+00:00,natural-pre-workout-moringa-australia-2026,https://nutrithrive.com.au/blog/natural-pre-workout-moringa-australia-2026,https://nutrithrive.com.au/blog/natural-pre-workout-moringa-australia-2026,Moringa as a Natural Pre-Workout in Australia (2026),site/blog/natural-pre-workout-moringa-australia-2026.html,tracked_content,YES,tracked HTML content,YES,NO,200,https://nutrithrive.com.au/blog/natural-pre-workout-moringa-australia-2026,https://nutrithrive.com.au/blog/natural-pre-workout-moringa-australia-2026,https://nutrithrive.com.au/blog/natural-pre-workout-moringa-australia-2026,YES,,"index, follow",YES,PRESENT,5 incoming internal links,PRESENT,PRESENT,MORINGA,PROBLEM_SOLVING,Moringa as a Natural Pre-Workout in Australia (2026),DATA UNAVAILABLE,URL_TITLE_INFERENCE,MORINGA,DATA UNAVAILABLE,,,,,nutrithrive.com.au-Performance-on-Search-2026-09-08 (1).xlsx (12-month commercial-filtered view),0.0,2.0,0.0,6.5,NO,7.3,65%,MEDIUM,7.1,INTENT_HYPOTHESIS_ONLY,LOW,IMPROVE,REVIEW_REQUIRED,MEASURE current implementation; review after lock,Measure blog_product_click and downstream GA4 events,,INSUFFICIENT_DATA,,,NO,INSUFFICIENT_BACKLINK_DATA,,,GOOD,,PRESENT,,P2,UNKNOWN,MEASURING,2026-10-13,YES,GSC metrics are filtered views and must not be treated as total page traffic.
2026-09-15,2026-09-08 (latest available file),2026-09-15T10:39:50+00:00,nutrithrive-dried-curry-leaves-tradition-health,https://nutrithrive.com.au/blog/nutrithrive-dried-curry-leaves-tradition-health,https://nutrithrive.com.au/blog/nutrithrive-dried-curry-leaves-tradition-health,Dried Curry Leaves: Health Benefits & Uses in Australia,site/blog/nutrithrive-dried-curry-leaves-tradition-health.html,tracked_content,YES,tracked HTML content,YES,NO,200,https://nutrithrive.com.au/blog/nutrithrive-dried-curry-leaves-tradition-health,https://nutrithrive.com.au/blog/nutrithrive-dried-curry-leaves-tradition-health,https://nutrithrive.com.au/blog/nutrithrive-dried-curry-leaves-tradition-health,YES,,"index, follow",YES,PRESENT,24 incoming internal links,PRESENT,PRESENT,CURRY,COMPARISON,Dried Curry Leaves: Health Benefits & Uses in Australia,DATA UNAVAILABLE,URL_TITLE_INFERENCE,CURRY,DATA UNAVAILABLE,,,,,nutrithrive.com.au-Performance-on-Search-2026-09-08 (1).xlsx (12-month commercial-filtered view),0.0,9.0,0.0,9.67,NO,7.7,65%,MEDIUM,7.4,INTENT_HYPOTHESIS_ONLY,LOW,IMPROVE,REVIEW_REQUIRED,MEASURE current implementation; review after lock,Measure blog_product_click and downstream GA4 events,,INSUFFICIENT_DATA,,,NO,INSUFFICIENT_BACKLINK_DATA,,,GOOD,,PRESENT,,P2,UNKNOWN,MEASURING,2026-10-13,YES,GSC metrics are filtered views and must not be treated as total page traffic.
2026-09-15,2026-09-08 (latest available file),2026-09-15T10:39:50+00:00,omega-3-deficiency-australia-inflammation-food-sources-2026,https://nutrithrive.com.au/blog/omega-3-deficiency-australia-inflammation-food-sources-2026,https://nutrithrive.com.au/blog/omega-3-deficiency-australia-inflammation-food-sources-2026,Omega-3 Deficiency in Australia: The Silent Driver of,site/blog/omega-3-deficiency-australia-inflammation-food-sources-2026.html,tracked_content,YES,tracked HTML content,YES,NO,200,https://nutrithrive.com.au/blog/omega-3-deficiency-australia-inflammation-food-sources-2026,https://nutrithrive.com.au/blog/omega-3-deficiency-australia-inflammation-food-sources-2026,https://nutrithrive.com.au/blog/omega-3-deficiency-australia-inflammation-food-sources-2026,YES,,"index, follow",YES,PRESENT,6 incoming internal links,PRESENT,PRESENT,GENERAL,BROAD_WEAK_ALIGNMENT,Omega-3 Deficiency in Australia: The Silent Driver of,DATA UNAVAILABLE,URL_TITLE_INFERENCE,GENERAL,DATA UNAVAILABLE,,,,,DATA UNAVAILABLE,,,,,NO,2.2,45%,LOW,4.2,INTENT_HYPOTHESIS_ONLY,LOW,LOW_PRIORITY,REVIEW_REQUIRED,No active work,Measure blog_product_click and downstream GA4 events,,INSUFFICIENT_DATA,,,NO,INSUFFICIENT_BACKLINK_DATA,,,GOOD,,PRESENT,,P3,UNKNOWN,MEASURING,2026-10-13,YES,GSC metrics are filtered views and must not be treated as total page traffic.
2026-09-15,2026-09-08 (latest available file),2026-09-15T10:39:50+00:00,quick-healthy-meal-ideas-15-minutes-australia,https://nutrithrive.com.au/blog/quick-healthy-meal-ideas-15-minutes-australia,https://nutrithrive.com.au/blog/quick-healthy-meal-ideas-15-minutes-australia,3 Quick Healthy Meal Ideas Ready in 15 Minutes,site/blog/quick-healthy-meal-ideas-15-minutes-australia.html,tracked_content,YES,tracked HTML content,YES,NO,200,https://nutrithrive.com.au/blog/quick-healthy-meal-ideas-15-minutes-australia,https://nutrithrive.com.au/blog/quick-healthy-meal-ideas-15-minutes-australia,https://nutrithrive.com.au/blog/quick-healthy-meal-ideas-15-minutes-australia,YES,,"index, follow",YES,PRESENT,4 incoming internal links,PRESENT,PRESENT,GENERAL,PROBLEM_SOLVING,3 Quick Healthy Meal Ideas Ready in 15 Minutes,DATA UNAVAILABLE,URL_TITLE_INFERENCE,GENERAL,DATA UNAVAILABLE,,,,,DATA UNAVAILABLE,,,,,NO,2.5,45%,LOW,4.2,INTENT_HYPOTHESIS_ONLY,LOW,IMPROVE,REVIEW_REQUIRED,MEASURE current implementation; review after lock,Measure blog_product_click and downstream GA4 events,,INSUFFICIENT_DATA,,,NO,INSUFFICIENT_BACKLINK_DATA,,,GOOD,,PRESENT,,P2,UNKNOWN,MEASURING,2026-10-13,YES,GSC metrics are filtered views and must not be treated as total page traffic.
2026-09-15,2026-09-08 (latest available file),2026-09-15T10:39:50+00:00,rosabella-moringa-reviews-legit-or-overhyped-2026,https://nutrithrive.com.au/blog/rosabella-moringa-reviews-legit-or-overhyped-2026,https://nutrithrive.com.au/blog/rosabella-moringa-reviews-legit-or-overhyped-2026,Rosabella Moringa Reviews AU 2026: Legit or Hype?,site/blog/rosabella-moringa-reviews-legit-or-overhyped-2026.html,tracked_content,YES,tracked HTML content,YES,NO,200,https://nutrithrive.com.au/blog/rosabella-moringa-reviews-legit-or-overhyped-2026,https://nutrithrive.com.au/blog/rosabella-moringa-reviews-legit-or-overhyped-2026,https://nutrithrive.com.au/blog/rosabella-moringa-reviews-legit-or-overhyped-2026,YES,,"index, follow",YES,PRESENT,19 incoming internal links,PRESENT,PRESENT,MORINGA,COMPARISON,Rosabella Moringa Reviews AU 2026: Legit or Hype?,DATA UNAVAILABLE,URL_TITLE_INFERENCE,MORINGA,nutrithrive.com.au-Performance-on-Search-2026-09-08.xlsx (3-month question-filtered view),3.0,184.0,0.0163,9.0,nutrithrive.com.au-Performance-on-Search-2026-09-08 (1).xlsx (12-month commercial-filtered view),5.0,246.0,0.0203,8.85,NO,7.7,65%,MEDIUM,8.0,INTENT_HYPOTHESIS_ONLY,LOW,IMPROVE,REVIEW_REQUIRED,MEASURE current implementation; review after lock,Measure blog_product_click and downstream GA4 events,,INSUFFICIENT_DATA,,,NO,INSUFFICIENT_BACKLINK_DATA,,,GOOD,,PRESENT,,P2,UNKNOWN,MEASURING,2026-10-13,YES,GSC metrics are filtered views and must not be treated as total page traffic.
2026-09-15,2026-09-08 (latest available file),2026-09-15T10:39:50+00:00,science-shade-drying-vs-sun-drying-moringa,https://nutrithrive.com.au/blog/science-shade-drying-vs-sun-drying-moringa,https://nutrithrive.com.au/blog/science-shade-drying-vs-sun-drying-moringa,Shade-Dried vs Sun-Dried Moringa Powder (Australia),site/blog/science-shade-drying-vs-sun-drying-moringa.html,tracked_content,YES,tracked HTML content,YES,NO,200,https://nutrithrive.com.au/blog/science-shade-drying-vs-sun-drying-moringa,https://nutrithrive.com.au/blog/science-shade-drying-vs-sun-drying-moringa,https://nutrithrive.com.au/blog/science-shade-drying-vs-sun-drying-moringa,YES,,"index, follow",YES,PRESENT,39 incoming internal links,PRESENT,PRESENT,MORINGA,COMPARISON,Shade-Dried vs Sun-Dried Moringa Powder (Australia),DATA UNAVAILABLE,URL_TITLE_INFERENCE,MORINGA,nutrithrive.com.au-Performance-on-Search-2026-09-08.xlsx (3-month question-filtered view),0.0,93.0,0.0,8.99,nutrithrive.com.au-Performance-on-Search-2026-09-08 (1).xlsx (12-month commercial-filtered view),0.0,1.0,0.0,22.0,NO,8.2,65%,MEDIUM,7.8,INTENT_HYPOTHESIS_ONLY,LOW,IMPROVE,REVIEW_REQUIRED,MEASURE current implementation; review after lock,Measure blog_product_click and downstream GA4 events,,INSUFFICIENT_DATA,,,NO,INSUFFICIENT_BACKLINK_DATA,,,GOOD,,PRESENT,,P2,UNKNOWN,MEASURING,2026-10-13,YES,GSC metrics are filtered views and must not be treated as total page traffic.
2026-09-15,2026-09-08 (latest available file),2026-09-15T10:39:50+00:00,seed-oils-bad-for-you-honest-research-australia-2026,https://nutrithrive.com.au/blog/seed-oils-bad-for-you-honest-research-australia-2026,https://nutrithrive.com.au/blog/seed-oils-bad-for-you-honest-research-australia-2026,Are Seed Oils Actually Bad? What Research Shows,site/blog/seed-oils-bad-for-you-honest-research-australia-2026.html,tracked_content,YES,tracked HTML content,YES,NO,200,https://nutrithrive.com.au/blog/seed-oils-bad-for-you-honest-research-australia-2026,https://nutrithrive.com.au/blog/seed-oils-bad-for-you-honest-research-australia-2026,https://nutrithrive.com.au/blog/seed-oils-bad-for-you-honest-research-australia-2026,YES,,"index, follow",YES,PRESENT,7 incoming internal links,PRESENT,PRESENT,NONE,BROAD_WEAK_ALIGNMENT,Are Seed Oils Actually Bad? What Research Shows,DATA UNAVAILABLE,URL_TITLE_INFERENCE,NONE,DATA UNAVAILABLE,,,,,DATA UNAVAILABLE,,,,,NO,2.4,45%,LOW,4.4,INTENT_HYPOTHESIS_ONLY,LOW,LOW_PRIORITY,CLEAR,No active work,Measure blog_product_click and downstream GA4 events,,INSUFFICIENT_DATA,,,NO,INSUFFICIENT_BACKLINK_DATA,,,GOOD,,PRESENT,,P3,UNKNOWN,MEASURING,2026-10-13,NO,GSC metrics are filtered views and must not be treated as total page traffic.
2026-09-15,2026-09-08 (latest available file),2026-09-15T10:39:50+00:00,signs-magnesium-deficiency-australia-what-to-eat-2026,https://nutrithrive.com.au/blog/signs-magnesium-deficiency-australia-what-to-eat-2026,https://nutrithrive.com.au/blog/signs-magnesium-deficiency-australia-what-to-eat-2026,Signs of Magnesium Deficiency: What to Eat,site/blog/signs-magnesium-deficiency-australia-what-to-eat-2026.html,tracked_content,YES,tracked HTML content,YES,NO,200,https://nutrithrive.com.au/blog/signs-magnesium-deficiency-australia-what-to-eat-2026,https://nutrithrive.com.au/blog/signs-magnesium-deficiency-australia-what-to-eat-2026,https://nutrithrive.com.au/blog/signs-magnesium-deficiency-australia-what-to-eat-2026,YES,,"index, follow",YES,PRESENT,17 incoming internal links,PRESENT,PRESENT,GENERAL,PROBLEM_SOLVING,Signs of Magnesium Deficiency: What to Eat,DATA UNAVAILABLE,URL_TITLE_INFERENCE,GENERAL,DATA UNAVAILABLE,,,,,DATA UNAVAILABLE,,,,,NO,2.5,45%,LOW,4.2,INTENT_HYPOTHESIS_ONLY,LOW,IMPROVE,REVIEW_REQUIRED,MEASURE current implementation; review after lock,Measure blog_product_click and downstream GA4 events,,INSUFFICIENT_DATA,,,NO,INSUFFICIENT_BACKLINK_DATA,,,GOOD,,PRESENT,,P2,UNKNOWN,MEASURING,2026-10-13,YES,GSC metrics are filtered views and must not be treated as total page traffic.
2026-09-15,2026-09-08 (latest available file),2026-09-15T10:39:50+00:00,stop-eating-ultra-processed-food-30-days-what-happens-2026,https://nutrithrive.com.au/blog/stop-eating-ultra-processed-food-30-days-what-happens-2026,https://nutrithrive.com.au/blog/stop-eating-ultra-processed-food-30-days-what-happens-2026,30 Days Without Ultra-Processed Food: What Happened,site/blog/stop-eating-ultra-processed-food-30-days-what-happens-2026.html,tracked_content,YES,tracked HTML content,YES,NO,200,https://nutrithrive.com.au/blog/stop-eating-ultra-processed-food-30-days-what-happens-2026,https://nutrithrive.com.au/blog/stop-eating-ultra-processed-food-30-days-what-happens-2026,https://nutrithrive.com.au/blog/stop-eating-ultra-processed-food-30-days-what-happens-2026,YES,,"index, follow",YES,PRESENT,6 incoming internal links,PRESENT,PRESENT,GENERAL,BROAD_WEAK_ALIGNMENT,30 Days Without Ultra-Processed Food: What Happened,DATA UNAVAILABLE,URL_TITLE_INFERENCE,GENERAL,nutrithrive.com.au-Performance-on-Search-2026-09-08.xlsx (3-month question-filtered view),0.0,1.0,0.0,6.0,DATA UNAVAILABLE,,,,,NO,5.6,65%,MEDIUM,3.6,INTENT_HYPOTHESIS_ONLY,LOW,LOW_PRIORITY,BLOCKED_PENDING_REVIEW,No active work,Measure blog_product_click and downstream GA4 events,,INSUFFICIENT_DATA,,,NO,INSUFFICIENT_BACKLINK_DATA,,,GOOD,,PRESENT,,P3,UNKNOWN,MEASURING,2026-10-13,YES,GSC metrics are filtered views and must not be treated as total page traffic.
2026-09-15,2026-09-08 (latest available file),2026-09-15T10:39:50+00:00,strength-training-women-over-35-why-it-matters-2026,https://nutrithrive.com.au/blog/strength-training-women-over-35-why-it-matters-2026,https://nutrithrive.com.au/blog/strength-training-women-over-35-why-it-matters-2026,Strength Training for Women Over 35 | NutriThrive,site/blog/strength-training-women-over-35-why-it-matters-2026.html,tracked_content,YES,tracked HTML content,YES,NO,200,https://nutrithrive.com.au/blog/strength-training-women-over-35-why-it-matters-2026,https://nutrithrive.com.au/blog/strength-training-women-over-35-why-it-matters-2026,https://nutrithrive.com.au/blog/strength-training-women-over-35-why-it-matters-2026,YES,,"index, follow",YES,PRESENT,8 incoming internal links,PRESENT,PRESENT,NONE,PROBLEM_SOLVING,Strength Training for Women Over 35 | NutriThrive,DATA UNAVAILABLE,URL_TITLE_INFERENCE,NONE,DATA UNAVAILABLE,,,,,DATA UNAVAILABLE,,,,,NO,2.7,45%,LOW,4.4,INTENT_HYPOTHESIS_ONLY,LOW,IMPROVE,CLEAR,MEASURE current implementation; review after lock,Measure blog_product_click and downstream GA4 events,,INSUFFICIENT_DATA,,,NO,INSUFFICIENT_BACKLINK_DATA,,,GOOD,,PRESENT,,P2,UNKNOWN,MEASURING,2026-10-13,NO,GSC metrics are filtered views and must not be treated as total page traffic.
2026-09-15,2026-09-08 (latest available file),2026-09-15T10:39:50+00:00,stress-weight-gain-cortisol-mechanism-what-to-do-2026,https://nutrithrive.com.au/blog/stress-weight-gain-cortisol-mechanism-what-to-do-2026,https://nutrithrive.com.au/blog/moringa-calm-mind-stress-brain-fog-cortisol-science-2026,Guide moved | NutriThrive,site/blog/stress-weight-gain-cortisol-mechanism-what-to-do-2026.html,tracked_content,YES,tracked HTML content,YES,NO,301,https://nutrithrive.com.au/blog/moringa-calm-mind-stress-brain-fog-cortisol-science-2026,https://nutrithrive.com.au/blog/moringa-calm-mind-stress-brain-fog-cortisol-science-2026,https://nutrithrive.com.au/blog/moringa-calm-mind-stress-brain-fog-cortisol-science-2026,NO,,"index, follow",YES,ABSENT,0 incoming internal links,ABSENT,PRESENT,NONE,BROAD_WEAK_ALIGNMENT,Guide moved | NutriThrive,DATA UNAVAILABLE,URL_TITLE_INFERENCE,NONE,DATA UNAVAILABLE,,,,,DATA UNAVAILABLE,,,,,NO,2.4,45%,LOW,4.0,INTENT_HYPOTHESIS_ONLY,LOW,CONSOLIDATE,CLEAR,Preserve redirect; do not index source,None,,INSUFFICIENT_DATA,https://nutrithrive.com.au/blog/moringa-calm-mind-stress-brain-fog-cortisol-science-2026,https://nutrithrive.com.au/blog/moringa-calm-mind-stress-brain-fog-cortisol-science-2026,NO,INSUFFICIENT_BACKLINK_DATA,,,IRRELEVANT,,MISSING,,P3,UNKNOWN,LOCKED,2026-10-13,YES,GSC metrics are filtered views and must not be treated as total page traffic.
2026-09-15,2026-09-08 (latest available file),2026-09-15T10:39:50+00:00,ultra-processed-food-australia-what-it-means-how-much-you-eat-2026,https://nutrithrive.com.au/blog/ultra-processed-food-australia-what-it-means-how-much-you-eat-2026,https://nutrithrive.com.au/blog/ultra-processed-food-australia-what-it-means-how-much-you-eat-2026,Ultra-Processed Food in Australia | NutriThrive,site/blog/ultra-processed-food-australia-what-it-means-how-much-you-eat-2026.html,tracked_content,YES,tracked HTML content,YES,NO,200,https://nutrithrive.com.au/blog/ultra-processed-food-australia-what-it-means-how-much-you-eat-2026,https://nutrithrive.com.au/blog/ultra-processed-food-australia-what-it-means-how-much-you-eat-2026,https://nutrithrive.com.au/blog/ultra-processed-food-australia-what-it-means-how-much-you-eat-2026,YES,,"index, follow",YES,PRESENT,16 incoming internal links,PRESENT,PRESENT,GENERAL,BROAD_WEAK_ALIGNMENT,Ultra-Processed Food in Australia | NutriThrive,DATA UNAVAILABLE,URL_TITLE_INFERENCE,GENERAL,nutrithrive.com.au-Performance-on-Search-2026-09-08.xlsx (3-month question-filtered view),0.0,3.0,0.0,7.33,DATA UNAVAILABLE,,,,,NO,6.0,65%,MEDIUM,4.0,INTENT_HYPOTHESIS_ONLY,LOW,LOW_PRIORITY,REVIEW_REQUIRED,No active work,Measure blog_product_click and downstream GA4 events,,INSUFFICIENT_DATA,,,NO,INSUFFICIENT_BACKLINK_DATA,,,GOOD,,PRESENT,,P3,UNKNOWN,MEASURING,2026-10-13,YES,GSC metrics are filtered views and must not be treated as total page traffic.
2026-09-15,2026-09-08 (latest available file),2026-09-15T10:39:50+00:00,verify-moringa-quality-premium-buyers-checklist-2026,https://nutrithrive.com.au/blog/verify-moringa-quality-premium-buyers-checklist-2026,https://nutrithrive.com.au/blog/verify-moringa-quality-premium-buyers-checklist-2026,Moringa Quality Checklist Australia | 8 Checks Before You Buy,site/blog/verify-moringa-quality-premium-buyers-checklist-2026.html,tracked_content,YES,tracked HTML content,YES,NO,200,https://nutrithrive.com.au/blog/verify-moringa-quality-premium-buyers-checklist-2026,https://nutrithrive.com.au/blog/verify-moringa-quality-premium-buyers-checklist-2026,https://nutrithrive.com.au/blog/verify-moringa-quality-premium-buyers-checklist-2026,YES,,"index, follow",YES,PRESENT,41 incoming internal links,PRESENT,PRESENT,MORINGA,COMMERCIAL_RESEARCH,Moringa Quality Checklist Australia | 8 Checks Before You Buy,DATA UNAVAILABLE,URL_TITLE_INFERENCE,MORINGA,DATA UNAVAILABLE,,,,,nutrithrive.com.au-Performance-on-Search-2026-09-08 (1).xlsx (12-month commercial-filtered view),0.0,1.0,0.0,3.0,NO,5.8,65%,MEDIUM,7.2,INTENT_HYPOTHESIS_ONLY,LOW,IMPROVE,CLEAR,MEASURE current implementation; review after lock,Measure blog_product_click and downstream GA4 events,,INSUFFICIENT_DATA,,,NO,INSUFFICIENT_BACKLINK_DATA,,,GOOD,,PRESENT,,P2,UNKNOWN,MEASURING,2026-10-13,NO,GSC metrics are filtered views and must not be treated as total page traffic.
2026-09-15,2026-09-08 (latest available file),2026-09-15T10:39:50+00:00,vitamin-d-deficiency-australia-abs-sunny-country-2026,https://nutrithrive.com.au/blog/vitamin-d-deficiency-australia-abs-sunny-country-2026,https://nutrithrive.com.au/blog/vitamin-d-deficiency-australia-abs-sunny-country-2026,Vitamin D Deficiency in Australia | NutriThrive,site/blog/vitamin-d-deficiency-australia-abs-sunny-country-2026.html,tracked_content,YES,tracked HTML content,YES,NO,200,https://nutrithrive.com.au/blog/vitamin-d-deficiency-australia-abs-sunny-country-2026,https://nutrithrive.com.au/blog/vitamin-d-deficiency-australia-abs-sunny-country-2026,https://nutrithrive.com.au/blog/vitamin-d-deficiency-australia-abs-sunny-country-2026,YES,,"index, follow",YES,PRESENT,14 incoming internal links,PRESENT,PRESENT,GENERAL,BROAD_WEAK_ALIGNMENT,Vitamin D Deficiency in Australia | NutriThrive,DATA UNAVAILABLE,URL_TITLE_INFERENCE,GENERAL,DATA UNAVAILABLE,,,,,DATA UNAVAILABLE,,,,,NO,2.2,45%,LOW,4.2,INTENT_HYPOTHESIS_ONLY,LOW,LOW_PRIORITY,REVIEW_REQUIRED,No active work,Measure blog_product_click and downstream GA4 events,,INSUFFICIENT_DATA,,,NO,INSUFFICIENT_BACKLINK_DATA,,,GOOD,,PRESENT,,P3,UNKNOWN,MEASURING,2026-10-13,YES,GSC metrics are filtered views and must not be treated as total page traffic.
2026-09-15,2026-09-08 (latest available file),2026-09-15T10:39:50+00:00,vitamin-d-deficiency-australia-sunny-country-paradox-2026,https://nutrithrive.com.au/blog/vitamin-d-deficiency-australia-sunny-country-paradox-2026,https://nutrithrive.com.au/blog/vitamin-d-deficiency-australia-abs-sunny-country-2026,Guide moved | NutriThrive,site/blog/vitamin-d-deficiency-australia-sunny-country-paradox-2026.html,tracked_content,YES,tracked HTML content,YES,NO,301,https://nutrithrive.com.au/blog/vitamin-d-deficiency-australia-abs-sunny-country-2026,https://nutrithrive.com.au/blog/vitamin-d-deficiency-australia-abs-sunny-country-2026,https://nutrithrive.com.au/blog/vitamin-d-deficiency-australia-abs-sunny-country-2026,NO,,"index, follow",YES,ABSENT,0 incoming internal links,ABSENT,PRESENT,NONE,BROAD_WEAK_ALIGNMENT,Guide moved | NutriThrive,DATA UNAVAILABLE,URL_TITLE_INFERENCE,NONE,DATA UNAVAILABLE,,,,,DATA UNAVAILABLE,,,,,NO,2.2,45%,LOW,3.8,INTENT_HYPOTHESIS_ONLY,LOW,CONSOLIDATE,REVIEW_REQUIRED,Preserve redirect; do not index source,None,,INSUFFICIENT_DATA,https://nutrithrive.com.au/blog/vitamin-d-deficiency-australia-abs-sunny-country-2026,https://nutrithrive.com.au/blog/vitamin-d-deficiency-australia-abs-sunny-country-2026,NO,INSUFFICIENT_BACKLINK_DATA,,,IRRELEVANT,,MISSING,,P3,UNKNOWN,LOCKED,2026-10-13,YES,GSC metrics are filtered views and must not be treated as total page traffic.
2026-09-15,2026-09-08 (latest available file),2026-09-15T10:39:50+00:00,what-does-aust-l-mean-supplement-label-australia-2026,https://nutrithrive.com.au/blog/what-does-aust-l-mean-supplement-label-australia-2026,https://nutrithrive.com.au/blog/what-does-aust-l-mean-supplement-label-australia-2026,What Does AUST L Mean on Supplements? TGA Guide Australia,site/blog/what-does-aust-l-mean-supplement-label-australia-2026.html,tracked_content,YES,tracked HTML content,YES,NO,200,https://nutrithrive.com.au/blog/what-does-aust-l-mean-supplement-label-australia-2026,https://nutrithrive.com.au/blog/what-does-aust-l-mean-supplement-label-australia-2026,https://nutrithrive.com.au/blog/what-does-aust-l-mean-supplement-label-australia-2026,YES,,"index, follow",YES,PRESENT,7 incoming internal links,PRESENT,PRESENT,GENERAL,COMPARISON,What Does AUST L Mean on Supplements? TGA Guide Australia,DATA UNAVAILABLE,URL_TITLE_INFERENCE,GENERAL,nutrithrive.com.au-Performance-on-Search-2026-09-08.xlsx (3-month question-filtered view),0.0,1.0,0.0,10.0,nutrithrive.com.au-Performance-on-Search-2026-09-08 (1).xlsx (12-month commercial-filtered view),0.0,11.0,0.0,10.09,NO,6.0,65%,MEDIUM,4.2,INTENT_HYPOTHESIS_ONLY,LOW,IMPROVE,REVIEW_REQUIRED,MEASURE current implementation; review after lock,Measure blog_product_click and downstream GA4 events,,INSUFFICIENT_DATA,,,NO,INSUFFICIENT_BACKLINK_DATA,,,GOOD,,PRESENT,,P2,UNKNOWN,MEASURING,2026-10-13,YES,GSC metrics are filtered views and must not be treated as total page traffic.
2026-09-15,2026-09-08 (latest available file),2026-09-15T10:39:50+00:00,what-does-moringa-powder-taste-like-honest-guide-2026,https://nutrithrive.com.au/blog/what-does-moringa-powder-taste-like-honest-guide-2026,https://nutrithrive.com.au/blog/what-does-moringa-powder-taste-like-honest-guide-2026,What Does Moringa Powder Taste Like? Honest Mix Guide,site/blog/what-does-moringa-powder-taste-like-honest-guide-2026.html,tracked_content,YES,tracked HTML content,YES,NO,200,https://nutrithrive.com.au/blog/what-does-moringa-powder-taste-like-honest-guide-2026,https://nutrithrive.com.au/blog/what-does-moringa-powder-taste-like-honest-guide-2026,https://nutrithrive.com.au/blog/what-does-moringa-powder-taste-like-honest-guide-2026,YES,,"index, follow",YES,PRESENT,60 incoming internal links,PRESENT,PRESENT,MORINGA,PROBLEM_SOLVING,What Does Moringa Powder Taste Like? Honest Mix Guide,DATA UNAVAILABLE,URL_TITLE_INFERENCE,MORINGA,nutrithrive.com.au-Performance-on-Search-2026-09-08.xlsx (3-month question-filtered view),1.0,26.0,0.0385,8.38,DATA UNAVAILABLE,,,,,NO,6.7,65%,MEDIUM,7.7,INTENT_HYPOTHESIS_ONLY,LOW,IMPROVE,CLEAR,MEASURE current implementation; review after lock,Measure blog_product_click and downstream GA4 events,,INSUFFICIENT_DATA,,,NO,INSUFFICIENT_BACKLINK_DATA,,,GOOD,,PRESENT,,P2,UNKNOWN,MEASURING,2026-10-13,NO,GSC metrics are filtered views and must not be treated as total page traffic.
2026-09-15,2026-09-08 (latest available file),2026-09-15T10:39:50+00:00,what-to-eat-perimenopause-diet-australia-2026,https://nutrithrive.com.au/blog/what-to-eat-perimenopause-diet-australia-2026,https://nutrithrive.com.au/blog/what-to-eat-perimenopause-diet-australia-2026,What to Eat During Perimenopause,site/blog/what-to-eat-perimenopause-diet-australia-2026.html,tracked_content,YES,tracked HTML content,YES,NO,200,https://nutrithrive.com.au/blog/what-to-eat-perimenopause-diet-australia-2026,https://nutrithrive.com.au/blog/what-to-eat-perimenopause-diet-australia-2026,https://nutrithrive.com.au/blog/what-to-eat-perimenopause-diet-australia-2026,YES,,"index, follow",YES,PRESENT,7 incoming internal links,PRESENT,PRESENT,GENERAL,PROBLEM_SOLVING,What to Eat During Perimenopause,DATA UNAVAILABLE,URL_TITLE_INFERENCE,GENERAL,DATA UNAVAILABLE,,,,,DATA UNAVAILABLE,,,,,NO,2.2,45%,LOW,4.0,INTENT_HYPOTHESIS_ONLY,LOW,IMPROVE,BLOCKED_PENDING_REVIEW,MEASURE current implementation; review after lock,Measure blog_product_click and downstream GA4 events,,INSUFFICIENT_DATA,,,NO,INSUFFICIENT_BACKLINK_DATA,,,GOOD,,PRESENT,,P2,UNKNOWN,MEASURING,2026-10-13,YES,GSC metrics are filtered views and must not be treated as total page traffic.
2026-09-15,2026-09-08 (latest available file),2026-09-15T10:39:50+00:00,why-always-tired-nutritional-deficiencies-australia-2026,https://nutrithrive.com.au/blog/why-always-tired-nutritional-deficiencies-australia-2026,https://nutrithrive.com.au/blog/why-always-tired-nutritional-deficiencies-australia-2026,Why Am I Always Tired? The Nutritional Causes,site/blog/why-always-tired-nutritional-deficiencies-australia-2026.html,tracked_content,YES,tracked HTML content,YES,NO,200,https://nutrithrive.com.au/blog/why-always-tired-nutritional-deficiencies-australia-2026,https://nutrithrive.com.au/blog/why-always-tired-nutritional-deficiencies-australia-2026,https://nutrithrive.com.au/blog/why-always-tired-nutritional-deficiencies-australia-2026,YES,,"index, follow",YES,PRESENT,16 incoming internal links,PRESENT,PRESENT,GENERAL,PROBLEM_SOLVING,Why Am I Always Tired? The Nutritional Causes,DATA UNAVAILABLE,URL_TITLE_INFERENCE,GENERAL,nutrithrive.com.au-Performance-on-Search-2026-09-08.xlsx (3-month question-filtered view),0.0,6.0,0.0,59.83,DATA UNAVAILABLE,,,,,NO,4.9,65%,MEDIUM,4.1,INTENT_HYPOTHESIS_ONLY,LOW,IMPROVE,REVIEW_REQUIRED,MEASURE current implementation; review after lock,Measure blog_product_click and downstream GA4 events,,INSUFFICIENT_DATA,,,NO,INSUFFICIENT_BACKLINK_DATA,,,GOOD,,PRESENT,,P2,UNKNOWN,MEASURING,2026-10-13,YES,GSC metrics are filtered views and must not be treated as total page traffic.
2026-09-15,2026-09-08 (latest available file),2026-09-15T10:39:50+00:00,why-premium-moringa-costs-11-not-25-value-vs-markup-2026,https://nutrithrive.com.au/blog/why-premium-moringa-costs-11-not-25-value-vs-markup-2026,https://nutrithrive.com.au/blog/why-premium-moringa-costs-11-not-25-value-vs-markup-2026,Moringa Pricing: Why $11 vs $25? (Value Explained),site/blog/why-premium-moringa-costs-11-not-25-value-vs-markup-2026.html,tracked_content,YES,tracked HTML content,YES,NO,200,https://nutrithrive.com.au/blog/why-premium-moringa-costs-11-not-25-value-vs-markup-2026,https://nutrithrive.com.au/blog/why-premium-moringa-costs-11-not-25-value-vs-markup-2026,https://nutrithrive.com.au/blog/why-premium-moringa-costs-11-not-25-value-vs-markup-2026,YES,,"index, follow",YES,PRESENT,4 incoming internal links,PRESENT,PRESENT,MORINGA,COMPARISON,Moringa Pricing: Why $11 vs $25? (Value Explained),DATA UNAVAILABLE,URL_TITLE_INFERENCE,MORINGA,DATA UNAVAILABLE,,,,,DATA UNAVAILABLE,,,,,NO,3.6,45%,LOW,7.4,INTENT_HYPOTHESIS_ONLY,LOW,IMPROVE,REVIEW_REQUIRED,MEASURE current implementation; review after lock,Measure blog_product_click and downstream GA4 events,,INSUFFICIENT_DATA,,,NO,INSUFFICIENT_BACKLINK_DATA,,,GOOD,,PRESENT,,P2,UNKNOWN,MEASURING,2026-10-13,YES,GSC metrics are filtered views and must not be treated as total page traffic.
