source_url,configured_destination,configured_status,source_rule_line,crawl_attempted,crawl_timestamp,crawl_result,crawl_error,HTTP_status,redirect_hops,redirect_chain,final_URL,final_status,canonical_live,robots_meta,x_robots_tag,robots_txt_allowed,sitemap_present,internal_link_usage,source_local_state,live_local_discrepancy,notes
https://nutrithrive.com.au/blog/index-directory.partial,https://nutrithrive.com.au/blog,301,24,YES,2026-09-15T10:39:50+00:00,SUCCESS,,301,1,301:https://nutrithrive.com.au/blog/index-directory.partial -> 200:https://nutrithrive.com.au/blog,https://nutrithrive.com.au/blog,200,https://nutrithrive.com.au/blog,"index, follow",,YES,NO,0,redirect rule only,,Read-only verification; no redirect changed.
https://nutrithrive.com.au/blog/index-directory.partial.html,https://nutrithrive.com.au/blog,301,25,YES,2026-09-15T10:39:50+00:00,SUCCESS,,301,1,301:https://nutrithrive.com.au/blog/index-directory.partial.html -> 200:https://nutrithrive.com.au/blog,https://nutrithrive.com.au/blog,200,https://nutrithrive.com.au/blog,"index, follow",,YES,NO,0,redirect rule only,,Read-only verification; no redirect changed.
https://nutrithrive.com.au/blog/how-much-moringa-powder-per-day-dosage-guide-2026.html,https://nutrithrive.com.au/404.html,410,68,YES,2026-09-15T10:39:50+00:00,SUCCESS,,410,0,410:https://nutrithrive.com.au/blog/how-much-moringa-powder-per-day-dosage-guide-2026.html,https://nutrithrive.com.au/blog/how-much-moringa-powder-per-day-dosage-guide-2026.html,410,https://nutrithrive.com.au/404,"noindex, follow",,YES,NO,0,redirect rule only,,Read-only verification; no redirect changed.
https://nutrithrive.com.au/blog/how-much-moringa-powder-per-day-dosage-guide-2026,https://nutrithrive.com.au/404.html,410,69,YES,2026-09-15T10:39:50+00:00,SUCCESS,,410,0,410:https://nutrithrive.com.au/blog/how-much-moringa-powder-per-day-dosage-guide-2026,https://nutrithrive.com.au/blog/how-much-moringa-powder-per-day-dosage-guide-2026,410,https://nutrithrive.com.au/404,"noindex, follow",,YES,NO,0,redirect rule only,,Read-only verification; no redirect changed.
https://nutrithrive.com.au/blog/verify-moringa-quality-premium-buyers-checklist-2026.html,https://nutrithrive.com.au/blog/verify-moringa-quality-premium-buyers-checklist-2026,301,73,YES,2026-09-15T10:39:50+00:00,SUCCESS,,301,1,301:https://nutrithrive.com.au/blog/verify-moringa-quality-premium-buyers-checklist-2026.html -> 200:https://nutrithrive.com.au/blog/verify-moringa-quality-premium-buyers-checklist-2026,https://nutrithrive.com.au/blog/verify-moringa-quality-premium-buyers-checklist-2026,200,https://nutrithrive.com.au/blog/verify-moringa-quality-premium-buyers-checklist-2026,"index, follow",,YES,NO,0,redirect rule only,,Read-only verification; no redirect changed.
https://nutrithrive.com.au/blog/verify-moringa-quality-premium-buyers-checklist-2026,https://nutrithrive.com.au/blog/verify-moringa-quality-premium-buyers-checklist-2026.html,200,74,YES,2026-09-15T10:39:50+00:00,SUCCESS,,200,0,200:https://nutrithrive.com.au/blog/verify-moringa-quality-premium-buyers-checklist-2026,https://nutrithrive.com.au/blog/verify-moringa-quality-premium-buyers-checklist-2026,200,https://nutrithrive.com.au/blog/verify-moringa-quality-premium-buyers-checklist-2026,"index, follow",,YES,YES,41,tracked content file,,Read-only verification; no redirect changed.
https://nutrithrive.com.au/blog/moringa-honest-truth-science-australia-2026.html,https://nutrithrive.com.au/blog/how-to-choose-moringa-powder-australia-2026,301,77,YES,2026-09-15T10:39:50+00:00,SUCCESS,,301,1,301:https://nutrithrive.com.au/blog/moringa-honest-truth-science-australia-2026.html -> 200:https://nutrithrive.com.au/blog/how-to-choose-moringa-powder-australia-2026,https://nutrithrive.com.au/blog/how-to-choose-moringa-powder-australia-2026,200,https://nutrithrive.com.au/blog/how-to-choose-moringa-powder-australia-2026,"index, follow",,YES,NO,0,redirect rule only,,Read-only verification; no redirect changed.
https://nutrithrive.com.au/blog/moringa-honest-truth-science-australia-2026,https://nutrithrive.com.au/blog/how-to-choose-moringa-powder-australia-2026,301,78,YES,2026-09-15T10:39:50+00:00,SUCCESS,,301,1,301:https://nutrithrive.com.au/blog/moringa-honest-truth-science-australia-2026 -> 200:https://nutrithrive.com.au/blog/how-to-choose-moringa-powder-australia-2026,https://nutrithrive.com.au/blog/how-to-choose-moringa-powder-australia-2026,200,https://nutrithrive.com.au/blog/how-to-choose-moringa-powder-australia-2026,"index, follow",,YES,NO,0,redirect rule only,,Read-only verification; no redirect changed.
https://nutrithrive.com.au/blog/moringa-powder-benefits-women-skin-side-effects-australia-2026.html,https://nutrithrive.com.au/404.html,410,81,YES,2026-09-15T10:39:50+00:00,SUCCESS,,410,0,410:https://nutrithrive.com.au/blog/moringa-powder-benefits-women-skin-side-effects-australia-2026.html,https://nutrithrive.com.au/blog/moringa-powder-benefits-women-skin-side-effects-australia-2026.html,410,https://nutrithrive.com.au/404,"noindex, follow",,YES,NO,0,redirect rule only,,Read-only verification; no redirect changed.
https://nutrithrive.com.au/blog/moringa-powder-benefits-women-skin-side-effects-australia-2026,https://nutrithrive.com.au/404.html,410,82,YES,2026-09-15T10:39:50+00:00,SUCCESS,,410,0,410:https://nutrithrive.com.au/blog/moringa-powder-benefits-women-skin-side-effects-australia-2026,https://nutrithrive.com.au/blog/moringa-powder-benefits-women-skin-side-effects-australia-2026,410,https://nutrithrive.com.au/404,"noindex, follow",,YES,NO,0,redirect rule only,,Read-only verification; no redirect changed.
https://nutrithrive.com.au/blog/plant-based-functional-foods-australia-wellness-nutrithrive-2026.html,https://nutrithrive.com.au/404.html,410,84,YES,2026-09-15T10:39:50+00:00,SUCCESS,,410,0,410:https://nutrithrive.com.au/blog/plant-based-functional-foods-australia-wellness-nutrithrive-2026.html,https://nutrithrive.com.au/blog/plant-based-functional-foods-australia-wellness-nutrithrive-2026.html,410,https://nutrithrive.com.au/404,"noindex, follow",,YES,NO,0,redirect rule only,,Read-only verification; no redirect changed.
https://nutrithrive.com.au/blog/plant-based-functional-foods-australia-wellness-nutrithrive-2026,https://nutrithrive.com.au/404.html,410,85,YES,2026-09-15T10:39:50+00:00,SUCCESS,,410,0,410:https://nutrithrive.com.au/blog/plant-based-functional-foods-australia-wellness-nutrithrive-2026,https://nutrithrive.com.au/blog/plant-based-functional-foods-australia-wellness-nutrithrive-2026,410,https://nutrithrive.com.au/404,"noindex, follow",,YES,NO,0,redirect rule only,,Read-only verification; no redirect changed.
https://nutrithrive.com.au/blog/moringa-melbourne-complete-guide-2026.html,https://nutrithrive.com.au/404.html,410,88,YES,2026-09-15T10:39:50+00:00,SUCCESS,,410,0,410:https://nutrithrive.com.au/blog/moringa-melbourne-complete-guide-2026.html,https://nutrithrive.com.au/blog/moringa-melbourne-complete-guide-2026.html,410,https://nutrithrive.com.au/404,"noindex, follow",,YES,NO,0,redirect rule only,,Read-only verification; no redirect changed.
https://nutrithrive.com.au/blog/moringa-melbourne-complete-guide-2026,https://nutrithrive.com.au/404.html,410,89,YES,2026-09-15T10:39:50+00:00,SUCCESS,,410,0,410:https://nutrithrive.com.au/blog/moringa-melbourne-complete-guide-2026,https://nutrithrive.com.au/blog/moringa-melbourne-complete-guide-2026,410,https://nutrithrive.com.au/404,"noindex, follow",,YES,NO,0,redirect rule only,,Read-only verification; no redirect changed.
https://nutrithrive.com.au/blog/nutrithrive-delivers-across-victoria-is-your-town-eligible-hint-yes,https://nutrithrive.com.au/shipping,301,92,YES,2026-09-15T10:39:50+00:00,SUCCESS,,301,1,301:https://nutrithrive.com.au/blog/nutrithrive-delivers-across-victoria-is-your-town-eligible-hint-yes -> 200:https://nutrithrive.com.au/shipping,https://nutrithrive.com.au/shipping,200,https://nutrithrive.com.au/shipping,"index, follow",,YES,NO,0,redirect rule only,,Read-only verification; no redirect changed.
https://nutrithrive.com.au/blog/nutrithrive-delivers-across-victoria-is-your-town-eligible-hint-yes.html,https://nutrithrive.com.au/shipping,301,93,YES,2026-09-15T10:39:50+00:00,SUCCESS,,301,1,301:https://nutrithrive.com.au/blog/nutrithrive-delivers-across-victoria-is-your-town-eligible-hint-yes.html -> 200:https://nutrithrive.com.au/shipping,https://nutrithrive.com.au/shipping,200,https://nutrithrive.com.au/shipping,"index, follow",,YES,NO,0,redirect rule only,,Read-only verification; no redirect changed.
https://nutrithrive.com.au/blog/what-does-moringa-do-for-your-body-complete-guide-2026.html,https://nutrithrive.com.au/blog/how-to-add-moringa-to-diet,301,96,YES,2026-09-15T10:39:50+00:00,SUCCESS,,301,1,301:https://nutrithrive.com.au/blog/what-does-moringa-do-for-your-body-complete-guide-2026.html -> 200:https://nutrithrive.com.au/blog/how-to-add-moringa-to-diet,https://nutrithrive.com.au/blog/how-to-add-moringa-to-diet,200,https://nutrithrive.com.au/blog/how-to-add-moringa-to-diet,"index, follow",,YES,NO,0,redirect rule only,,Read-only verification; no redirect changed.
https://nutrithrive.com.au/blog/what-does-moringa-do-for-your-body-complete-guide-2026,https://nutrithrive.com.au/blog/how-to-add-moringa-to-diet,301,97,YES,2026-09-15T10:39:50+00:00,SUCCESS,,301,1,301:https://nutrithrive.com.au/blog/what-does-moringa-do-for-your-body-complete-guide-2026 -> 200:https://nutrithrive.com.au/blog/how-to-add-moringa-to-diet,https://nutrithrive.com.au/blog/how-to-add-moringa-to-diet,200,https://nutrithrive.com.au/blog/how-to-add-moringa-to-diet,"index, follow",,YES,NO,0,redirect rule only,,Read-only verification; no redirect changed.
https://nutrithrive.com.au/blog/moringa-vs-spirulina-vs-matcha-australia-2026,https://nutrithrive.com.au/blog/moringa-vs-spirulina-vs-matcha-comparison-australia,301,100,YES,2026-09-15T10:39:50+00:00,SUCCESS,,301,1,301:https://nutrithrive.com.au/blog/moringa-vs-spirulina-vs-matcha-australia-2026 -> 200:https://nutrithrive.com.au/blog/moringa-vs-spirulina-vs-matcha-comparison-australia,https://nutrithrive.com.au/blog/moringa-vs-spirulina-vs-matcha-comparison-australia,200,https://nutrithrive.com.au/blog/moringa-vs-spirulina-vs-matcha-comparison-australia,"index, follow",,YES,NO,0,redirect rule only,,Read-only verification; no redirect changed.
https://nutrithrive.com.au/blog/moringa-vs-spirulina-vs-matcha-australia-2026.html,https://nutrithrive.com.au/blog/moringa-vs-spirulina-vs-matcha-comparison-australia,301,101,YES,2026-09-15T10:39:50+00:00,SUCCESS,,301,1,301:https://nutrithrive.com.au/blog/moringa-vs-spirulina-vs-matcha-australia-2026.html -> 200:https://nutrithrive.com.au/blog/moringa-vs-spirulina-vs-matcha-comparison-australia,https://nutrithrive.com.au/blog/moringa-vs-spirulina-vs-matcha-comparison-australia,200,https://nutrithrive.com.au/blog/moringa-vs-spirulina-vs-matcha-comparison-australia,"index, follow",,YES,NO,0,redirect rule only,,Read-only verification; no redirect changed.
https://nutrithrive.com.au/blog/best-moringa-powder-australia-2026-how-to-choose-top-superfoods-compare-brands-boost-wellness.html,https://nutrithrive.com.au/blog/how-to-choose-moringa-powder-australia-2026,301,104,YES,2026-09-15T10:39:50+00:00,SUCCESS,,301,1,301:https://nutrithrive.com.au/blog/best-moringa-powder-australia-2026-how-to-choose-top-superfoods-compare-brands-boost-wellness.html -> 200:https://nutrithrive.com.au/blog/how-to-choose-moringa-powder-australia-2026,https://nutrithrive.com.au/blog/how-to-choose-moringa-powder-australia-2026,200,https://nutrithrive.com.au/blog/how-to-choose-moringa-powder-australia-2026,"index, follow",,YES,NO,0,redirect rule only,,Read-only verification; no redirect changed.
https://nutrithrive.com.au/blog/best-moringa-powder-australia-2026-how-to-choose-top-superfoods-compare-brands-boost-wellness,https://nutrithrive.com.au/blog/how-to-choose-moringa-powder-australia-2026,301,105,YES,2026-09-15T10:39:50+00:00,SUCCESS,,301,1,301:https://nutrithrive.com.au/blog/best-moringa-powder-australia-2026-how-to-choose-top-superfoods-compare-brands-boost-wellness -> 200:https://nutrithrive.com.au/blog/how-to-choose-moringa-powder-australia-2026,https://nutrithrive.com.au/blog/how-to-choose-moringa-powder-australia-2026,200,https://nutrithrive.com.au/blog/how-to-choose-moringa-powder-australia-2026,"index, follow",,YES,NO,0,redirect rule only,,Read-only verification; no redirect changed.
https://nutrithrive.com.au/blog/natural-energy-boosters-australia-superfoods-2026.html,https://nutrithrive.com.au/blog/moringa-vs-spirulina-vs-matcha-comparison-australia,301,106,YES,2026-09-15T10:39:50+00:00,SUCCESS,,301,1,301:https://nutrithrive.com.au/blog/natural-energy-boosters-australia-superfoods-2026.html -> 200:https://nutrithrive.com.au/blog/moringa-vs-spirulina-vs-matcha-comparison-australia,https://nutrithrive.com.au/blog/moringa-vs-spirulina-vs-matcha-comparison-australia,200,https://nutrithrive.com.au/blog/moringa-vs-spirulina-vs-matcha-comparison-australia,"index, follow",,YES,NO,0,redirect rule only,,Read-only verification; no redirect changed.
https://nutrithrive.com.au/blog/natural-energy-boosters-australia-superfoods-2026,https://nutrithrive.com.au/blog/moringa-vs-spirulina-vs-matcha-comparison-australia,301,107,YES,2026-09-15T10:39:50+00:00,SUCCESS,,301,1,301:https://nutrithrive.com.au/blog/natural-energy-boosters-australia-superfoods-2026 -> 200:https://nutrithrive.com.au/blog/moringa-vs-spirulina-vs-matcha-comparison-australia,https://nutrithrive.com.au/blog/moringa-vs-spirulina-vs-matcha-comparison-australia,200,https://nutrithrive.com.au/blog/moringa-vs-spirulina-vs-matcha-comparison-australia,"index, follow",,YES,NO,0,redirect rule only,,Read-only verification; no redirect changed.
https://nutrithrive.com.au/blog/moringa-powder-benefits-uses-how-to-choose-best-one-australia-2026.html,https://nutrithrive.com.au/blog/how-to-choose-moringa-powder-australia-2026,301,108,YES,2026-09-15T10:39:50+00:00,SUCCESS,,301,1,301:https://nutrithrive.com.au/blog/moringa-powder-benefits-uses-how-to-choose-best-one-australia-2026.html -> 200:https://nutrithrive.com.au/blog/how-to-choose-moringa-powder-australia-2026,https://nutrithrive.com.au/blog/how-to-choose-moringa-powder-australia-2026,200,https://nutrithrive.com.au/blog/how-to-choose-moringa-powder-australia-2026,"index, follow",,YES,NO,0,redirect rule only,,Read-only verification; no redirect changed.
https://nutrithrive.com.au/blog/moringa-powder-benefits-uses-how-to-choose-best-one-australia-2026,https://nutrithrive.com.au/blog/how-to-choose-moringa-powder-australia-2026,301,109,YES,2026-09-15T10:39:50+00:00,SUCCESS,,301,1,301:https://nutrithrive.com.au/blog/moringa-powder-benefits-uses-how-to-choose-best-one-australia-2026 -> 200:https://nutrithrive.com.au/blog/how-to-choose-moringa-powder-australia-2026,https://nutrithrive.com.au/blog/how-to-choose-moringa-powder-australia-2026,200,https://nutrithrive.com.au/blog/how-to-choose-moringa-powder-australia-2026,"index, follow",,YES,NO,0,redirect rule only,,Read-only verification; no redirect changed.
https://nutrithrive.com.au/blog/ultimate-guide-moringa-curry-leaves-australia-2026.html,https://nutrithrive.com.au/blog/nutrithrive-dried-curry-leaves-tradition-health,301,110,YES,2026-09-15T10:39:50+00:00,SUCCESS,,301,1,301:https://nutrithrive.com.au/blog/ultimate-guide-moringa-curry-leaves-australia-2026.html -> 200:https://nutrithrive.com.au/blog/nutrithrive-dried-curry-leaves-tradition-health,https://nutrithrive.com.au/blog/nutrithrive-dried-curry-leaves-tradition-health,200,https://nutrithrive.com.au/blog/nutrithrive-dried-curry-leaves-tradition-health,"index, follow",,YES,NO,0,redirect rule only,,Read-only verification; no redirect changed.
https://nutrithrive.com.au/blog/ultimate-guide-moringa-curry-leaves-australia-2026,https://nutrithrive.com.au/blog/nutrithrive-dried-curry-leaves-tradition-health,301,111,YES,2026-09-15T10:39:50+00:00,SUCCESS,,301,1,301:https://nutrithrive.com.au/blog/ultimate-guide-moringa-curry-leaves-australia-2026 -> 200:https://nutrithrive.com.au/blog/nutrithrive-dried-curry-leaves-tradition-health,https://nutrithrive.com.au/blog/nutrithrive-dried-curry-leaves-tradition-health,200,https://nutrithrive.com.au/blog/nutrithrive-dried-curry-leaves-tradition-health,"index, follow",,YES,NO,0,redirect rule only,,Read-only verification; no redirect changed.
https://nutrithrive.com.au/blog/is-moringa-banned-australia-truth-2026.html,https://nutrithrive.com.au/404.html,410,117,YES,2026-09-15T10:39:50+00:00,SUCCESS,,410,0,410:https://nutrithrive.com.au/blog/is-moringa-banned-australia-truth-2026.html,https://nutrithrive.com.au/blog/is-moringa-banned-australia-truth-2026.html,410,https://nutrithrive.com.au/404,"noindex, follow",,YES,NO,0,redirect rule only,,Read-only verification; no redirect changed.
https://nutrithrive.com.au/blog/is-moringa-banned-australia-truth-2026,https://nutrithrive.com.au/404.html,410,118,YES,2026-09-15T10:39:50+00:00,SUCCESS,,410,0,410:https://nutrithrive.com.au/blog/is-moringa-banned-australia-truth-2026,https://nutrithrive.com.au/blog/is-moringa-banned-australia-truth-2026,410,https://nutrithrive.com.au/404,"noindex, follow",,YES,NO,0,redirect rule only,,Read-only verification; no redirect changed.
https://nutrithrive.com.au/blog/is-moringa-banned-in-australia.html,https://nutrithrive.com.au/404.html,410,119,YES,2026-09-15T10:39:50+00:00,SUCCESS,,410,0,410:https://nutrithrive.com.au/blog/is-moringa-banned-in-australia.html,https://nutrithrive.com.au/blog/is-moringa-banned-in-australia.html,410,https://nutrithrive.com.au/404,"noindex, follow",,YES,NO,0,redirect rule only,,Read-only verification; no redirect changed.
https://nutrithrive.com.au/blog/is-moringa-banned-in-australia,https://nutrithrive.com.au/404.html,410,120,YES,2026-09-15T10:39:50+00:00,SUCCESS,,410,0,410:https://nutrithrive.com.au/blog/is-moringa-banned-in-australia,https://nutrithrive.com.au/blog/is-moringa-banned-in-australia,410,https://nutrithrive.com.au/404,"noindex, follow",,YES,NO,0,redirect rule only,,Read-only verification; no redirect changed.
https://nutrithrive.com.au/blog/moringa-benefits-women-hormones-energy-skin-2026,https://nutrithrive.com.au/blog/moringa-benefits-for-women-comprehensive-2026,301,121,YES,2026-09-15T10:39:50+00:00,SUCCESS,,301,1,301:https://nutrithrive.com.au/blog/moringa-benefits-women-hormones-energy-skin-2026 -> 200:https://nutrithrive.com.au/blog/moringa-benefits-for-women-comprehensive-2026,https://nutrithrive.com.au/blog/moringa-benefits-for-women-comprehensive-2026,200,https://nutrithrive.com.au/blog/moringa-benefits-for-women-comprehensive-2026,"index, follow",,YES,NO,0,redirect rule only,,Read-only verification; no redirect changed.
https://nutrithrive.com.au/blog/moringa-benefits-women-hormones-energy-skin-2026.html,https://nutrithrive.com.au/blog/moringa-benefits-for-women-comprehensive-2026,301,122,YES,2026-09-15T10:39:50+00:00,SUCCESS,,301,1,301:https://nutrithrive.com.au/blog/moringa-benefits-women-hormones-energy-skin-2026.html -> 200:https://nutrithrive.com.au/blog/moringa-benefits-for-women-comprehensive-2026,https://nutrithrive.com.au/blog/moringa-benefits-for-women-comprehensive-2026,200,https://nutrithrive.com.au/blog/moringa-benefits-for-women-comprehensive-2026,"index, follow",,YES,NO,0,redirect rule only,,Read-only verification; no redirect changed.
https://nutrithrive.com.au/blog/moringa-and-berberine-australia-what-science-says-2026.html,https://nutrithrive.com.au/blog/moringa-and-berberine-australia-what-science-says-2026,301,125,YES,2026-09-15T10:39:50+00:00,SUCCESS,,301,1,301:https://nutrithrive.com.au/blog/moringa-and-berberine-australia-what-science-says-2026.html -> 200:https://nutrithrive.com.au/blog/moringa-and-berberine-australia-what-science-says-2026,https://nutrithrive.com.au/blog/moringa-and-berberine-australia-what-science-says-2026,200,https://nutrithrive.com.au/blog/moringa-and-berberine-australia-what-science-says-2026,"index, follow",,YES,NO,0,redirect rule only,,Read-only verification; no redirect changed.
https://nutrithrive.com.au/blog/moringa-and-berberine-australia-what-science-says-2026,https://nutrithrive.com.au/blog/moringa-and-berberine-australia-what-science-says-2026.html,200,126,YES,2026-09-15T10:39:50+00:00,SUCCESS,,200,0,200:https://nutrithrive.com.au/blog/moringa-and-berberine-australia-what-science-says-2026,https://nutrithrive.com.au/blog/moringa-and-berberine-australia-what-science-says-2026,200,https://nutrithrive.com.au/blog/moringa-and-berberine-australia-what-science-says-2026,"index, follow",,YES,YES,9,tracked content file,,Read-only verification; no redirect changed.
https://nutrithrive.com.au/blog/moringa-patches-australia-review-do-they-work.html,https://nutrithrive.com.au/blog/moringa-patches-australia-review-do-they-work,301,129,YES,2026-09-15T10:39:50+00:00,SUCCESS,,301,1,301:https://nutrithrive.com.au/blog/moringa-patches-australia-review-do-they-work.html -> 200:https://nutrithrive.com.au/blog/moringa-patches-australia-review-do-they-work,https://nutrithrive.com.au/blog/moringa-patches-australia-review-do-they-work,200,https://nutrithrive.com.au/blog/moringa-patches-australia-review-do-they-work,"index, follow",,YES,NO,0,redirect rule only,,Read-only verification; no redirect changed.
https://nutrithrive.com.au/blog/moringa-patches-australia-review-do-they-work,https://nutrithrive.com.au/blog/moringa-patches-australia-review-do-they-work.html,200,130,YES,2026-09-15T10:39:50+00:00,SUCCESS,,200,0,200:https://nutrithrive.com.au/blog/moringa-patches-australia-review-do-they-work,https://nutrithrive.com.au/blog/moringa-patches-australia-review-do-they-work,200,https://nutrithrive.com.au/blog/moringa-patches-australia-review-do-they-work,"index, follow",,YES,YES,91,tracked content file,,Read-only verification; no redirect changed.
https://nutrithrive.com.au/blog/rosabella-moringa-reviews-legit-or-overhyped-2026.html,https://nutrithrive.com.au/blog/rosabella-moringa-reviews-legit-or-overhyped-2026,301,133,YES,2026-09-15T10:39:50+00:00,SUCCESS,,301,1,301:https://nutrithrive.com.au/blog/rosabella-moringa-reviews-legit-or-overhyped-2026.html -> 200:https://nutrithrive.com.au/blog/rosabella-moringa-reviews-legit-or-overhyped-2026,https://nutrithrive.com.au/blog/rosabella-moringa-reviews-legit-or-overhyped-2026,200,https://nutrithrive.com.au/blog/rosabella-moringa-reviews-legit-or-overhyped-2026,"index, follow",,YES,NO,0,redirect rule only,,Read-only verification; no redirect changed.
https://nutrithrive.com.au/blog/rosabella-moringa-reviews-legit-or-overhyped-2026,https://nutrithrive.com.au/blog/rosabella-moringa-reviews-legit-or-overhyped-2026.html,200,134,YES,2026-09-15T10:39:50+00:00,SUCCESS,,200,0,200:https://nutrithrive.com.au/blog/rosabella-moringa-reviews-legit-or-overhyped-2026,https://nutrithrive.com.au/blog/rosabella-moringa-reviews-legit-or-overhyped-2026,200,https://nutrithrive.com.au/blog/rosabella-moringa-reviews-legit-or-overhyped-2026,"index, follow",,YES,YES,19,tracked content file,,Read-only verification; no redirect changed.
https://nutrithrive.com.au/blog/cortisol-cocktail-trend-explained-moringa-2026.html,https://nutrithrive.com.au/blog/cortisol-cocktail-trend-explained-moringa-2026,301,137,YES,2026-09-15T10:39:50+00:00,SUCCESS,,301,1,301:https://nutrithrive.com.au/blog/cortisol-cocktail-trend-explained-moringa-2026.html -> 200:https://nutrithrive.com.au/blog/cortisol-cocktail-trend-explained-moringa-2026,https://nutrithrive.com.au/blog/cortisol-cocktail-trend-explained-moringa-2026,200,https://nutrithrive.com.au/blog/cortisol-cocktail-trend-explained-moringa-2026,"index, follow",,YES,NO,0,redirect rule only,,Read-only verification; no redirect changed.
https://nutrithrive.com.au/blog/cortisol-cocktail-trend-explained-moringa-2026,https://nutrithrive.com.au/blog/cortisol-cocktail-trend-explained-moringa-2026.html,200,138,YES,2026-09-15T10:39:50+00:00,SUCCESS,,200,0,200:https://nutrithrive.com.au/blog/cortisol-cocktail-trend-explained-moringa-2026,https://nutrithrive.com.au/blog/cortisol-cocktail-trend-explained-moringa-2026,200,https://nutrithrive.com.au/blog/cortisol-cocktail-trend-explained-moringa-2026,"index, follow",,YES,YES,10,tracked content file,,Read-only verification; no redirect changed.
https://nutrithrive.com.au/blog/ag1-alternative-australia-moringa-comparison-2026.html,https://nutrithrive.com.au/blog/ag1-alternative-australia-moringa-comparison-2026,301,141,YES,2026-09-15T10:39:50+00:00,SUCCESS,,301,1,301:https://nutrithrive.com.au/blog/ag1-alternative-australia-moringa-comparison-2026.html -> 200:https://nutrithrive.com.au/blog/ag1-alternative-australia-moringa-comparison-2026,https://nutrithrive.com.au/blog/ag1-alternative-australia-moringa-comparison-2026,200,https://nutrithrive.com.au/blog/ag1-alternative-australia-moringa-comparison-2026,"index, follow",,YES,NO,0,redirect rule only,,Read-only verification; no redirect changed.
https://nutrithrive.com.au/blog/ag1-alternative-australia-moringa-comparison-2026,https://nutrithrive.com.au/blog/ag1-alternative-australia-moringa-comparison-2026.html,200,142,YES,2026-09-15T10:39:50+00:00,SUCCESS,,200,0,200:https://nutrithrive.com.au/blog/ag1-alternative-australia-moringa-comparison-2026,https://nutrithrive.com.au/blog/ag1-alternative-australia-moringa-comparison-2026,200,https://nutrithrive.com.au/blog/ag1-alternative-australia-moringa-comparison-2026,"index, follow",,YES,YES,9,tracked content file,,Read-only verification; no redirect changed.
https://nutrithrive.com.au/blog/iron-deficiency-australian-women-symptoms-plant-based-sources-2026.html,https://nutrithrive.com.au/blog/iron-deficiency-australian-women-symptoms-plant-based-sources-2026,301,145,YES,2026-09-15T10:39:50+00:00,SUCCESS,,301,1,301:https://nutrithrive.com.au/blog/iron-deficiency-australian-women-symptoms-plant-based-sources-2026.html -> 200:https://nutrithrive.com.au/blog/iron-deficiency-australian-women-symptoms-plant-based-sources-2026,https://nutrithrive.com.au/blog/iron-deficiency-australian-women-symptoms-plant-based-sources-2026,200,https://nutrithrive.com.au/blog/iron-deficiency-australian-women-symptoms-plant-based-sources-2026,"index, follow",,YES,NO,0,redirect rule only,,Read-only verification; no redirect changed.
https://nutrithrive.com.au/blog/iron-deficiency-australian-women-symptoms-plant-based-sources-2026,https://nutrithrive.com.au/blog/iron-deficiency-australian-women-symptoms-plant-based-sources-2026.html,200,146,YES,2026-09-15T10:39:50+00:00,SUCCESS,,200,0,200:https://nutrithrive.com.au/blog/iron-deficiency-australian-women-symptoms-plant-based-sources-2026,https://nutrithrive.com.au/blog/iron-deficiency-australian-women-symptoms-plant-based-sources-2026,200,https://nutrithrive.com.au/blog/iron-deficiency-australian-women-symptoms-plant-based-sources-2026,"index, follow",,YES,YES,21,tracked content file,,Read-only verification; no redirect changed.
https://nutrithrive.com.au/blog/glp-1-ozempic-nutrition-gaps-what-to-eat-2026.html,https://nutrithrive.com.au/blog/glp-1-ozempic-nutrition-gaps-what-to-eat-2026,301,149,YES,2026-09-15T10:39:50+00:00,SUCCESS,,301,1,301:https://nutrithrive.com.au/blog/glp-1-ozempic-nutrition-gaps-what-to-eat-2026.html -> 200:https://nutrithrive.com.au/blog/glp-1-ozempic-nutrition-gaps-what-to-eat-2026,https://nutrithrive.com.au/blog/glp-1-ozempic-nutrition-gaps-what-to-eat-2026,200,https://nutrithrive.com.au/blog/glp-1-ozempic-nutrition-gaps-what-to-eat-2026,"index, follow",,YES,NO,0,redirect rule only,,Read-only verification; no redirect changed.
https://nutrithrive.com.au/blog/glp-1-ozempic-nutrition-gaps-what-to-eat-2026,https://nutrithrive.com.au/blog/glp-1-ozempic-nutrition-gaps-what-to-eat-2026.html,200,150,YES,2026-09-15T10:39:50+00:00,SUCCESS,,200,0,200:https://nutrithrive.com.au/blog/glp-1-ozempic-nutrition-gaps-what-to-eat-2026,https://nutrithrive.com.au/blog/glp-1-ozempic-nutrition-gaps-what-to-eat-2026,200,https://nutrithrive.com.au/blog/glp-1-ozempic-nutrition-gaps-what-to-eat-2026,"index, follow",,YES,YES,7,tracked content file,,Read-only verification; no redirect changed.
https://nutrithrive.com.au/blog/is-moringa-safe-for-dogs-benefits-dosage-australia-2026.html,https://nutrithrive.com.au/blog/is-moringa-safe-for-dogs-benefits-dosage-australia-2026,301,153,YES,2026-09-15T10:39:50+00:00,SUCCESS,,301,1,301:https://nutrithrive.com.au/blog/is-moringa-safe-for-dogs-benefits-dosage-australia-2026.html -> 200:https://nutrithrive.com.au/blog/is-moringa-safe-for-dogs-benefits-dosage-australia-2026,https://nutrithrive.com.au/blog/is-moringa-safe-for-dogs-benefits-dosage-australia-2026,200,https://nutrithrive.com.au/blog/is-moringa-safe-for-dogs-benefits-dosage-australia-2026,"index, follow",,YES,NO,0,redirect rule only,,Read-only verification; no redirect changed.
https://nutrithrive.com.au/blog/is-moringa-safe-for-dogs-benefits-dosage-australia-2026,https://nutrithrive.com.au/blog/is-moringa-safe-for-dogs-benefits-dosage-australia-2026.html,200,154,YES,2026-09-15T10:39:50+00:00,SUCCESS,,200,0,200:https://nutrithrive.com.au/blog/is-moringa-safe-for-dogs-benefits-dosage-australia-2026,https://nutrithrive.com.au/blog/is-moringa-safe-for-dogs-benefits-dosage-australia-2026,200,https://nutrithrive.com.au/blog/is-moringa-safe-for-dogs-benefits-dosage-australia-2026,"index, follow",,YES,YES,5,tracked content file,,Read-only verification; no redirect changed.
https://nutrithrive.com.au/blog/moringa-and-blood-sugar-diabetes-research-2026.html,https://nutrithrive.com.au/blog/moringa-and-blood-sugar-diabetes-research-2026,301,157,YES,2026-09-15T10:39:50+00:00,SUCCESS,,301,1,301:https://nutrithrive.com.au/blog/moringa-and-blood-sugar-diabetes-research-2026.html -> 200:https://nutrithrive.com.au/blog/moringa-and-blood-sugar-diabetes-research-2026,https://nutrithrive.com.au/blog/moringa-and-blood-sugar-diabetes-research-2026,200,https://nutrithrive.com.au/blog/moringa-and-blood-sugar-diabetes-research-2026,"index, follow",,YES,NO,0,redirect rule only,,Read-only verification; no redirect changed.
https://nutrithrive.com.au/blog/moringa-and-blood-sugar-diabetes-research-2026,https://nutrithrive.com.au/blog/moringa-and-blood-sugar-diabetes-research-2026.html,200,158,YES,2026-09-15T10:39:50+00:00,SUCCESS,,200,0,200:https://nutrithrive.com.au/blog/moringa-and-blood-sugar-diabetes-research-2026,https://nutrithrive.com.au/blog/moringa-and-blood-sugar-diabetes-research-2026,200,https://nutrithrive.com.au/blog/moringa-and-blood-sugar-diabetes-research-2026,"index, follow",,YES,YES,11,tracked content file,,Read-only verification; no redirect changed.
https://nutrithrive.com.au/blog/how-long-does-moringa-powder-last-storage-shelf-life-2026.html,https://nutrithrive.com.au/blog/how-long-does-moringa-powder-last-storage-shelf-life-2026,301,161,YES,2026-09-15T10:39:50+00:00,SUCCESS,,301,1,301:https://nutrithrive.com.au/blog/how-long-does-moringa-powder-last-storage-shelf-life-2026.html -> 200:https://nutrithrive.com.au/blog/how-long-does-moringa-powder-last-storage-shelf-life-2026,https://nutrithrive.com.au/blog/how-long-does-moringa-powder-last-storage-shelf-life-2026,200,https://nutrithrive.com.au/blog/how-long-does-moringa-powder-last-storage-shelf-life-2026,"index, follow",,YES,NO,0,redirect rule only,,Read-only verification; no redirect changed.
https://nutrithrive.com.au/blog/how-long-does-moringa-powder-last-storage-shelf-life-2026,https://nutrithrive.com.au/blog/how-long-does-moringa-powder-last-storage-shelf-life-2026.html,200,162,YES,2026-09-15T10:39:50+00:00,SUCCESS,,200,0,200:https://nutrithrive.com.au/blog/how-long-does-moringa-powder-last-storage-shelf-life-2026,https://nutrithrive.com.au/blog/how-long-does-moringa-powder-last-storage-shelf-life-2026,200,https://nutrithrive.com.au/blog/how-long-does-moringa-powder-last-storage-shelf-life-2026,"index, follow",,YES,YES,19,tracked content file,,Read-only verification; no redirect changed.
https://nutrithrive.com.au/blog/can-you-use-dried-curry-leaves-for-hair-2026.html,https://nutrithrive.com.au/blog/can-you-use-dried-curry-leaves-for-hair-2026,301,165,YES,2026-09-15T10:39:50+00:00,SUCCESS,,301,1,301:https://nutrithrive.com.au/blog/can-you-use-dried-curry-leaves-for-hair-2026.html -> 200:https://nutrithrive.com.au/blog/can-you-use-dried-curry-leaves-for-hair-2026,https://nutrithrive.com.au/blog/can-you-use-dried-curry-leaves-for-hair-2026,200,https://nutrithrive.com.au/blog/can-you-use-dried-curry-leaves-for-hair-2026,"index, follow",,YES,NO,0,redirect rule only,,Read-only verification; no redirect changed.
https://nutrithrive.com.au/blog/can-you-use-dried-curry-leaves-for-hair-2026,https://nutrithrive.com.au/blog/can-you-use-dried-curry-leaves-for-hair-2026.html,200,166,YES,2026-09-15T10:39:50+00:00,SUCCESS,,200,0,200:https://nutrithrive.com.au/blog/can-you-use-dried-curry-leaves-for-hair-2026,https://nutrithrive.com.au/blog/can-you-use-dried-curry-leaves-for-hair-2026,200,https://nutrithrive.com.au/blog/can-you-use-dried-curry-leaves-for-hair-2026,"index, follow",,YES,YES,19,tracked content file,,Read-only verification; no redirect changed.
https://nutrithrive.com.au/blog/curry-leaves-health-benefits-what-the-evidence-says-2026.html,https://nutrithrive.com.au/blog/curry-leaves-health-benefits-what-the-evidence-says-2026,301,169,YES,2026-09-15T10:39:50+00:00,SUCCESS,,301,1,301:https://nutrithrive.com.au/blog/curry-leaves-health-benefits-what-the-evidence-says-2026.html -> 200:https://nutrithrive.com.au/blog/curry-leaves-health-benefits-what-the-evidence-says-2026,https://nutrithrive.com.au/blog/curry-leaves-health-benefits-what-the-evidence-says-2026,200,https://nutrithrive.com.au/blog/curry-leaves-health-benefits-what-the-evidence-says-2026,"index, follow",,YES,NO,0,redirect rule only,,Read-only verification; no redirect changed.
https://nutrithrive.com.au/blog/curry-leaves-health-benefits-what-the-evidence-says-2026,https://nutrithrive.com.au/blog/curry-leaves-health-benefits-what-the-evidence-says-2026.html,200,170,YES,2026-09-15T10:39:50+00:00,SUCCESS,,200,0,200:https://nutrithrive.com.au/blog/curry-leaves-health-benefits-what-the-evidence-says-2026,https://nutrithrive.com.au/blog/curry-leaves-health-benefits-what-the-evidence-says-2026,200,https://nutrithrive.com.au/blog/curry-leaves-health-benefits-what-the-evidence-says-2026,"index, follow",,YES,YES,18,tracked content file,,Read-only verification; no redirect changed.
https://nutrithrive.com.au/blog/moringa-soap-benefits-for-skin-2026.html,https://nutrithrive.com.au/blog/moringa-soap-benefits-skin-guide,301,173,YES,2026-09-15T10:39:50+00:00,SUCCESS,,301,1,301:https://nutrithrive.com.au/blog/moringa-soap-benefits-for-skin-2026.html -> 200:https://nutrithrive.com.au/blog/moringa-soap-benefits-skin-guide,https://nutrithrive.com.au/blog/moringa-soap-benefits-skin-guide,200,https://nutrithrive.com.au/blog/moringa-soap-benefits-skin-guide,"index, follow",,YES,NO,0,redirect rule only,,Read-only verification; no redirect changed.
https://nutrithrive.com.au/blog/moringa-soap-benefits-for-skin-2026,https://nutrithrive.com.au/blog/moringa-soap-benefits-skin-guide,301,174,YES,2026-09-15T10:39:50+00:00,SUCCESS,,301,1,301:https://nutrithrive.com.au/blog/moringa-soap-benefits-for-skin-2026 -> 200:https://nutrithrive.com.au/blog/moringa-soap-benefits-skin-guide,https://nutrithrive.com.au/blog/moringa-soap-benefits-skin-guide,200,https://nutrithrive.com.au/blog/moringa-soap-benefits-skin-guide,"index, follow",,YES,NO,0,redirect rule only,,Read-only verification; no redirect changed.
https://nutrithrive.com.au/blog/best-time-to-take-moringa-powder-morning-or-night-2026.html,https://nutrithrive.com.au/blog/best-time-to-take-moringa-powder-morning-or-night-2026,301,177,YES,2026-09-15T10:39:50+00:00,SUCCESS,,301,1,301:https://nutrithrive.com.au/blog/best-time-to-take-moringa-powder-morning-or-night-2026.html -> 200:https://nutrithrive.com.au/blog/best-time-to-take-moringa-powder-morning-or-night-2026,https://nutrithrive.com.au/blog/best-time-to-take-moringa-powder-morning-or-night-2026,200,https://nutrithrive.com.au/blog/best-time-to-take-moringa-powder-morning-or-night-2026,"index, follow",,YES,NO,0,redirect rule only,,Read-only verification; no redirect changed.
https://nutrithrive.com.au/blog/best-time-to-take-moringa-powder-morning-or-night-2026,https://nutrithrive.com.au/blog/best-time-to-take-moringa-powder-morning-or-night-2026.html,200,178,YES,2026-09-15T10:39:50+00:00,SUCCESS,,200,0,200:https://nutrithrive.com.au/blog/best-time-to-take-moringa-powder-morning-or-night-2026,https://nutrithrive.com.au/blog/best-time-to-take-moringa-powder-morning-or-night-2026,200,https://nutrithrive.com.au/blog/best-time-to-take-moringa-powder-morning-or-night-2026,"index, follow",,YES,YES,13,tracked content file,,Read-only verification; no redirect changed.
https://nutrithrive.com.au/blog/darjeeling-black-tea-australia-first-flush-second-flush-guide-2026.html,https://nutrithrive.com.au/blog/darjeeling-black-tea-australia-first-flush-second-flush-guide-2026,301,181,YES,2026-09-15T10:39:50+00:00,SUCCESS,,301,1,301:https://nutrithrive.com.au/blog/darjeeling-black-tea-australia-first-flush-second-flush-guide-2026.html -> 200:https://nutrithrive.com.au/blog/darjeeling-black-tea-australia-first-flush-second-flush-guide-2026,https://nutrithrive.com.au/blog/darjeeling-black-tea-australia-first-flush-second-flush-guide-2026,200,https://nutrithrive.com.au/blog/darjeeling-black-tea-australia-first-flush-second-flush-guide-2026,"index, follow",,YES,NO,0,redirect rule only,,Read-only verification; no redirect changed.
https://nutrithrive.com.au/blog/darjeeling-black-tea-australia-first-flush-second-flush-guide-2026,https://nutrithrive.com.au/blog/darjeeling-black-tea-australia-first-flush-second-flush-guide-2026.html,200,182,YES,2026-09-15T10:39:50+00:00,SUCCESS,,200,0,200:https://nutrithrive.com.au/blog/darjeeling-black-tea-australia-first-flush-second-flush-guide-2026,https://nutrithrive.com.au/blog/darjeeling-black-tea-australia-first-flush-second-flush-guide-2026,200,https://nutrithrive.com.au/blog/darjeeling-black-tea-australia-first-flush-second-flush-guide-2026,"index, follow",,YES,YES,21,tracked content file,,Read-only verification; no redirect changed.
https://nutrithrive.com.au/blog/moringa-for-breastfeeding-milk-supply-2026.html,https://nutrithrive.com.au/blog/moringa-for-breastfeeding-milk-supply-2026,301,185,YES,2026-09-15T10:39:50+00:00,SUCCESS,,301,1,301:https://nutrithrive.com.au/blog/moringa-for-breastfeeding-milk-supply-2026.html -> 200:https://nutrithrive.com.au/blog/moringa-for-breastfeeding-milk-supply-2026,https://nutrithrive.com.au/blog/moringa-for-breastfeeding-milk-supply-2026,200,https://nutrithrive.com.au/blog/moringa-for-breastfeeding-milk-supply-2026,"index, follow",,YES,NO,0,redirect rule only,,Read-only verification; no redirect changed.
https://nutrithrive.com.au/blog/moringa-for-breastfeeding-milk-supply-2026,https://nutrithrive.com.au/blog/moringa-for-breastfeeding-milk-supply-2026.html,200,186,YES,2026-09-15T10:39:50+00:00,SUCCESS,,200,0,200:https://nutrithrive.com.au/blog/moringa-for-breastfeeding-milk-supply-2026,https://nutrithrive.com.au/blog/moringa-for-breastfeeding-milk-supply-2026,200,https://nutrithrive.com.au/blog/moringa-for-breastfeeding-milk-supply-2026,"index, follow",,YES,YES,8,tracked content file,,Read-only verification; no redirect changed.
https://nutrithrive.com.au/blog/moringa-heavy-metals-lab-testing-australia-what-to-look-for-2026.html,https://nutrithrive.com.au/blog/moringa-heavy-metals-lab-testing-australia-what-to-look-for-2026,301,189,YES,2026-09-15T10:39:50+00:00,SUCCESS,,301,1,301:https://nutrithrive.com.au/blog/moringa-heavy-metals-lab-testing-australia-what-to-look-for-2026.html -> 200:https://nutrithrive.com.au/blog/moringa-heavy-metals-lab-testing-australia-what-to-look-for-2026,https://nutrithrive.com.au/blog/moringa-heavy-metals-lab-testing-australia-what-to-look-for-2026,200,https://nutrithrive.com.au/blog/moringa-heavy-metals-lab-testing-australia-what-to-look-for-2026,"index, follow",,YES,NO,0,redirect rule only,,Read-only verification; no redirect changed.
https://nutrithrive.com.au/blog/moringa-heavy-metals-lab-testing-australia-what-to-look-for-2026,https://nutrithrive.com.au/blog/moringa-heavy-metals-lab-testing-australia-what-to-look-for-2026.html,200,190,YES,2026-09-15T10:39:50+00:00,SUCCESS,,200,0,200:https://nutrithrive.com.au/blog/moringa-heavy-metals-lab-testing-australia-what-to-look-for-2026,https://nutrithrive.com.au/blog/moringa-heavy-metals-lab-testing-australia-what-to-look-for-2026,200,https://nutrithrive.com.au/blog/moringa-heavy-metals-lab-testing-australia-what-to-look-for-2026,"index, follow",,YES,YES,22,tracked content file,,Read-only verification; no redirect changed.
https://nutrithrive.com.au/blog/moringa-pregnancy-safe-australia-trimester-guide-2026.html,https://nutrithrive.com.au/blog/moringa-pregnancy-safe-australia-trimester-guide-2026,301,191,YES,2026-09-15T10:39:50+00:00,SUCCESS,,301,1,301:https://nutrithrive.com.au/blog/moringa-pregnancy-safe-australia-trimester-guide-2026.html -> 200:https://nutrithrive.com.au/blog/moringa-pregnancy-safe-australia-trimester-guide-2026,https://nutrithrive.com.au/blog/moringa-pregnancy-safe-australia-trimester-guide-2026,200,https://nutrithrive.com.au/blog/moringa-pregnancy-safe-australia-trimester-guide-2026,"index, follow",,YES,NO,0,redirect rule only,,Read-only verification; no redirect changed.
https://nutrithrive.com.au/blog/moringa-pregnancy-safe-australia-trimester-guide-2026,https://nutrithrive.com.au/blog/moringa-pregnancy-safe-australia-trimester-guide-2026.html,200,192,YES,2026-09-15T10:39:50+00:00,SUCCESS,,200,0,200:https://nutrithrive.com.au/blog/moringa-pregnancy-safe-australia-trimester-guide-2026,https://nutrithrive.com.au/blog/moringa-pregnancy-safe-australia-trimester-guide-2026,200,https://nutrithrive.com.au/blog/moringa-pregnancy-safe-australia-trimester-guide-2026,"index, follow",,YES,YES,14,tracked content file,,Read-only verification; no redirect changed.
https://nutrithrive.com.au/blog/moringa-smoothie-recipes-australia-easy-2026.html,https://nutrithrive.com.au/blog/moringa-smoothie-recipes-australia-2026,301,193,YES,2026-09-15T10:39:50+00:00,SUCCESS,,301,1,301:https://nutrithrive.com.au/blog/moringa-smoothie-recipes-australia-easy-2026.html -> 200:https://nutrithrive.com.au/blog/moringa-smoothie-recipes-australia-2026,https://nutrithrive.com.au/blog/moringa-smoothie-recipes-australia-2026,200,https://nutrithrive.com.au/blog/moringa-smoothie-recipes-australia-2026,"index, follow",,YES,NO,0,redirect rule only,,Read-only verification; no redirect changed.
https://nutrithrive.com.au/blog/moringa-smoothie-recipes-australia-easy-2026,https://nutrithrive.com.au/blog/moringa-smoothie-recipes-australia-2026,301,194,YES,2026-09-15T10:39:50+00:00,SUCCESS,,301,1,301:https://nutrithrive.com.au/blog/moringa-smoothie-recipes-australia-easy-2026 -> 200:https://nutrithrive.com.au/blog/moringa-smoothie-recipes-australia-2026,https://nutrithrive.com.au/blog/moringa-smoothie-recipes-australia-2026,200,https://nutrithrive.com.au/blog/moringa-smoothie-recipes-australia-2026,"index, follow",,YES,NO,0,tracked content file,,Read-only verification; no redirect changed.
https://nutrithrive.com.au/blog/moringa-vs-matcha-energy-metabolism-2026,https://nutrithrive.com.au/blog/moringa-vs-spirulina-vs-matcha-comparison-australia,301,205,YES,2026-09-15T10:39:50+00:00,SUCCESS,,301,1,301:https://nutrithrive.com.au/blog/moringa-vs-matcha-energy-metabolism-2026 -> 200:https://nutrithrive.com.au/blog/moringa-vs-spirulina-vs-matcha-comparison-australia,https://nutrithrive.com.au/blog/moringa-vs-spirulina-vs-matcha-comparison-australia,200,https://nutrithrive.com.au/blog/moringa-vs-spirulina-vs-matcha-comparison-australia,"index, follow",,YES,NO,0,redirect rule only,,Read-only verification; no redirect changed.
https://nutrithrive.com.au/blog/moringa-vs-matcha-energy-metabolism-2026.html,https://nutrithrive.com.au/blog/moringa-vs-spirulina-vs-matcha-comparison-australia,301,206,YES,2026-09-15T10:39:50+00:00,SUCCESS,,301,1,301:https://nutrithrive.com.au/blog/moringa-vs-matcha-energy-metabolism-2026.html -> 200:https://nutrithrive.com.au/blog/moringa-vs-spirulina-vs-matcha-comparison-australia,https://nutrithrive.com.au/blog/moringa-vs-spirulina-vs-matcha-comparison-australia,200,https://nutrithrive.com.au/blog/moringa-vs-spirulina-vs-matcha-comparison-australia,"index, follow",,YES,NO,0,redirect rule only,,Read-only verification; no redirect changed.
https://nutrithrive.com.au/blog/moringa-vs-matcha-superfood-comparison-melbourne-2026,https://nutrithrive.com.au/blog/moringa-vs-spirulina-vs-matcha-comparison-australia,301,207,YES,2026-09-15T10:39:50+00:00,SUCCESS,,301,1,301:https://nutrithrive.com.au/blog/moringa-vs-matcha-superfood-comparison-melbourne-2026 -> 200:https://nutrithrive.com.au/blog/moringa-vs-spirulina-vs-matcha-comparison-australia,https://nutrithrive.com.au/blog/moringa-vs-spirulina-vs-matcha-comparison-australia,200,https://nutrithrive.com.au/blog/moringa-vs-spirulina-vs-matcha-comparison-australia,"index, follow",,YES,NO,0,redirect rule only,,Read-only verification; no redirect changed.
https://nutrithrive.com.au/blog/moringa-vs-matcha-superfood-comparison-melbourne-2026.html,https://nutrithrive.com.au/blog/moringa-vs-spirulina-vs-matcha-comparison-australia,301,208,YES,2026-09-15T10:39:50+00:00,SUCCESS,,301,1,301:https://nutrithrive.com.au/blog/moringa-vs-matcha-superfood-comparison-melbourne-2026.html -> 200:https://nutrithrive.com.au/blog/moringa-vs-spirulina-vs-matcha-comparison-australia,https://nutrithrive.com.au/blog/moringa-vs-spirulina-vs-matcha-comparison-australia,200,https://nutrithrive.com.au/blog/moringa-vs-spirulina-vs-matcha-comparison-australia,"index, follow",,YES,NO,0,redirect rule only,,Read-only verification; no redirect changed.
https://nutrithrive.com.au/blog/spirulina-vs-moringa-vs-matcha-gut-health-2026-scientific-review,https://nutrithrive.com.au/blog/moringa-vs-spirulina-vs-matcha-comparison-australia,301,209,YES,2026-09-15T10:39:50+00:00,SUCCESS,,301,1,301:https://nutrithrive.com.au/blog/spirulina-vs-moringa-vs-matcha-gut-health-2026-scientific-review -> 200:https://nutrithrive.com.au/blog/moringa-vs-spirulina-vs-matcha-comparison-australia,https://nutrithrive.com.au/blog/moringa-vs-spirulina-vs-matcha-comparison-australia,200,https://nutrithrive.com.au/blog/moringa-vs-spirulina-vs-matcha-comparison-australia,"index, follow",,YES,NO,0,redirect rule only,,Read-only verification; no redirect changed.
https://nutrithrive.com.au/blog/spirulina-vs-moringa-vs-matcha-gut-health-2026-scientific-review.html,https://nutrithrive.com.au/blog/moringa-vs-spirulina-vs-matcha-comparison-australia,301,210,YES,2026-09-15T10:39:50+00:00,SUCCESS,,301,1,301:https://nutrithrive.com.au/blog/spirulina-vs-moringa-vs-matcha-gut-health-2026-scientific-review.html -> 200:https://nutrithrive.com.au/blog/moringa-vs-spirulina-vs-matcha-comparison-australia,https://nutrithrive.com.au/blog/moringa-vs-spirulina-vs-matcha-comparison-australia,200,https://nutrithrive.com.au/blog/moringa-vs-spirulina-vs-matcha-comparison-australia,"index, follow",,YES,NO,0,redirect rule only,,Read-only verification; no redirect changed.
https://nutrithrive.com.au/blog/best-protein-powder-australia-2026-complete-guide,https://nutrithrive.com.au/blog/moringa-vs-whey-protein-comparison-2026,301,211,YES,2026-09-15T10:39:50+00:00,SUCCESS,,301,1,301:https://nutrithrive.com.au/blog/best-protein-powder-australia-2026-complete-guide -> 200:https://nutrithrive.com.au/blog/moringa-vs-whey-protein-comparison-2026,https://nutrithrive.com.au/blog/moringa-vs-whey-protein-comparison-2026,200,https://nutrithrive.com.au/blog/moringa-vs-whey-protein-comparison-2026,"index, follow",,YES,NO,0,redirect rule only,,Read-only verification; no redirect changed.
https://nutrithrive.com.au/blog/best-protein-powder-australia-2026-complete-guide.html,https://nutrithrive.com.au/blog/moringa-vs-whey-protein-comparison-2026,301,212,YES,2026-09-15T10:39:50+00:00,SUCCESS,,301,1,301:https://nutrithrive.com.au/blog/best-protein-powder-australia-2026-complete-guide.html -> 200:https://nutrithrive.com.au/blog/moringa-vs-whey-protein-comparison-2026,https://nutrithrive.com.au/blog/moringa-vs-whey-protein-comparison-2026,200,https://nutrithrive.com.au/blog/moringa-vs-whey-protein-comparison-2026,"index, follow",,YES,NO,0,redirect rule only,,Read-only verification; no redirect changed.
https://nutrithrive.com.au/blog/nutri-thrive-clean-moringa-protein-2026-guide,https://nutrithrive.com.au/blog/moringa-vs-whey-protein-comparison-2026,301,213,YES,2026-09-15T10:39:50+00:00,SUCCESS,,301,1,301:https://nutrithrive.com.au/blog/nutri-thrive-clean-moringa-protein-2026-guide -> 200:https://nutrithrive.com.au/blog/moringa-vs-whey-protein-comparison-2026,https://nutrithrive.com.au/blog/moringa-vs-whey-protein-comparison-2026,200,https://nutrithrive.com.au/blog/moringa-vs-whey-protein-comparison-2026,"index, follow",,YES,NO,0,redirect rule only,,Read-only verification; no redirect changed.
https://nutrithrive.com.au/blog/nutri-thrive-clean-moringa-protein-2026-guide.html,https://nutrithrive.com.au/blog/moringa-vs-whey-protein-comparison-2026,301,214,YES,2026-09-15T10:39:50+00:00,SUCCESS,,301,1,301:https://nutrithrive.com.au/blog/nutri-thrive-clean-moringa-protein-2026-guide.html -> 200:https://nutrithrive.com.au/blog/moringa-vs-whey-protein-comparison-2026,https://nutrithrive.com.au/blog/moringa-vs-whey-protein-comparison-2026,200,https://nutrithrive.com.au/blog/moringa-vs-whey-protein-comparison-2026,"index, follow",,YES,NO,0,redirect rule only,,Read-only verification; no redirect changed.
https://nutrithrive.com.au/journal/nutri-thrive-clean-moringa-protein-2026-guide,https://nutrithrive.com.au/blog/moringa-vs-whey-protein-comparison-2026,301,215,YES,2026-09-15T10:39:50+00:00,SUCCESS,,301,1,301:https://nutrithrive.com.au/journal/nutri-thrive-clean-moringa-protein-2026-guide -> 200:https://nutrithrive.com.au/blog/moringa-vs-whey-protein-comparison-2026,https://nutrithrive.com.au/blog/moringa-vs-whey-protein-comparison-2026,200,https://nutrithrive.com.au/blog/moringa-vs-whey-protein-comparison-2026,"index, follow",,YES,NO,0,redirect rule only,,Read-only verification; no redirect changed.
https://nutrithrive.com.au/journal/nutri-thrive-clean-moringa-protein-2026-guide.html,https://nutrithrive.com.au/blog/moringa-vs-whey-protein-comparison-2026,301,216,YES,2026-09-15T10:39:50+00:00,SUCCESS,,301,1,301:https://nutrithrive.com.au/journal/nutri-thrive-clean-moringa-protein-2026-guide.html -> 200:https://nutrithrive.com.au/blog/moringa-vs-whey-protein-comparison-2026,https://nutrithrive.com.au/blog/moringa-vs-whey-protein-comparison-2026,200,https://nutrithrive.com.au/blog/moringa-vs-whey-protein-comparison-2026,"index, follow",,YES,NO,0,redirect rule only,,Read-only verification; no redirect changed.
https://nutrithrive.com.au/blog/how-to-grow-moringa-in-australia-complete-guide-2026.html,https://nutrithrive.com.au/blog/grow-moringa-tree-australia,301,217,YES,2026-09-15T10:39:50+00:00,SUCCESS,,301,1,301:https://nutrithrive.com.au/blog/how-to-grow-moringa-in-australia-complete-guide-2026.html -> 200:https://nutrithrive.com.au/blog/grow-moringa-tree-australia,https://nutrithrive.com.au/blog/grow-moringa-tree-australia,200,https://nutrithrive.com.au/blog/grow-moringa-tree-australia,"index, follow",,YES,NO,0,redirect rule only,,Read-only verification; no redirect changed.
https://nutrithrive.com.au/blog/how-to-grow-moringa-in-australia-complete-guide-2026,https://nutrithrive.com.au/blog/grow-moringa-tree-australia,301,218,YES,2026-09-15T10:39:50+00:00,SUCCESS,,301,1,301:https://nutrithrive.com.au/blog/how-to-grow-moringa-in-australia-complete-guide-2026 -> 200:https://nutrithrive.com.au/blog/grow-moringa-tree-australia,https://nutrithrive.com.au/blog/grow-moringa-tree-australia,200,https://nutrithrive.com.au/blog/grow-moringa-tree-australia,"index, follow",,YES,NO,0,redirect rule only,,Read-only verification; no redirect changed.
https://nutrithrive.com.au/blog/growing-moringa-australia-honest-frost-pots-2026.html,https://nutrithrive.com.au/blog/grow-moringa-tree-australia,301,220,YES,2026-09-15T10:39:50+00:00,SUCCESS,,301,1,301:https://nutrithrive.com.au/blog/growing-moringa-australia-honest-frost-pots-2026.html -> 200:https://nutrithrive.com.au/blog/grow-moringa-tree-australia,https://nutrithrive.com.au/blog/grow-moringa-tree-australia,200,https://nutrithrive.com.au/blog/grow-moringa-tree-australia,"index, follow",,YES,NO,0,redirect rule only,,Read-only verification; no redirect changed.
https://nutrithrive.com.au/blog/growing-moringa-australia-honest-frost-pots-2026,https://nutrithrive.com.au/blog/grow-moringa-tree-australia,301,221,YES,2026-09-15T10:39:50+00:00,SUCCESS,,301,1,301:https://nutrithrive.com.au/blog/growing-moringa-australia-honest-frost-pots-2026 -> 200:https://nutrithrive.com.au/blog/grow-moringa-tree-australia,https://nutrithrive.com.au/blog/grow-moringa-tree-australia,200,https://nutrithrive.com.au/blog/grow-moringa-tree-australia,"index, follow",,YES,NO,0,redirect rule only,,Read-only verification; no redirect changed.
https://nutrithrive.com.au/blog/moringa-capsules-vs-powder-which-is-better-2026.html,https://nutrithrive.com.au/blog/moringa-capsules-vs-powder-which-is-better-2026,301,222,YES,2026-09-15T10:39:50+00:00,SUCCESS,,301,1,301:https://nutrithrive.com.au/blog/moringa-capsules-vs-powder-which-is-better-2026.html -> 200:https://nutrithrive.com.au/blog/moringa-capsules-vs-powder-which-is-better-2026,https://nutrithrive.com.au/blog/moringa-capsules-vs-powder-which-is-better-2026,200,https://nutrithrive.com.au/blog/moringa-capsules-vs-powder-which-is-better-2026,"index, follow",,YES,NO,0,redirect rule only,,Read-only verification; no redirect changed.
https://nutrithrive.com.au/blog/moringa-capsules-vs-powder-which-is-better-2026,https://nutrithrive.com.au/blog/moringa-capsules-vs-powder-which-is-better-2026.html,200,223,YES,2026-09-15T10:39:50+00:00,SUCCESS,,200,0,200:https://nutrithrive.com.au/blog/moringa-capsules-vs-powder-which-is-better-2026,https://nutrithrive.com.au/blog/moringa-capsules-vs-powder-which-is-better-2026,200,https://nutrithrive.com.au/blog/moringa-capsules-vs-powder-which-is-better-2026,"index, follow",,YES,YES,28,tracked content file,,Read-only verification; no redirect changed.
https://nutrithrive.com.au/blog/moringa-powder-vs-capsules-comparison-2026.html,https://nutrithrive.com.au/blog/moringa-capsules-vs-powder-which-is-better-2026,301,224,YES,2026-09-15T10:39:50+00:00,SUCCESS,,301,1,301:https://nutrithrive.com.au/blog/moringa-powder-vs-capsules-comparison-2026.html -> 200:https://nutrithrive.com.au/blog/moringa-capsules-vs-powder-which-is-better-2026,https://nutrithrive.com.au/blog/moringa-capsules-vs-powder-which-is-better-2026,200,https://nutrithrive.com.au/blog/moringa-capsules-vs-powder-which-is-better-2026,"index, follow",,YES,NO,0,redirect rule only,,Read-only verification; no redirect changed.
https://nutrithrive.com.au/blog/moringa-powder-vs-capsules-comparison-2026,https://nutrithrive.com.au/blog/moringa-capsules-vs-powder-which-is-better-2026,301,225,YES,2026-09-15T10:39:50+00:00,SUCCESS,,301,1,301:https://nutrithrive.com.au/blog/moringa-powder-vs-capsules-comparison-2026 -> 200:https://nutrithrive.com.au/blog/moringa-capsules-vs-powder-which-is-better-2026,https://nutrithrive.com.au/blog/moringa-capsules-vs-powder-which-is-better-2026,200,https://nutrithrive.com.au/blog/moringa-capsules-vs-powder-which-is-better-2026,"index, follow",,YES,NO,0,redirect rule only,,Read-only verification; no redirect changed.
https://nutrithrive.com.au/blog/buy-moringa-powder-melbourne-victoria-chinese-guide.html,https://nutrithrive.com.au/404.html,410,226,YES,2026-09-15T10:39:50+00:00,SUCCESS,,410,0,410:https://nutrithrive.com.au/blog/buy-moringa-powder-melbourne-victoria-chinese-guide.html,https://nutrithrive.com.au/blog/buy-moringa-powder-melbourne-victoria-chinese-guide.html,410,https://nutrithrive.com.au/404,"noindex, follow",,YES,NO,0,redirect rule only,,Read-only verification; no redirect changed.
https://nutrithrive.com.au/blog/buy-moringa-powder-melbourne-victoria-chinese-guide,https://nutrithrive.com.au/404.html,410,227,YES,2026-09-15T10:39:50+00:00,SUCCESS,,410,0,410:https://nutrithrive.com.au/blog/buy-moringa-powder-melbourne-victoria-chinese-guide,https://nutrithrive.com.au/blog/buy-moringa-powder-melbourne-victoria-chinese-guide,410,https://nutrithrive.com.au/404,"noindex, follow",,YES,NO,0,redirect rule only,,Read-only verification; no redirect changed.
https://nutrithrive.com.au/blog/top-moringa-companies-australia-2026,https://nutrithrive.com.au/blog/moringa-brands-comparison-australia-2026,301,228,YES,2026-09-15T10:39:50+00:00,SUCCESS,,301,1,301:https://nutrithrive.com.au/blog/top-moringa-companies-australia-2026 -> 200:https://nutrithrive.com.au/blog/moringa-brands-comparison-australia-2026,https://nutrithrive.com.au/blog/moringa-brands-comparison-australia-2026,200,https://nutrithrive.com.au/blog/moringa-brands-comparison-australia-2026,"index, follow",,YES,NO,0,redirect rule only,,Read-only verification; no redirect changed.
https://nutrithrive.com.au/blog/top-moringa-companies-australia-2026.html,https://nutrithrive.com.au/blog/moringa-brands-comparison-australia-2026,301,229,YES,2026-09-15T10:39:50+00:00,SUCCESS,,301,1,301:https://nutrithrive.com.au/blog/top-moringa-companies-australia-2026.html -> 200:https://nutrithrive.com.au/blog/moringa-brands-comparison-australia-2026,https://nutrithrive.com.au/blog/moringa-brands-comparison-australia-2026,200,https://nutrithrive.com.au/blog/moringa-brands-comparison-australia-2026,"index, follow",,YES,NO,0,redirect rule only,,Read-only verification; no redirect changed.
https://nutrithrive.com.au/journal/top-moringa-companies-australia-2026,https://nutrithrive.com.au/blog/moringa-brands-comparison-australia-2026,301,230,YES,2026-09-15T10:39:50+00:00,SUCCESS,,301,1,301:https://nutrithrive.com.au/journal/top-moringa-companies-australia-2026 -> 200:https://nutrithrive.com.au/blog/moringa-brands-comparison-australia-2026,https://nutrithrive.com.au/blog/moringa-brands-comparison-australia-2026,200,https://nutrithrive.com.au/blog/moringa-brands-comparison-australia-2026,"index, follow",,YES,NO,0,redirect rule only,,Read-only verification; no redirect changed.
https://nutrithrive.com.au/blog/moringa-at-chemist-warehouse-australia-worth-it-2026,https://nutrithrive.com.au/blog/moringa-chemist-warehouse-vs-nutrithrive-quality-test-2025,301,232,YES,2026-09-15T10:39:50+00:00,SUCCESS,,301,1,301:https://nutrithrive.com.au/blog/moringa-at-chemist-warehouse-australia-worth-it-2026 -> 200:https://nutrithrive.com.au/blog/moringa-chemist-warehouse-vs-nutrithrive-quality-test-2025,https://nutrithrive.com.au/blog/moringa-chemist-warehouse-vs-nutrithrive-quality-test-2025,200,https://nutrithrive.com.au/blog/moringa-chemist-warehouse-vs-nutrithrive-quality-test-2025,"index, follow",,YES,NO,0,redirect rule only,,Read-only verification; no redirect changed.
https://nutrithrive.com.au/blog/moringa-at-chemist-warehouse-australia-worth-it-2026.html,https://nutrithrive.com.au/blog/moringa-chemist-warehouse-vs-nutrithrive-quality-test-2025,301,233,YES,2026-09-15T10:39:50+00:00,SUCCESS,,301,1,301:https://nutrithrive.com.au/blog/moringa-at-chemist-warehouse-australia-worth-it-2026.html -> 200:https://nutrithrive.com.au/blog/moringa-chemist-warehouse-vs-nutrithrive-quality-test-2025,https://nutrithrive.com.au/blog/moringa-chemist-warehouse-vs-nutrithrive-quality-test-2025,200,https://nutrithrive.com.au/blog/moringa-chemist-warehouse-vs-nutrithrive-quality-test-2025,"index, follow",,YES,NO,0,redirect rule only,,Read-only verification; no redirect changed.
https://nutrithrive.com.au/blog/where-to-buy-moringa-australia-chemist-warehouse-woolworths-nutrithrive-2025,https://nutrithrive.com.au/blog/moringa-chemist-warehouse-vs-nutrithrive-quality-test-2025,301,234,YES,2026-09-15T10:39:50+00:00,SUCCESS,,301,1,301:https://nutrithrive.com.au/blog/where-to-buy-moringa-australia-chemist-warehouse-woolworths-nutrithrive-2025 -> 200:https://nutrithrive.com.au/blog/moringa-chemist-warehouse-vs-nutrithrive-quality-test-2025,https://nutrithrive.com.au/blog/moringa-chemist-warehouse-vs-nutrithrive-quality-test-2025,200,https://nutrithrive.com.au/blog/moringa-chemist-warehouse-vs-nutrithrive-quality-test-2025,"index, follow",,YES,NO,0,redirect rule only,,Read-only verification; no redirect changed.
https://nutrithrive.com.au/blog/where-to-buy-moringa-australia-chemist-warehouse-woolworths-nutrithrive-2025.html,https://nutrithrive.com.au/blog/moringa-chemist-warehouse-vs-nutrithrive-quality-test-2025,301,235,YES,2026-09-15T10:39:50+00:00,SUCCESS,,301,1,301:https://nutrithrive.com.au/blog/where-to-buy-moringa-australia-chemist-warehouse-woolworths-nutrithrive-2025.html -> 200:https://nutrithrive.com.au/blog/moringa-chemist-warehouse-vs-nutrithrive-quality-test-2025,https://nutrithrive.com.au/blog/moringa-chemist-warehouse-vs-nutrithrive-quality-test-2025,200,https://nutrithrive.com.au/blog/moringa-chemist-warehouse-vs-nutrithrive-quality-test-2025,"index, follow",,YES,NO,0,redirect rule only,,Read-only verification; no redirect changed.
https://nutrithrive.com.au/blog/sydney-time-guide-moringa-nutrithrive-2026,https://nutrithrive.com.au/404.html,410,238,YES,2026-09-15T10:39:50+00:00,SUCCESS,,410,0,410:https://nutrithrive.com.au/blog/sydney-time-guide-moringa-nutrithrive-2026,https://nutrithrive.com.au/blog/sydney-time-guide-moringa-nutrithrive-2026,410,https://nutrithrive.com.au/404,"noindex, follow",,YES,NO,0,redirect rule only,,Read-only verification; no redirect changed.
https://nutrithrive.com.au/blog/sydney-time-guide-moringa-nutrithrive-2026.html,https://nutrithrive.com.au/404.html,410,239,YES,2026-09-15T10:39:50+00:00,SUCCESS,,410,0,410:https://nutrithrive.com.au/blog/sydney-time-guide-moringa-nutrithrive-2026.html,https://nutrithrive.com.au/blog/sydney-time-guide-moringa-nutrithrive-2026.html,410,https://nutrithrive.com.au/404,"noindex, follow",,YES,NO,0,redirect rule only,,Read-only verification; no redirect changed.
https://nutrithrive.com.au/blog/top-20-hiking-destinations-victoria-australia-ultimate-guide-2026,https://nutrithrive.com.au/404.html,410,240,YES,2026-09-15T10:39:50+00:00,SUCCESS,,410,0,410:https://nutrithrive.com.au/blog/top-20-hiking-destinations-victoria-australia-ultimate-guide-2026,https://nutrithrive.com.au/blog/top-20-hiking-destinations-victoria-australia-ultimate-guide-2026,410,https://nutrithrive.com.au/404,"noindex, follow",,YES,NO,0,redirect rule only,,Read-only verification; no redirect changed.
https://nutrithrive.com.au/blog/top-20-hiking-destinations-victoria-australia-ultimate-guide-2026.html,https://nutrithrive.com.au/404.html,410,241,YES,2026-09-15T10:39:50+00:00,SUCCESS,,410,0,410:https://nutrithrive.com.au/blog/top-20-hiking-destinations-victoria-australia-ultimate-guide-2026.html,https://nutrithrive.com.au/blog/top-20-hiking-destinations-victoria-australia-ultimate-guide-2026.html,410,https://nutrithrive.com.au/404,"noindex, follow",,YES,NO,0,redirect rule only,,Read-only verification; no redirect changed.
https://nutrithrive.com.au/blog/melbourne-outdoor-gyms-longevity-training-2026-guide,https://nutrithrive.com.au/404.html,410,242,YES,2026-09-15T10:39:50+00:00,SUCCESS,,410,0,410:https://nutrithrive.com.au/blog/melbourne-outdoor-gyms-longevity-training-2026-guide,https://nutrithrive.com.au/blog/melbourne-outdoor-gyms-longevity-training-2026-guide,410,https://nutrithrive.com.au/404,"noindex, follow",,YES,NO,0,redirect rule only,,Read-only verification; no redirect changed.
https://nutrithrive.com.au/blog/melbourne-outdoor-gyms-longevity-training-2026-guide.html,https://nutrithrive.com.au/404.html,410,243,YES,2026-09-15T10:39:50+00:00,SUCCESS,,410,0,410:https://nutrithrive.com.au/blog/melbourne-outdoor-gyms-longevity-training-2026-guide.html,https://nutrithrive.com.au/blog/melbourne-outdoor-gyms-longevity-training-2026-guide.html,410,https://nutrithrive.com.au/404,"noindex, follow",,YES,NO,0,redirect rule only,,Read-only verification; no redirect changed.
https://nutrithrive.com.au/blog/universal-size-converter,https://nutrithrive.com.au/404.html,410,244,YES,2026-09-15T10:39:50+00:00,SUCCESS,,410,0,410:https://nutrithrive.com.au/blog/universal-size-converter,https://nutrithrive.com.au/blog/universal-size-converter,410,https://nutrithrive.com.au/404,"noindex, follow",,YES,NO,0,redirect rule only,,Read-only verification; no redirect changed.
https://nutrithrive.com.au/blog/universal-size-converter.html,https://nutrithrive.com.au/404.html,410,245,YES,2026-09-15T10:39:50+00:00,SUCCESS,,410,0,410:https://nutrithrive.com.au/blog/universal-size-converter.html,https://nutrithrive.com.au/blog/universal-size-converter.html,410,https://nutrithrive.com.au/404,"noindex, follow",,YES,NO,0,redirect rule only,,Read-only verification; no redirect changed.
https://nutrithrive.com.au/blog/natural-language-calendar-scheduler,https://nutrithrive.com.au/404.html,410,246,YES,2026-09-15T10:39:50+00:00,SUCCESS,,410,0,410:https://nutrithrive.com.au/blog/natural-language-calendar-scheduler,https://nutrithrive.com.au/blog/natural-language-calendar-scheduler,410,https://nutrithrive.com.au/404,"noindex, follow",,YES,NO,0,redirect rule only,,Read-only verification; no redirect changed.
https://nutrithrive.com.au/blog/natural-language-calendar-scheduler.html,https://nutrithrive.com.au/404.html,410,247,YES,2026-09-15T10:39:50+00:00,SUCCESS,,410,0,410:https://nutrithrive.com.au/blog/natural-language-calendar-scheduler.html,https://nutrithrive.com.au/blog/natural-language-calendar-scheduler.html,410,https://nutrithrive.com.au/404,"noindex, follow",,YES,NO,0,redirect rule only,,Read-only verification; no redirect changed.
https://nutrithrive.com.au/blog/definitive-encyclopedia-handcrafted-soap-for-sidney-2026,https://nutrithrive.com.au/404.html,410,248,YES,2026-09-15T10:39:50+00:00,SUCCESS,,410,0,410:https://nutrithrive.com.au/blog/definitive-encyclopedia-handcrafted-soap-for-sidney-2026,https://nutrithrive.com.au/blog/definitive-encyclopedia-handcrafted-soap-for-sidney-2026,410,https://nutrithrive.com.au/404,"noindex, follow",,YES,NO,0,redirect rule only,,Read-only verification; no redirect changed.
https://nutrithrive.com.au/blog/definitive-encyclopedia-handcrafted-soap-for-sidney-2026.html,https://nutrithrive.com.au/404.html,410,249,YES,2026-09-15T10:39:50+00:00,SUCCESS,,410,0,410:https://nutrithrive.com.au/blog/definitive-encyclopedia-handcrafted-soap-for-sidney-2026.html,https://nutrithrive.com.au/blog/definitive-encyclopedia-handcrafted-soap-for-sidney-2026.html,410,https://nutrithrive.com.au/404,"noindex, follow",,YES,NO,0,redirect rule only,,Read-only verification; no redirect changed.
https://nutrithrive.com.au/blog/best-protein-energy-bars-australia-2026-supermarket-guide,https://nutrithrive.com.au/blog/how-to-choose-moringa-powder-australia-2026,301,250,YES,2026-09-15T10:39:50+00:00,SUCCESS,,301,1,301:https://nutrithrive.com.au/blog/best-protein-energy-bars-australia-2026-supermarket-guide -> 200:https://nutrithrive.com.au/blog/how-to-choose-moringa-powder-australia-2026,https://nutrithrive.com.au/blog/how-to-choose-moringa-powder-australia-2026,200,https://nutrithrive.com.au/blog/how-to-choose-moringa-powder-australia-2026,"index, follow",,YES,NO,0,redirect rule only,,Read-only verification; no redirect changed.
https://nutrithrive.com.au/blog/best-protein-energy-bars-australia-2026-supermarket-guide.html,https://nutrithrive.com.au/blog/how-to-choose-moringa-powder-australia-2026,301,251,YES,2026-09-15T10:39:50+00:00,SUCCESS,,301,1,301:https://nutrithrive.com.au/blog/best-protein-energy-bars-australia-2026-supermarket-guide.html -> 200:https://nutrithrive.com.au/blog/how-to-choose-moringa-powder-australia-2026,https://nutrithrive.com.au/blog/how-to-choose-moringa-powder-australia-2026,200,https://nutrithrive.com.au/blog/how-to-choose-moringa-powder-australia-2026,"index, follow",,YES,NO,0,redirect rule only,,Read-only verification; no redirect changed.
https://nutrithrive.com.au/blog/moringa-powder-vs-capsules-which-one-actually-works-better-2026,https://nutrithrive.com.au/blog/moringa-capsules-vs-powder-which-is-better-2026,301,252,YES,2026-09-15T10:39:50+00:00,SUCCESS,,301,1,301:https://nutrithrive.com.au/blog/moringa-powder-vs-capsules-which-one-actually-works-better-2026 -> 200:https://nutrithrive.com.au/blog/moringa-capsules-vs-powder-which-is-better-2026,https://nutrithrive.com.au/blog/moringa-capsules-vs-powder-which-is-better-2026,200,https://nutrithrive.com.au/blog/moringa-capsules-vs-powder-which-is-better-2026,"index, follow",,YES,NO,0,redirect rule only,,Read-only verification; no redirect changed.
https://nutrithrive.com.au/blog/moringa-powder-vs-capsules-which-one-actually-works-better-2026.html,https://nutrithrive.com.au/blog/moringa-capsules-vs-powder-which-is-better-2026,301,253,YES,2026-09-15T10:39:50+00:00,SUCCESS,,301,1,301:https://nutrithrive.com.au/blog/moringa-powder-vs-capsules-which-one-actually-works-better-2026.html -> 200:https://nutrithrive.com.au/blog/moringa-capsules-vs-powder-which-is-better-2026,https://nutrithrive.com.au/blog/moringa-capsules-vs-powder-which-is-better-2026,200,https://nutrithrive.com.au/blog/moringa-capsules-vs-powder-which-is-better-2026,"index, follow",,YES,NO,0,redirect rule only,,Read-only verification; no redirect changed.
https://nutrithrive.com.au/journal/moringa-powder-vs-capsules-which-one-actually-works-better-2026,https://nutrithrive.com.au/blog/moringa-capsules-vs-powder-which-is-better-2026,301,254,YES,2026-09-15T10:39:50+00:00,SUCCESS,,301,1,301:https://nutrithrive.com.au/journal/moringa-powder-vs-capsules-which-one-actually-works-better-2026 -> 200:https://nutrithrive.com.au/blog/moringa-capsules-vs-powder-which-is-better-2026,https://nutrithrive.com.au/blog/moringa-capsules-vs-powder-which-is-better-2026,200,https://nutrithrive.com.au/blog/moringa-capsules-vs-powder-which-is-better-2026,"index, follow",,YES,NO,0,redirect rule only,,Read-only verification; no redirect changed.
https://nutrithrive.com.au/journal/moringa-powder-vs-capsules-which-one-actually-works-better-2026.html,https://nutrithrive.com.au/blog/moringa-capsules-vs-powder-which-is-better-2026,301,256,YES,2026-09-15T10:39:50+00:00,SUCCESS,,301,1,301:https://nutrithrive.com.au/journal/moringa-powder-vs-capsules-which-one-actually-works-better-2026.html -> 200:https://nutrithrive.com.au/blog/moringa-capsules-vs-powder-which-is-better-2026,https://nutrithrive.com.au/blog/moringa-capsules-vs-powder-which-is-better-2026,200,https://nutrithrive.com.au/blog/moringa-capsules-vs-powder-which-is-better-2026,"index, follow",,YES,NO,0,redirect rule only,,Read-only verification; no redirect changed.
https://nutrithrive.com.au/blog/best-protein-powder-australia,https://nutrithrive.com.au/blog/moringa-vs-whey-protein-comparison-2026,301,257,YES,2026-09-15T10:39:50+00:00,SUCCESS,,301,1,301:https://nutrithrive.com.au/blog/best-protein-powder-australia -> 200:https://nutrithrive.com.au/blog/moringa-vs-whey-protein-comparison-2026,https://nutrithrive.com.au/blog/moringa-vs-whey-protein-comparison-2026,200,https://nutrithrive.com.au/blog/moringa-vs-whey-protein-comparison-2026,"index, follow",,YES,NO,0,redirect rule only,,Read-only verification; no redirect changed.
https://nutrithrive.com.au/blog/best-protein-powder-australia.html,https://nutrithrive.com.au/blog/moringa-vs-whey-protein-comparison-2026,301,258,YES,2026-09-15T10:39:50+00:00,SUCCESS,,301,1,301:https://nutrithrive.com.au/blog/best-protein-powder-australia.html -> 200:https://nutrithrive.com.au/blog/moringa-vs-whey-protein-comparison-2026,https://nutrithrive.com.au/blog/moringa-vs-whey-protein-comparison-2026,200,https://nutrithrive.com.au/blog/moringa-vs-whey-protein-comparison-2026,"index, follow",,YES,NO,0,redirect rule only,,Read-only verification; no redirect changed.
https://nutrithrive.com.au/blog/best-protein-brands-australia-seniors-over-70-2026-strength-vitality-guide,https://nutrithrive.com.au/404.html,410,259,YES,2026-09-15T10:39:50+00:00,SUCCESS,,410,0,410:https://nutrithrive.com.au/blog/best-protein-brands-australia-seniors-over-70-2026-strength-vitality-guide,https://nutrithrive.com.au/blog/best-protein-brands-australia-seniors-over-70-2026-strength-vitality-guide,410,https://nutrithrive.com.au/404,"noindex, follow",,YES,NO,0,redirect rule only,,Read-only verification; no redirect changed.
https://nutrithrive.com.au/blog/best-protein-brands-australia-seniors-over-70-2026-strength-vitality-guide.html,https://nutrithrive.com.au/404.html,410,260,YES,2026-09-15T10:39:50+00:00,SUCCESS,,410,0,410:https://nutrithrive.com.au/blog/best-protein-brands-australia-seniors-over-70-2026-strength-vitality-guide.html,https://nutrithrive.com.au/blog/best-protein-brands-australia-seniors-over-70-2026-strength-vitality-guide.html,410,https://nutrithrive.com.au/404,"noindex, follow",,YES,NO,0,redirect rule only,,Read-only verification; no redirect changed.
https://nutrithrive.com.au/blog/high-protein-snacks-australia-25-options-under-150-calories-2025,https://nutrithrive.com.au/404.html,410,261,YES,2026-09-15T10:39:50+00:00,SUCCESS,,410,0,410:https://nutrithrive.com.au/blog/high-protein-snacks-australia-25-options-under-150-calories-2025,https://nutrithrive.com.au/blog/high-protein-snacks-australia-25-options-under-150-calories-2025,410,https://nutrithrive.com.au/404,"noindex, follow",,YES,NO,0,redirect rule only,,Read-only verification; no redirect changed.
https://nutrithrive.com.au/blog/high-protein-snacks-australia-25-options-under-150-calories-2025.html,https://nutrithrive.com.au/404.html,410,262,YES,2026-09-15T10:39:50+00:00,SUCCESS,,410,0,410:https://nutrithrive.com.au/blog/high-protein-snacks-australia-25-options-under-150-calories-2025.html,https://nutrithrive.com.au/blog/high-protein-snacks-australia-25-options-under-150-calories-2025.html,410,https://nutrithrive.com.au/404,"noindex, follow",,YES,NO,0,redirect rule only,,Read-only verification; no redirect changed.
https://nutrithrive.com.au/blog/melbourne-body-burden-report-2026,https://nutrithrive.com.au/404.html,410,263,YES,2026-09-15T10:39:50+00:00,SUCCESS,,410,0,410:https://nutrithrive.com.au/blog/melbourne-body-burden-report-2026,https://nutrithrive.com.au/blog/melbourne-body-burden-report-2026,410,https://nutrithrive.com.au/404,"noindex, follow",,YES,NO,0,redirect rule only,,Read-only verification; no redirect changed.
https://nutrithrive.com.au/blog/melbourne-body-burden-report-2026.html,https://nutrithrive.com.au/404.html,410,264,YES,2026-09-15T10:39:50+00:00,SUCCESS,,410,0,410:https://nutrithrive.com.au/blog/melbourne-body-burden-report-2026.html,https://nutrithrive.com.au/blog/melbourne-body-burden-report-2026.html,410,https://nutrithrive.com.au/404,"noindex, follow",,YES,NO,0,redirect rule only,,Read-only verification; no redirect changed.
https://nutrithrive.com.au/blog/healthy-snack-melbourne-why-everyone-switching-to-moringa-2026,https://nutrithrive.com.au/blog/moringa-vs-coffee-melbourne-energy-hack,301,265,YES,2026-09-15T10:39:50+00:00,SUCCESS,,301,1,301:https://nutrithrive.com.au/blog/healthy-snack-melbourne-why-everyone-switching-to-moringa-2026 -> 200:https://nutrithrive.com.au/blog/moringa-vs-coffee-melbourne-energy-hack,https://nutrithrive.com.au/blog/moringa-vs-coffee-melbourne-energy-hack,200,https://nutrithrive.com.au/blog/moringa-vs-coffee-melbourne-energy-hack,"index, follow",,YES,NO,0,redirect rule only,,Read-only verification; no redirect changed.
https://nutrithrive.com.au/blog/healthy-snack-melbourne-why-everyone-switching-to-moringa-2026.html,https://nutrithrive.com.au/blog/moringa-vs-coffee-melbourne-energy-hack,301,266,YES,2026-09-15T10:39:50+00:00,SUCCESS,,301,1,301:https://nutrithrive.com.au/blog/healthy-snack-melbourne-why-everyone-switching-to-moringa-2026.html -> 200:https://nutrithrive.com.au/blog/moringa-vs-coffee-melbourne-energy-hack,https://nutrithrive.com.au/blog/moringa-vs-coffee-melbourne-energy-hack,200,https://nutrithrive.com.au/blog/moringa-vs-coffee-melbourne-energy-hack,"index, follow",,YES,NO,0,redirect rule only,,Read-only verification; no redirect changed.
https://nutrithrive.com.au/blog/30-day-moringa-coffee-reset-australia-guide-2026,https://nutrithrive.com.au/404.html,410,269,YES,2026-09-15T10:39:50+00:00,SUCCESS,,410,0,410:https://nutrithrive.com.au/blog/30-day-moringa-coffee-reset-australia-guide-2026,https://nutrithrive.com.au/blog/30-day-moringa-coffee-reset-australia-guide-2026,410,https://nutrithrive.com.au/404,"noindex, follow",,YES,NO,0,redirect rule only,,Read-only verification; no redirect changed.
https://nutrithrive.com.au/blog/30-day-moringa-coffee-reset-australia-guide-2026.html,https://nutrithrive.com.au/404.html,410,270,YES,2026-09-15T10:39:50+00:00,SUCCESS,,410,0,410:https://nutrithrive.com.au/blog/30-day-moringa-coffee-reset-australia-guide-2026.html,https://nutrithrive.com.au/blog/30-day-moringa-coffee-reset-australia-guide-2026.html,410,https://nutrithrive.com.au/404,"noindex, follow",,YES,NO,0,redirect rule only,,Read-only verification; no redirect changed.
https://nutrithrive.com.au/blog/moringa-for-weight-loss-australia-2026,https://nutrithrive.com.au/404.html,410,271,YES,2026-09-15T10:39:50+00:00,SUCCESS,,410,0,410:https://nutrithrive.com.au/blog/moringa-for-weight-loss-australia-2026,https://nutrithrive.com.au/blog/moringa-for-weight-loss-australia-2026,410,https://nutrithrive.com.au/404,"noindex, follow",,YES,NO,0,redirect rule only,,Read-only verification; no redirect changed.
https://nutrithrive.com.au/blog/moringa-for-weight-loss-australia-2026.html,https://nutrithrive.com.au/404.html,410,272,YES,2026-09-15T10:39:50+00:00,SUCCESS,,410,0,410:https://nutrithrive.com.au/blog/moringa-for-weight-loss-australia-2026.html,https://nutrithrive.com.au/blog/moringa-for-weight-loss-australia-2026.html,410,https://nutrithrive.com.au/404,"noindex, follow",,YES,NO,0,redirect rule only,,Read-only verification; no redirect changed.
https://nutrithrive.com.au/blog/dried-curry-leaf-hair-oil-recipe,https://nutrithrive.com.au/404.html,410,273,YES,2026-09-15T10:39:50+00:00,SUCCESS,,410,0,410:https://nutrithrive.com.au/blog/dried-curry-leaf-hair-oil-recipe,https://nutrithrive.com.au/blog/dried-curry-leaf-hair-oil-recipe,410,https://nutrithrive.com.au/404,"noindex, follow",,YES,NO,0,redirect rule only,,Read-only verification; no redirect changed.
https://nutrithrive.com.au/blog/dried-curry-leaf-hair-oil-recipe.html,https://nutrithrive.com.au/404.html,410,274,YES,2026-09-15T10:39:50+00:00,SUCCESS,,410,0,410:https://nutrithrive.com.au/blog/dried-curry-leaf-hair-oil-recipe.html,https://nutrithrive.com.au/blog/dried-curry-leaf-hair-oil-recipe.html,410,https://nutrithrive.com.au/404,"noindex, follow",,YES,NO,0,redirect rule only,,Read-only verification; no redirect changed.
https://nutrithrive.com.au/blog/moringa-eyesight-better-than-carrots,https://nutrithrive.com.au/404.html,410,275,YES,2026-09-15T10:39:50+00:00,SUCCESS,,410,0,410:https://nutrithrive.com.au/blog/moringa-eyesight-better-than-carrots,https://nutrithrive.com.au/blog/moringa-eyesight-better-than-carrots,410,https://nutrithrive.com.au/404,"noindex, follow",,YES,NO,0,redirect rule only,,Read-only verification; no redirect changed.
https://nutrithrive.com.au/blog/moringa-eyesight-better-than-carrots.html,https://nutrithrive.com.au/404.html,410,276,YES,2026-09-15T10:39:50+00:00,SUCCESS,,410,0,410:https://nutrithrive.com.au/blog/moringa-eyesight-better-than-carrots.html,https://nutrithrive.com.au/blog/moringa-eyesight-better-than-carrots.html,410,https://nutrithrive.com.au/404,"noindex, follow",,YES,NO,0,redirect rule only,,Read-only verification; no redirect changed.
https://nutrithrive.com.au/blog/category/guides,https://nutrithrive.com.au/blog/category/guides/index.html,200,285,YES,2026-09-15T10:39:50+00:00,SUCCESS,,301,1,301:https://nutrithrive.com.au/blog/category/guides -> 200:https://nutrithrive.com.au/blog/category/guides,https://nutrithrive.com.au/blog/category/guides,200,https://nutrithrive.com.au/blog/category/guides,"index, follow",,YES,YES,0,redirect rule only,,Read-only verification; no redirect changed.
https://nutrithrive.com.au/blog/category/tea,https://nutrithrive.com.au/blog/category/tea/index.html,200,287,YES,2026-09-15T10:39:50+00:00,SUCCESS,,301,1,301:https://nutrithrive.com.au/blog/category/tea -> 200:https://nutrithrive.com.au/blog/category/tea,https://nutrithrive.com.au/blog/category/tea,200,https://nutrithrive.com.au/blog/category/tea,"index, follow",,YES,YES,7,redirect rule only,,Read-only verification; no redirect changed.
https://nutrithrive.com.au/blog/category/health,https://nutrithrive.com.au/blog/category/health/index.html,200,289,YES,2026-09-15T10:39:50+00:00,SUCCESS,,301,1,301:https://nutrithrive.com.au/blog/category/health -> 200:https://nutrithrive.com.au/blog/category/health,https://nutrithrive.com.au/blog/category/health,200,https://nutrithrive.com.au/blog/category/health,"index, follow",,YES,YES,0,redirect rule only,,Read-only verification; no redirect changed.
https://nutrithrive.com.au/blog/category/pets,https://nutrithrive.com.au/blog/category/pets/index.html,200,291,YES,2026-09-15T10:39:50+00:00,SUCCESS,,301,1,301:https://nutrithrive.com.au/blog/category/pets -> 200:https://nutrithrive.com.au/blog/category/pets,https://nutrithrive.com.au/blog/category/pets,200,https://nutrithrive.com.au/blog/category/pets,"index, follow",,YES,YES,0,redirect rule only,,Read-only verification; no redirect changed.
https://nutrithrive.com.au/blog/moringa-breastfeeding-mums-natural-lactation-support,https://nutrithrive.com.au/404.html,410,299,YES,2026-09-15T10:39:50+00:00,SUCCESS,,410,0,410:https://nutrithrive.com.au/blog/moringa-breastfeeding-mums-natural-lactation-support,https://nutrithrive.com.au/blog/moringa-breastfeeding-mums-natural-lactation-support,410,https://nutrithrive.com.au/404,"noindex, follow",,YES,NO,0,redirect rule only,,Read-only verification; no redirect changed.
https://nutrithrive.com.au/blog/moringa-breastfeeding-mums-natural-lactation-support.html,https://nutrithrive.com.au/404.html,410,300,YES,2026-09-15T10:39:50+00:00,SUCCESS,,410,0,410:https://nutrithrive.com.au/blog/moringa-breastfeeding-mums-natural-lactation-support.html,https://nutrithrive.com.au/blog/moringa-breastfeeding-mums-natural-lactation-support.html,410,https://nutrithrive.com.au/404,"noindex, follow",,YES,NO,0,redirect rule only,,Read-only verification; no redirect changed.
https://nutrithrive.com.au/blog/musashi-protein-powder-australia-comprehensive-guide-2026,https://nutrithrive.com.au/404.html,410,301,YES,2026-09-15T10:39:50+00:00,SUCCESS,,410,0,410:https://nutrithrive.com.au/blog/musashi-protein-powder-australia-comprehensive-guide-2026,https://nutrithrive.com.au/blog/musashi-protein-powder-australia-comprehensive-guide-2026,410,https://nutrithrive.com.au/404,"noindex, follow",,YES,NO,0,redirect rule only,,Read-only verification; no redirect changed.
https://nutrithrive.com.au/blog/musashi-protein-powder-australia-comprehensive-guide-2026.html,https://nutrithrive.com.au/404.html,410,302,YES,2026-09-15T10:39:50+00:00,SUCCESS,,410,0,410:https://nutrithrive.com.au/blog/musashi-protein-powder-australia-comprehensive-guide-2026.html,https://nutrithrive.com.au/blog/musashi-protein-powder-australia-comprehensive-guide-2026.html,410,https://nutrithrive.com.au/404,"noindex, follow",,YES,NO,0,redirect rule only,,Read-only verification; no redirect changed.
https://nutrithrive.com.au/blog/best-gyms-melbourne-cbd-2026-complete-comparison-guide,https://nutrithrive.com.au/404.html,410,303,YES,2026-09-15T10:39:50+00:00,SUCCESS,,410,0,410:https://nutrithrive.com.au/blog/best-gyms-melbourne-cbd-2026-complete-comparison-guide,https://nutrithrive.com.au/blog/best-gyms-melbourne-cbd-2026-complete-comparison-guide,410,https://nutrithrive.com.au/404,"noindex, follow",,YES,NO,0,redirect rule only,,Read-only verification; no redirect changed.
https://nutrithrive.com.au/blog/best-gyms-melbourne-cbd-2026-complete-comparison-guide.html,https://nutrithrive.com.au/404.html,410,304,YES,2026-09-15T10:39:50+00:00,SUCCESS,,410,0,410:https://nutrithrive.com.au/blog/best-gyms-melbourne-cbd-2026-complete-comparison-guide.html,https://nutrithrive.com.au/blog/best-gyms-melbourne-cbd-2026-complete-comparison-guide.html,410,https://nutrithrive.com.au/404,"noindex, follow",,YES,NO,0,redirect rule only,,Read-only verification; no redirect changed.
https://nutrithrive.com.au/blog/best-clean-protein-powders-moringa-products-australia-2026,https://nutrithrive.com.au/404.html,410,305,YES,2026-09-15T10:39:50+00:00,SUCCESS,,410,0,410:https://nutrithrive.com.au/blog/best-clean-protein-powders-moringa-products-australia-2026,https://nutrithrive.com.au/blog/best-clean-protein-powders-moringa-products-australia-2026,410,https://nutrithrive.com.au/404,"noindex, follow",,YES,NO,0,redirect rule only,,Read-only verification; no redirect changed.
https://nutrithrive.com.au/blog/best-clean-protein-powders-moringa-products-australia-2026.html,https://nutrithrive.com.au/404.html,410,306,YES,2026-09-15T10:39:50+00:00,SUCCESS,,410,0,410:https://nutrithrive.com.au/blog/best-clean-protein-powders-moringa-products-australia-2026.html,https://nutrithrive.com.au/blog/best-clean-protein-powders-moringa-products-australia-2026.html,410,https://nutrithrive.com.au/404,"noindex, follow",,YES,NO,0,redirect rule only,,Read-only verification; no redirect changed.
https://nutrithrive.com.au/blog/gut-health-meal-plan-australia-7-day-guide-2026,https://nutrithrive.com.au/blog/how-to-add-moringa-to-diet,301,307,YES,2026-09-15T10:39:50+00:00,SUCCESS,,301,1,301:https://nutrithrive.com.au/blog/gut-health-meal-plan-australia-7-day-guide-2026 -> 200:https://nutrithrive.com.au/blog/how-to-add-moringa-to-diet,https://nutrithrive.com.au/blog/how-to-add-moringa-to-diet,200,https://nutrithrive.com.au/blog/how-to-add-moringa-to-diet,"index, follow",,YES,NO,0,redirect rule only,,Read-only verification; no redirect changed.
https://nutrithrive.com.au/blog/gut-health-meal-plan-australia-7-day-guide-2026.html,https://nutrithrive.com.au/blog/how-to-add-moringa-to-diet,301,308,YES,2026-09-15T10:39:50+00:00,SUCCESS,,301,1,301:https://nutrithrive.com.au/blog/gut-health-meal-plan-australia-7-day-guide-2026.html -> 200:https://nutrithrive.com.au/blog/how-to-add-moringa-to-diet,https://nutrithrive.com.au/blog/how-to-add-moringa-to-diet,200,https://nutrithrive.com.au/blog/how-to-add-moringa-to-diet,"index, follow",,YES,NO,0,redirect rule only,,Read-only verification; no redirect changed.
https://nutrithrive.com.au/blog/30-day-moringa-experiment-replaced-supplements-journal-2026,https://nutrithrive.com.au/404.html,410,309,YES,2026-09-15T10:39:50+00:00,SUCCESS,,410,0,410:https://nutrithrive.com.au/blog/30-day-moringa-experiment-replaced-supplements-journal-2026,https://nutrithrive.com.au/blog/30-day-moringa-experiment-replaced-supplements-journal-2026,410,https://nutrithrive.com.au/404,"noindex, follow",,YES,NO,0,redirect rule only,,Read-only verification; no redirect changed.
https://nutrithrive.com.au/blog/30-day-moringa-experiment-replaced-supplements-journal-2026.html,https://nutrithrive.com.au/404.html,410,310,YES,2026-09-15T10:39:50+00:00,SUCCESS,,410,0,410:https://nutrithrive.com.au/blog/30-day-moringa-experiment-replaced-supplements-journal-2026.html,https://nutrithrive.com.au/blog/30-day-moringa-experiment-replaced-supplements-journal-2026.html,410,https://nutrithrive.com.au/404,"noindex, follow",,YES,NO,0,redirect rule only,,Read-only verification; no redirect changed.
https://nutrithrive.com.au/blog/natural-heavy-metal-detox-moringa-cleanse-body,https://nutrithrive.com.au/404.html,410,311,YES,2026-09-15T10:39:50+00:00,SUCCESS,,410,0,410:https://nutrithrive.com.au/blog/natural-heavy-metal-detox-moringa-cleanse-body,https://nutrithrive.com.au/blog/natural-heavy-metal-detox-moringa-cleanse-body,410,https://nutrithrive.com.au/404,"noindex, follow",,YES,NO,0,redirect rule only,,Read-only verification; no redirect changed.
https://nutrithrive.com.au/blog/natural-heavy-metal-detox-moringa-cleanse-body.html,https://nutrithrive.com.au/404.html,410,312,YES,2026-09-15T10:39:50+00:00,SUCCESS,,410,0,410:https://nutrithrive.com.au/blog/natural-heavy-metal-detox-moringa-cleanse-body.html,https://nutrithrive.com.au/blog/natural-heavy-metal-detox-moringa-cleanse-body.html,410,https://nutrithrive.com.au/404,"noindex, follow",,YES,NO,0,redirect rule only,,Read-only verification; no redirect changed.
https://nutrithrive.com.au/blog/moringa-calm-mind-stress-brain-fog-cortisol-science-2026.html,https://nutrithrive.com.au/blog/moringa-calm-mind-stress-brain-fog-cortisol-science-2026,301,313,YES,2026-09-15T10:39:50+00:00,SUCCESS,,301,1,301:https://nutrithrive.com.au/blog/moringa-calm-mind-stress-brain-fog-cortisol-science-2026.html -> 200:https://nutrithrive.com.au/blog/moringa-calm-mind-stress-brain-fog-cortisol-science-2026,https://nutrithrive.com.au/blog/moringa-calm-mind-stress-brain-fog-cortisol-science-2026,200,https://nutrithrive.com.au/blog/moringa-calm-mind-stress-brain-fog-cortisol-science-2026,"index, follow",,YES,NO,0,redirect rule only,,Read-only verification; no redirect changed.
https://nutrithrive.com.au/blog/moringa-calm-mind-stress-brain-fog-cortisol-science-2026,https://nutrithrive.com.au/blog/moringa-calm-mind-stress-brain-fog-cortisol-science-2026.html,200,314,YES,2026-09-15T10:39:50+00:00,SUCCESS,,200,0,200:https://nutrithrive.com.au/blog/moringa-calm-mind-stress-brain-fog-cortisol-science-2026,https://nutrithrive.com.au/blog/moringa-calm-mind-stress-brain-fog-cortisol-science-2026,200,https://nutrithrive.com.au/blog/moringa-calm-mind-stress-brain-fog-cortisol-science-2026,"index, follow",,YES,YES,9,tracked content file,,Read-only verification; no redirect changed.
https://nutrithrive.com.au/blog/dried-curry-leaves-australia-uses-storage-health-benefits-cooking-guide-2026,https://nutrithrive.com.au/404.html,410,315,YES,2026-09-15T10:39:50+00:00,SUCCESS,,410,0,410:https://nutrithrive.com.au/blog/dried-curry-leaves-australia-uses-storage-health-benefits-cooking-guide-2026,https://nutrithrive.com.au/blog/dried-curry-leaves-australia-uses-storage-health-benefits-cooking-guide-2026,410,https://nutrithrive.com.au/404,"noindex, follow",,YES,NO,0,redirect rule only,,Read-only verification; no redirect changed.
https://nutrithrive.com.au/blog/dried-curry-leaves-australia-uses-storage-health-benefits-cooking-guide-2026.html,https://nutrithrive.com.au/404.html,410,316,YES,2026-09-15T10:39:50+00:00,SUCCESS,,410,0,410:https://nutrithrive.com.au/blog/dried-curry-leaves-australia-uses-storage-health-benefits-cooking-guide-2026.html,https://nutrithrive.com.au/blog/dried-curry-leaves-australia-uses-storage-health-benefits-cooking-guide-2026.html,410,https://nutrithrive.com.au/404,"noindex, follow",,YES,NO,0,redirect rule only,,Read-only verification; no redirect changed.
https://nutrithrive.com.au/blog/american-spice-renaissance-dried-curry-leaves-market-analysis-2026,https://nutrithrive.com.au/404.html,410,317,YES,2026-09-15T10:39:50+00:00,SUCCESS,,410,0,410:https://nutrithrive.com.au/blog/american-spice-renaissance-dried-curry-leaves-market-analysis-2026,https://nutrithrive.com.au/blog/american-spice-renaissance-dried-curry-leaves-market-analysis-2026,410,https://nutrithrive.com.au/404,"noindex, follow",,YES,NO,0,redirect rule only,,Read-only verification; no redirect changed.
https://nutrithrive.com.au/blog/american-spice-renaissance-dried-curry-leaves-market-analysis-2026.html,https://nutrithrive.com.au/404.html,410,318,YES,2026-09-15T10:39:50+00:00,SUCCESS,,410,0,410:https://nutrithrive.com.au/blog/american-spice-renaissance-dried-curry-leaves-market-analysis-2026.html,https://nutrithrive.com.au/blog/american-spice-renaissance-dried-curry-leaves-market-analysis-2026.html,410,https://nutrithrive.com.au/404,"noindex, follow",,YES,NO,0,redirect rule only,,Read-only verification; no redirect changed.
https://nutrithrive.com.au/blog/darjeeling-black-tea-melbourne-muscatel-marvel,https://nutrithrive.com.au/404.html,410,319,YES,2026-09-15T10:39:50+00:00,SUCCESS,,410,0,410:https://nutrithrive.com.au/blog/darjeeling-black-tea-melbourne-muscatel-marvel,https://nutrithrive.com.au/blog/darjeeling-black-tea-melbourne-muscatel-marvel,410,https://nutrithrive.com.au/404,"noindex, follow",,YES,NO,0,redirect rule only,,Read-only verification; no redirect changed.
https://nutrithrive.com.au/blog/darjeeling-black-tea-melbourne-muscatel-marvel.html,https://nutrithrive.com.au/404.html,410,320,YES,2026-09-15T10:39:50+00:00,SUCCESS,,410,0,410:https://nutrithrive.com.au/blog/darjeeling-black-tea-melbourne-muscatel-marvel.html,https://nutrithrive.com.au/blog/darjeeling-black-tea-melbourne-muscatel-marvel.html,410,https://nutrithrive.com.au/404,"noindex, follow",,YES,NO,0,redirect rule only,,Read-only verification; no redirect changed.
https://nutrithrive.com.au/blog/state-of-australian-schooling-2026-comprehensive-analysis,https://nutrithrive.com.au/blog,301,321,YES,2026-09-15T10:39:50+00:00,SUCCESS,,301,1,301:https://nutrithrive.com.au/blog/state-of-australian-schooling-2026-comprehensive-analysis -> 200:https://nutrithrive.com.au/blog,https://nutrithrive.com.au/blog,200,https://nutrithrive.com.au/blog,"index, follow",,YES,NO,0,redirect rule only,,Read-only verification; no redirect changed.
https://nutrithrive.com.au/blog/state-of-australian-schooling-2026-comprehensive-analysis.html,https://nutrithrive.com.au/blog,301,322,YES,2026-09-15T10:39:50+00:00,SUCCESS,,301,1,301:https://nutrithrive.com.au/blog/state-of-australian-schooling-2026-comprehensive-analysis.html -> 200:https://nutrithrive.com.au/blog,https://nutrithrive.com.au/blog,200,https://nutrithrive.com.au/blog,"index, follow",,YES,NO,0,redirect rule only,,Read-only verification; no redirect changed.
https://nutrithrive.com.au/blog/strategic-market-growth-report-australian-wellness-2026-bioharmony-superfoods,https://nutrithrive.com.au/404.html,410,323,YES,2026-09-15T10:39:50+00:00,SUCCESS,,410,0,410:https://nutrithrive.com.au/blog/strategic-market-growth-report-australian-wellness-2026-bioharmony-superfoods,https://nutrithrive.com.au/blog/strategic-market-growth-report-australian-wellness-2026-bioharmony-superfoods,410,https://nutrithrive.com.au/404,"noindex, follow",,YES,NO,0,redirect rule only,,Read-only verification; no redirect changed.
https://nutrithrive.com.au/blog/strategic-market-growth-report-australian-wellness-2026-bioharmony-superfoods.html,https://nutrithrive.com.au/404.html,410,324,YES,2026-09-15T10:39:50+00:00,SUCCESS,,410,0,410:https://nutrithrive.com.au/blog/strategic-market-growth-report-australian-wellness-2026-bioharmony-superfoods.html,https://nutrithrive.com.au/blog/strategic-market-growth-report-australian-wellness-2026-bioharmony-superfoods.html,410,https://nutrithrive.com.au/404,"noindex, follow",,YES,NO,0,redirect rule only,,Read-only verification; no redirect changed.
https://nutrithrive.com.au/blog,https://nutrithrive.com.au/blog,301,377,YES,2026-09-15T10:39:50+00:00,SUCCESS,,301,1,301:https://nutrithrive.com.au/blog -> 200:https://nutrithrive.com.au/blog,https://nutrithrive.com.au/blog,200,https://nutrithrive.com.au/blog,"index, follow",,YES,YES,686,redirect rule only,,Read-only verification; no redirect changed.
https://nutrithrive.com.au/blog/10-dollar-superfood-replaced-200-supplement-stack-australia-2026.html,https://nutrithrive.com.au/blog/how-to-choose-moringa-powder-australia-2026,301,462,YES,2026-09-15T10:39:50+00:00,SUCCESS,,301,1,301:https://nutrithrive.com.au/blog/10-dollar-superfood-replaced-200-supplement-stack-australia-2026.html -> 200:https://nutrithrive.com.au/blog/how-to-choose-moringa-powder-australia-2026,https://nutrithrive.com.au/blog/how-to-choose-moringa-powder-australia-2026,200,https://nutrithrive.com.au/blog/how-to-choose-moringa-powder-australia-2026,"index, follow",,YES,NO,0,redirect rule only,,Read-only verification; no redirect changed.
https://nutrithrive.com.au/blog/10-dollar-superfood-replaced-200-supplement-stack-australia-2026,https://nutrithrive.com.au/blog/how-to-choose-moringa-powder-australia-2026,301,463,YES,2026-09-15T10:39:50+00:00,SUCCESS,,301,1,301:https://nutrithrive.com.au/blog/10-dollar-superfood-replaced-200-supplement-stack-australia-2026 -> 200:https://nutrithrive.com.au/blog/how-to-choose-moringa-powder-australia-2026,https://nutrithrive.com.au/blog/how-to-choose-moringa-powder-australia-2026,200,https://nutrithrive.com.au/blog/how-to-choose-moringa-powder-australia-2026,"index, follow",,YES,NO,0,redirect rule only,,Read-only verification; no redirect changed.
https://nutrithrive.com.au/blog/australia-summer-2026-trends-travel-shopping-wellness-guide.html,https://nutrithrive.com.au/404.html,410,464,YES,2026-09-15T10:39:50+00:00,SUCCESS,,410,0,410:https://nutrithrive.com.au/blog/australia-summer-2026-trends-travel-shopping-wellness-guide.html,https://nutrithrive.com.au/blog/australia-summer-2026-trends-travel-shopping-wellness-guide.html,410,https://nutrithrive.com.au/404,"noindex, follow",,YES,NO,0,redirect rule only,,Read-only verification; no redirect changed.
https://nutrithrive.com.au/blog/australia-summer-2026-trends-travel-shopping-wellness-guide,https://nutrithrive.com.au/404.html,410,465,YES,2026-09-15T10:39:50+00:00,SUCCESS,,410,0,410:https://nutrithrive.com.au/blog/australia-summer-2026-trends-travel-shopping-wellness-guide,https://nutrithrive.com.au/blog/australia-summer-2026-trends-travel-shopping-wellness-guide,410,https://nutrithrive.com.au/404,"noindex, follow",,YES,NO,0,redirect rule only,,Read-only verification; no redirect changed.
https://nutrithrive.com.au/blog/affordable-superfoods-organic-tax-marketplace-wellness-vic-nsw-qld-2026.html,https://nutrithrive.com.au/404.html,410,466,YES,2026-09-15T10:39:50+00:00,SUCCESS,,410,0,410:https://nutrithrive.com.au/blog/affordable-superfoods-organic-tax-marketplace-wellness-vic-nsw-qld-2026.html,https://nutrithrive.com.au/blog/affordable-superfoods-organic-tax-marketplace-wellness-vic-nsw-qld-2026.html,410,https://nutrithrive.com.au/404,"noindex, follow",,YES,NO,0,redirect rule only,,Read-only verification; no redirect changed.
https://nutrithrive.com.au/blog/affordable-superfoods-organic-tax-marketplace-wellness-vic-nsw-qld-2026,https://nutrithrive.com.au/404.html,410,467,YES,2026-09-15T10:39:50+00:00,SUCCESS,,410,0,410:https://nutrithrive.com.au/blog/affordable-superfoods-organic-tax-marketplace-wellness-vic-nsw-qld-2026,https://nutrithrive.com.au/blog/affordable-superfoods-organic-tax-marketplace-wellness-vic-nsw-qld-2026,410,https://nutrithrive.com.au/404,"noindex, follow",,YES,NO,0,redirect rule only,,Read-only verification; no redirect changed.
https://nutrithrive.com.au/blog/are-your-supplements-ultra-processed-hidden-fillers-australia-2026.html,https://nutrithrive.com.au/404.html,410,468,YES,2026-09-15T10:39:50+00:00,SUCCESS,,410,0,410:https://nutrithrive.com.au/blog/are-your-supplements-ultra-processed-hidden-fillers-australia-2026.html,https://nutrithrive.com.au/blog/are-your-supplements-ultra-processed-hidden-fillers-australia-2026.html,410,https://nutrithrive.com.au/404,"noindex, follow",,YES,NO,0,redirect rule only,,Read-only verification; no redirect changed.
https://nutrithrive.com.au/blog/are-your-supplements-ultra-processed-hidden-fillers-australia-2026,https://nutrithrive.com.au/404.html,410,469,YES,2026-09-15T10:39:50+00:00,SUCCESS,,410,0,410:https://nutrithrive.com.au/blog/are-your-supplements-ultra-processed-hidden-fillers-australia-2026,https://nutrithrive.com.au/blog/are-your-supplements-ultra-processed-hidden-fillers-australia-2026,410,https://nutrithrive.com.au/404,"noindex, follow",,YES,NO,0,redirect rule only,,Read-only verification; no redirect changed.
https://nutrithrive.com.au/blog/best-superfoods-australia-comparison-health-conscious-adults.html,https://nutrithrive.com.au/blog/moringa-vs-spirulina-vs-matcha-comparison-australia,301,470,YES,2026-09-15T10:39:50+00:00,SUCCESS,,301,1,301:https://nutrithrive.com.au/blog/best-superfoods-australia-comparison-health-conscious-adults.html -> 200:https://nutrithrive.com.au/blog/moringa-vs-spirulina-vs-matcha-comparison-australia,https://nutrithrive.com.au/blog/moringa-vs-spirulina-vs-matcha-comparison-australia,200,https://nutrithrive.com.au/blog/moringa-vs-spirulina-vs-matcha-comparison-australia,"index, follow",,YES,NO,0,redirect rule only,,Read-only verification; no redirect changed.
https://nutrithrive.com.au/blog/best-superfoods-australia-comparison-health-conscious-adults,https://nutrithrive.com.au/blog/moringa-vs-spirulina-vs-matcha-comparison-australia,301,471,YES,2026-09-15T10:39:50+00:00,SUCCESS,,301,1,301:https://nutrithrive.com.au/blog/best-superfoods-australia-comparison-health-conscious-adults -> 200:https://nutrithrive.com.au/blog/moringa-vs-spirulina-vs-matcha-comparison-australia,https://nutrithrive.com.au/blog/moringa-vs-spirulina-vs-matcha-comparison-australia,200,https://nutrithrive.com.au/blog/moringa-vs-spirulina-vs-matcha-comparison-australia,"index, follow",,YES,NO,0,redirect rule only,,Read-only verification; no redirect changed.
https://nutrithrive.com.au/blog/chronic-fatigue-what-actually-fixed-it-2026.html,https://nutrithrive.com.au/blog/chronic-fatigue-what-actually-fixed-it-2026,301,472,YES,2026-09-15T10:39:50+00:00,SUCCESS,,301,1,301:https://nutrithrive.com.au/blog/chronic-fatigue-what-actually-fixed-it-2026.html -> 200:https://nutrithrive.com.au/blog/chronic-fatigue-what-actually-fixed-it-2026,https://nutrithrive.com.au/blog/chronic-fatigue-what-actually-fixed-it-2026,200,https://nutrithrive.com.au/blog/chronic-fatigue-what-actually-fixed-it-2026,"index, follow",,YES,NO,0,redirect rule only,,Read-only verification; no redirect changed.
https://nutrithrive.com.au/blog/chronic-fatigue-what-actually-fixed-it-2026,https://nutrithrive.com.au/blog/chronic-fatigue-what-actually-fixed-it-2026.html,200,473,YES,2026-09-15T10:39:50+00:00,SUCCESS,,200,0,200:https://nutrithrive.com.au/blog/chronic-fatigue-what-actually-fixed-it-2026,https://nutrithrive.com.au/blog/chronic-fatigue-what-actually-fixed-it-2026,200,https://nutrithrive.com.au/blog/chronic-fatigue-what-actually-fixed-it-2026,"index, follow",,YES,YES,8,tracked content file,,Read-only verification; no redirect changed.
https://nutrithrive.com.au/blog/best-greens-powder-australia-2026.html,https://nutrithrive.com.au/blog/moringa-vs-spirulina-vs-matcha-comparison-australia,301,475,YES,2026-09-15T10:39:50+00:00,SUCCESS,,301,1,301:https://nutrithrive.com.au/blog/best-greens-powder-australia-2026.html -> 200:https://nutrithrive.com.au/blog/moringa-vs-spirulina-vs-matcha-comparison-australia,https://nutrithrive.com.au/blog/moringa-vs-spirulina-vs-matcha-comparison-australia,200,https://nutrithrive.com.au/blog/moringa-vs-spirulina-vs-matcha-comparison-australia,"index, follow",,YES,NO,0,redirect rule only,,Read-only verification; no redirect changed.
https://nutrithrive.com.au/blog/best-greens-powder-australia-2026,https://nutrithrive.com.au/blog/moringa-vs-spirulina-vs-matcha-comparison-australia,301,476,YES,2026-09-15T10:39:50+00:00,SUCCESS,,301,1,301:https://nutrithrive.com.au/blog/best-greens-powder-australia-2026 -> 200:https://nutrithrive.com.au/blog/moringa-vs-spirulina-vs-matcha-comparison-australia,https://nutrithrive.com.au/blog/moringa-vs-spirulina-vs-matcha-comparison-australia,200,https://nutrithrive.com.au/blog/moringa-vs-spirulina-vs-matcha-comparison-australia,"index, follow",,YES,NO,0,redirect rule only,,Read-only verification; no redirect changed.
https://nutrithrive.com.au/blog/high-protein-moringa-recipes-australia-2026.html,https://nutrithrive.com.au/blog/high-protein-moringa-recipes-australia-2026,301,477,YES,2026-09-15T10:39:50+00:00,SUCCESS,,301,1,301:https://nutrithrive.com.au/blog/high-protein-moringa-recipes-australia-2026.html -> 200:https://nutrithrive.com.au/blog/high-protein-moringa-recipes-australia-2026,https://nutrithrive.com.au/blog/high-protein-moringa-recipes-australia-2026,200,https://nutrithrive.com.au/blog/high-protein-moringa-recipes-australia-2026,"index, follow",,YES,NO,0,redirect rule only,,Read-only verification; no redirect changed.
https://nutrithrive.com.au/blog/high-protein-moringa-recipes-australia-2026,https://nutrithrive.com.au/blog/high-protein-moringa-recipes-australia-2026.html,200,478,YES,2026-09-15T10:39:50+00:00,SUCCESS,,200,0,200:https://nutrithrive.com.au/blog/high-protein-moringa-recipes-australia-2026,https://nutrithrive.com.au/blog/high-protein-moringa-recipes-australia-2026,200,https://nutrithrive.com.au/blog/high-protein-moringa-recipes-australia-2026,"index, follow",,YES,YES,5,tracked content file,,Read-only verification; no redirect changed.
https://nutrithrive.com.au/blog/cystic-acne-gut-healing-what-actually-cleared-skin-2026.html,https://nutrithrive.com.au/blog/cystic-acne-gut-healing-what-actually-cleared-skin-2026,301,479,YES,2026-09-15T10:39:50+00:00,SUCCESS,,301,1,301:https://nutrithrive.com.au/blog/cystic-acne-gut-healing-what-actually-cleared-skin-2026.html -> 200:https://nutrithrive.com.au/blog/cystic-acne-gut-healing-what-actually-cleared-skin-2026,https://nutrithrive.com.au/blog/cystic-acne-gut-healing-what-actually-cleared-skin-2026,200,https://nutrithrive.com.au/blog/cystic-acne-gut-healing-what-actually-cleared-skin-2026,"index, follow",,YES,NO,0,redirect rule only,,Read-only verification; no redirect changed.
https://nutrithrive.com.au/blog/cystic-acne-gut-healing-what-actually-cleared-skin-2026,https://nutrithrive.com.au/blog/cystic-acne-gut-healing-what-actually-cleared-skin-2026.html,200,480,YES,2026-09-15T10:39:50+00:00,SUCCESS,,200,0,200:https://nutrithrive.com.au/blog/cystic-acne-gut-healing-what-actually-cleared-skin-2026,https://nutrithrive.com.au/blog/cystic-acne-gut-healing-what-actually-cleared-skin-2026,200,https://nutrithrive.com.au/blog/cystic-acne-gut-healing-what-actually-cleared-skin-2026,"index, follow",,YES,YES,6,tracked content file,,Read-only verification; no redirect changed.
https://nutrithrive.com.au/blog/moringa-30-day-challenge-honest-results.html,https://nutrithrive.com.au/blog/moringa-30-day-challenge-honest-results,301,481,YES,2026-09-15T10:39:50+00:00,SUCCESS,,301,1,301:https://nutrithrive.com.au/blog/moringa-30-day-challenge-honest-results.html -> 200:https://nutrithrive.com.au/blog/moringa-30-day-challenge-honest-results,https://nutrithrive.com.au/blog/moringa-30-day-challenge-honest-results,200,https://nutrithrive.com.au/blog/moringa-30-day-challenge-honest-results,"index, follow",,YES,NO,0,redirect rule only,,Read-only verification; no redirect changed.
https://nutrithrive.com.au/blog/moringa-30-day-challenge-honest-results,https://nutrithrive.com.au/blog/moringa-30-day-challenge-honest-results.html,200,482,YES,2026-09-15T10:39:50+00:00,SUCCESS,,200,0,200:https://nutrithrive.com.au/blog/moringa-30-day-challenge-honest-results,https://nutrithrive.com.au/blog/moringa-30-day-challenge-honest-results,200,https://nutrithrive.com.au/blog/moringa-30-day-challenge-honest-results,"index, follow",,YES,YES,6,tracked content file,,Read-only verification; no redirect changed.
https://nutrithrive.com.au/blog/cant-lose-weight-broken-gut-what-actually-worked-2026.html,https://nutrithrive.com.au/blog/cant-lose-weight-broken-gut-what-actually-worked-2026,301,483,YES,2026-09-15T10:39:50+00:00,SUCCESS,,301,1,301:https://nutrithrive.com.au/blog/cant-lose-weight-broken-gut-what-actually-worked-2026.html -> 200:https://nutrithrive.com.au/blog/cant-lose-weight-broken-gut-what-actually-worked-2026,https://nutrithrive.com.au/blog/cant-lose-weight-broken-gut-what-actually-worked-2026,200,https://nutrithrive.com.au/blog/cant-lose-weight-broken-gut-what-actually-worked-2026,"index, follow",,YES,NO,0,redirect rule only,,Read-only verification; no redirect changed.
https://nutrithrive.com.au/blog/cant-lose-weight-broken-gut-what-actually-worked-2026,https://nutrithrive.com.au/blog/cant-lose-weight-broken-gut-what-actually-worked-2026.html,200,484,YES,2026-09-15T10:39:50+00:00,SUCCESS,,200,0,200:https://nutrithrive.com.au/blog/cant-lose-weight-broken-gut-what-actually-worked-2026,https://nutrithrive.com.au/blog/cant-lose-weight-broken-gut-what-actually-worked-2026,200,https://nutrithrive.com.au/blog/cant-lose-weight-broken-gut-what-actually-worked-2026,"index, follow",,YES,YES,4,tracked content file,,Read-only verification; no redirect changed.
https://nutrithrive.com.au/blog/does-moringa-have-caffeine-truth-about-energy-focus-side-effects-2026.html,https://nutrithrive.com.au/404.html,410,485,YES,2026-09-15T10:39:50+00:00,SUCCESS,,410,0,410:https://nutrithrive.com.au/blog/does-moringa-have-caffeine-truth-about-energy-focus-side-effects-2026.html,https://nutrithrive.com.au/blog/does-moringa-have-caffeine-truth-about-energy-focus-side-effects-2026.html,410,https://nutrithrive.com.au/404,"noindex, follow",,YES,NO,0,redirect rule only,,Read-only verification; no redirect changed.
https://nutrithrive.com.au/blog/does-moringa-have-caffeine-truth-about-energy-focus-side-effects-2026,https://nutrithrive.com.au/404.html,410,486,YES,2026-09-15T10:39:50+00:00,SUCCESS,,410,0,410:https://nutrithrive.com.au/blog/does-moringa-have-caffeine-truth-about-energy-focus-side-effects-2026,https://nutrithrive.com.au/blog/does-moringa-have-caffeine-truth-about-energy-focus-side-effects-2026,410,https://nutrithrive.com.au/404,"noindex, follow",,YES,NO,0,redirect rule only,,Read-only verification; no redirect changed.
https://nutrithrive.com.au/blog/fresh-moringa-leaves-vs-powder-nutrients-2026.html,https://nutrithrive.com.au/404.html,410,487,YES,2026-09-15T10:39:50+00:00,SUCCESS,,410,0,410:https://nutrithrive.com.au/blog/fresh-moringa-leaves-vs-powder-nutrients-2026.html,https://nutrithrive.com.au/blog/fresh-moringa-leaves-vs-powder-nutrients-2026.html,410,https://nutrithrive.com.au/404,"noindex, follow",,YES,NO,0,redirect rule only,,Read-only verification; no redirect changed.
https://nutrithrive.com.au/blog/fresh-moringa-leaves-vs-powder-nutrients-2026,https://nutrithrive.com.au/404.html,410,488,YES,2026-09-15T10:39:50+00:00,SUCCESS,,410,0,410:https://nutrithrive.com.au/blog/fresh-moringa-leaves-vs-powder-nutrients-2026,https://nutrithrive.com.au/blog/fresh-moringa-leaves-vs-powder-nutrients-2026,410,https://nutrithrive.com.au/404,"noindex, follow",,YES,NO,0,redirect rule only,,Read-only verification; no redirect changed.
https://nutrithrive.com.au/blog/green-superfood-smoothie-recipes-australia-2026.html,https://nutrithrive.com.au/404.html,410,489,YES,2026-09-15T10:39:50+00:00,SUCCESS,,410,0,410:https://nutrithrive.com.au/blog/green-superfood-smoothie-recipes-australia-2026.html,https://nutrithrive.com.au/blog/green-superfood-smoothie-recipes-australia-2026.html,410,https://nutrithrive.com.au/404,"noindex, follow",,YES,NO,0,redirect rule only,,Read-only verification; no redirect changed.
https://nutrithrive.com.au/blog/green-superfood-smoothie-recipes-australia-2026,https://nutrithrive.com.au/404.html,410,490,YES,2026-09-15T10:39:50+00:00,SUCCESS,,410,0,410:https://nutrithrive.com.au/blog/green-superfood-smoothie-recipes-australia-2026,https://nutrithrive.com.au/blog/green-superfood-smoothie-recipes-australia-2026,410,https://nutrithrive.com.au/404,"noindex, follow",,YES,NO,0,redirect rule only,,Read-only verification; no redirect changed.
https://nutrithrive.com.au/blog/how-to-add-moringa-to-diet.html,https://nutrithrive.com.au/blog/how-to-add-moringa-to-diet,301,491,YES,2026-09-15T10:39:50+00:00,SUCCESS,,301,1,301:https://nutrithrive.com.au/blog/how-to-add-moringa-to-diet.html -> 200:https://nutrithrive.com.au/blog/how-to-add-moringa-to-diet,https://nutrithrive.com.au/blog/how-to-add-moringa-to-diet,200,https://nutrithrive.com.au/blog/how-to-add-moringa-to-diet,"index, follow",,YES,NO,0,redirect rule only,,Read-only verification; no redirect changed.
https://nutrithrive.com.au/blog/how-to-add-moringa-to-diet,https://nutrithrive.com.au/blog/how-to-add-moringa-to-diet.html,200,492,YES,2026-09-15T10:39:50+00:00,SUCCESS,,200,0,200:https://nutrithrive.com.au/blog/how-to-add-moringa-to-diet,https://nutrithrive.com.au/blog/how-to-add-moringa-to-diet,200,https://nutrithrive.com.au/blog/how-to-add-moringa-to-diet,"index, follow",,YES,YES,109,tracked content file,,Read-only verification; no redirect changed.
https://nutrithrive.com.au/blog/how-to-choose-greens-powder-australia-2026.html,https://nutrithrive.com.au/404.html,410,493,YES,2026-09-15T10:39:50+00:00,SUCCESS,,410,0,410:https://nutrithrive.com.au/blog/how-to-choose-greens-powder-australia-2026.html,https://nutrithrive.com.au/blog/how-to-choose-greens-powder-australia-2026.html,410,https://nutrithrive.com.au/404,"noindex, follow",,YES,NO,0,redirect rule only,,Read-only verification; no redirect changed.
https://nutrithrive.com.au/blog/how-to-choose-greens-powder-australia-2026,https://nutrithrive.com.au/404.html,410,494,YES,2026-09-15T10:39:50+00:00,SUCCESS,,410,0,410:https://nutrithrive.com.au/blog/how-to-choose-greens-powder-australia-2026,https://nutrithrive.com.au/blog/how-to-choose-greens-powder-australia-2026,410,https://nutrithrive.com.au/404,"noindex, follow",,YES,NO,0,redirect rule only,,Read-only verification; no redirect changed.
https://nutrithrive.com.au/blog/how-to-choose-moringa-powder-australia-2026.html,https://nutrithrive.com.au/blog/how-to-choose-moringa-powder-australia-2026,301,495,YES,2026-09-15T10:39:50+00:00,SUCCESS,,301,1,301:https://nutrithrive.com.au/blog/how-to-choose-moringa-powder-australia-2026.html -> 200:https://nutrithrive.com.au/blog/how-to-choose-moringa-powder-australia-2026,https://nutrithrive.com.au/blog/how-to-choose-moringa-powder-australia-2026,200,https://nutrithrive.com.au/blog/how-to-choose-moringa-powder-australia-2026,"index, follow",,YES,NO,0,redirect rule only,,Read-only verification; no redirect changed.
https://nutrithrive.com.au/blog/how-to-choose-moringa-powder-australia-2026,https://nutrithrive.com.au/blog/how-to-choose-moringa-powder-australia-2026.html,200,496,YES,2026-09-15T10:39:50+00:00,SUCCESS,,200,0,200:https://nutrithrive.com.au/blog/how-to-choose-moringa-powder-australia-2026,https://nutrithrive.com.au/blog/how-to-choose-moringa-powder-australia-2026,200,https://nutrithrive.com.au/blog/how-to-choose-moringa-powder-australia-2026,"index, follow",,YES,YES,87,tracked content file,,Read-only verification; no redirect changed.
https://nutrithrive.com.au/blog/how-to-read-moringa-batch-codes-freshness.html,https://nutrithrive.com.au/blog/how-to-read-moringa-batch-codes-freshness,301,497,YES,2026-09-15T10:39:50+00:00,SUCCESS,,301,1,301:https://nutrithrive.com.au/blog/how-to-read-moringa-batch-codes-freshness.html -> 200:https://nutrithrive.com.au/blog/how-to-read-moringa-batch-codes-freshness,https://nutrithrive.com.au/blog/how-to-read-moringa-batch-codes-freshness,200,https://nutrithrive.com.au/blog/how-to-read-moringa-batch-codes-freshness,"index, follow",,YES,NO,0,redirect rule only,,Read-only verification; no redirect changed.
https://nutrithrive.com.au/blog/how-to-read-moringa-batch-codes-freshness,https://nutrithrive.com.au/blog/how-to-read-moringa-batch-codes-freshness.html,200,498,YES,2026-09-15T10:39:50+00:00,SUCCESS,,200,0,200:https://nutrithrive.com.au/blog/how-to-read-moringa-batch-codes-freshness,https://nutrithrive.com.au/blog/how-to-read-moringa-batch-codes-freshness,200,https://nutrithrive.com.au/blog/how-to-read-moringa-batch-codes-freshness,"index, follow",,YES,YES,12,tracked content file,,Read-only verification; no redirect changed.
https://nutrithrive.com.au/blog/how-to-use-moringa-powder-daily-without-the-bad-taste-2026.html,https://nutrithrive.com.au/blog/what-does-moringa-powder-taste-like-honest-guide-2026,301,499,YES,2026-09-15T10:39:50+00:00,SUCCESS,,301,1,301:https://nutrithrive.com.au/blog/how-to-use-moringa-powder-daily-without-the-bad-taste-2026.html -> 200:https://nutrithrive.com.au/blog/what-does-moringa-powder-taste-like-honest-guide-2026,https://nutrithrive.com.au/blog/what-does-moringa-powder-taste-like-honest-guide-2026,200,https://nutrithrive.com.au/blog/what-does-moringa-powder-taste-like-honest-guide-2026,"index, follow",,YES,NO,0,redirect rule only,,Read-only verification; no redirect changed.
https://nutrithrive.com.au/blog/how-to-use-moringa-powder-daily-without-the-bad-taste-2026,https://nutrithrive.com.au/blog/what-does-moringa-powder-taste-like-honest-guide-2026,301,500,YES,2026-09-15T10:39:50+00:00,SUCCESS,,301,1,301:https://nutrithrive.com.au/blog/how-to-use-moringa-powder-daily-without-the-bad-taste-2026 -> 200:https://nutrithrive.com.au/blog/what-does-moringa-powder-taste-like-honest-guide-2026,https://nutrithrive.com.au/blog/what-does-moringa-powder-taste-like-honest-guide-2026,200,https://nutrithrive.com.au/blog/what-does-moringa-powder-taste-like-honest-guide-2026,"index, follow",,YES,NO,0,redirect rule only,,Read-only verification; no redirect changed.
https://nutrithrive.com.au/blog/moringa-benefits-for-women-comprehensive-2026.html,https://nutrithrive.com.au/blog/moringa-benefits-for-women-comprehensive-2026,301,501,YES,2026-09-15T10:39:50+00:00,SUCCESS,,301,1,301:https://nutrithrive.com.au/blog/moringa-benefits-for-women-comprehensive-2026.html -> 200:https://nutrithrive.com.au/blog/moringa-benefits-for-women-comprehensive-2026,https://nutrithrive.com.au/blog/moringa-benefits-for-women-comprehensive-2026,200,https://nutrithrive.com.au/blog/moringa-benefits-for-women-comprehensive-2026,"index, follow",,YES,NO,0,redirect rule only,,Read-only verification; no redirect changed.
https://nutrithrive.com.au/blog/moringa-benefits-for-women-comprehensive-2026,https://nutrithrive.com.au/blog/moringa-benefits-for-women-comprehensive-2026.html,200,502,YES,2026-09-15T10:39:50+00:00,SUCCESS,,200,0,200:https://nutrithrive.com.au/blog/moringa-benefits-for-women-comprehensive-2026,https://nutrithrive.com.au/blog/moringa-benefits-for-women-comprehensive-2026,200,https://nutrithrive.com.au/blog/moringa-benefits-for-women-comprehensive-2026,"index, follow",,YES,YES,29,tracked content file,,Read-only verification; no redirect changed.
https://nutrithrive.com.au/blog/moringa-chemist-warehouse-vs-nutrithrive-quality-test-2025.html,https://nutrithrive.com.au/blog/moringa-chemist-warehouse-vs-nutrithrive-quality-test-2025,301,503,YES,2026-09-15T10:39:50+00:00,SUCCESS,,301,1,301:https://nutrithrive.com.au/blog/moringa-chemist-warehouse-vs-nutrithrive-quality-test-2025.html -> 200:https://nutrithrive.com.au/blog/moringa-chemist-warehouse-vs-nutrithrive-quality-test-2025,https://nutrithrive.com.au/blog/moringa-chemist-warehouse-vs-nutrithrive-quality-test-2025,200,https://nutrithrive.com.au/blog/moringa-chemist-warehouse-vs-nutrithrive-quality-test-2025,"index, follow",,YES,NO,0,redirect rule only,,Read-only verification; no redirect changed.
https://nutrithrive.com.au/blog/moringa-chemist-warehouse-vs-nutrithrive-quality-test-2025,https://nutrithrive.com.au/blog/moringa-chemist-warehouse-vs-nutrithrive-quality-test-2025.html,200,504,YES,2026-09-15T10:39:50+00:00,SUCCESS,,200,0,200:https://nutrithrive.com.au/blog/moringa-chemist-warehouse-vs-nutrithrive-quality-test-2025,https://nutrithrive.com.au/blog/moringa-chemist-warehouse-vs-nutrithrive-quality-test-2025,200,https://nutrithrive.com.au/blog/moringa-chemist-warehouse-vs-nutrithrive-quality-test-2025,"index, follow",,YES,YES,28,tracked content file,,Read-only verification; no redirect changed.
https://nutrithrive.com.au/blog/moringa-melbourne-complete-growers-report-2026.html,https://nutrithrive.com.au/404.html,410,505,YES,2026-09-15T10:39:50+00:00,SUCCESS,,410,0,410:https://nutrithrive.com.au/blog/moringa-melbourne-complete-growers-report-2026.html,https://nutrithrive.com.au/blog/moringa-melbourne-complete-growers-report-2026.html,410,https://nutrithrive.com.au/404,"noindex, follow",,YES,NO,0,redirect rule only,,Read-only verification; no redirect changed.
https://nutrithrive.com.au/blog/moringa-melbourne-complete-growers-report-2026,https://nutrithrive.com.au/404.html,410,506,YES,2026-09-15T10:39:50+00:00,SUCCESS,,410,0,410:https://nutrithrive.com.au/blog/moringa-melbourne-complete-growers-report-2026,https://nutrithrive.com.au/blog/moringa-melbourne-complete-growers-report-2026,410,https://nutrithrive.com.au/404,"noindex, follow",,YES,NO,0,redirect rule only,,Read-only verification; no redirect changed.
https://nutrithrive.com.au/blog/moringa-oil-benefits-skin-hair-health-2026.html,https://nutrithrive.com.au/blog/moringa-oil-benefits-skin-hair-health-2026,301,507,YES,2026-09-15T10:39:50+00:00,SUCCESS,,301,1,301:https://nutrithrive.com.au/blog/moringa-oil-benefits-skin-hair-health-2026.html -> 200:https://nutrithrive.com.au/blog/moringa-oil-benefits-skin-hair-health-2026,https://nutrithrive.com.au/blog/moringa-oil-benefits-skin-hair-health-2026,200,https://nutrithrive.com.au/blog/moringa-oil-benefits-skin-hair-health-2026,"index, follow",,YES,NO,0,redirect rule only,,Read-only verification; no redirect changed.
https://nutrithrive.com.au/blog/moringa-oil-benefits-skin-hair-health-2026,https://nutrithrive.com.au/blog/moringa-oil-benefits-skin-hair-health-2026.html,200,508,YES,2026-09-15T10:39:50+00:00,SUCCESS,,200,0,200:https://nutrithrive.com.au/blog/moringa-oil-benefits-skin-hair-health-2026,https://nutrithrive.com.au/blog/moringa-oil-benefits-skin-hair-health-2026,200,https://nutrithrive.com.au/blog/moringa-oil-benefits-skin-hair-health-2026,"index, follow",,YES,YES,4,tracked content file,,Read-only verification; no redirect changed.
https://nutrithrive.com.au/blog/moringa-powder-victoria-seniors-joint-health.html,https://nutrithrive.com.au/blog/moringa-powder-victoria-seniors-joint-health,301,509,YES,2026-09-15T10:39:50+00:00,SUCCESS,,301,1,301:https://nutrithrive.com.au/blog/moringa-powder-victoria-seniors-joint-health.html -> 200:https://nutrithrive.com.au/blog/moringa-powder-victoria-seniors-joint-health,https://nutrithrive.com.au/blog/moringa-powder-victoria-seniors-joint-health,200,https://nutrithrive.com.au/blog/moringa-powder-victoria-seniors-joint-health,"index, follow",,YES,NO,0,redirect rule only,,Read-only verification; no redirect changed.
https://nutrithrive.com.au/blog/moringa-powder-victoria-seniors-joint-health,https://nutrithrive.com.au/blog/moringa-powder-victoria-seniors-joint-health.html,200,510,YES,2026-09-15T10:39:50+00:00,SUCCESS,,200,0,200:https://nutrithrive.com.au/blog/moringa-powder-victoria-seniors-joint-health,https://nutrithrive.com.au/blog/moringa-powder-victoria-seniors-joint-health,200,https://nutrithrive.com.au/blog/moringa-powder-victoria-seniors-joint-health,"index, follow",,YES,YES,7,tracked content file,,Read-only verification; no redirect changed.
https://nutrithrive.com.au/blog/moringa-side-effects-what-happens-take-too-much-2026.html,https://nutrithrive.com.au/blog/moringa-side-effects-what-happens-take-too-much-2026,301,512,YES,2026-09-15T10:39:50+00:00,SUCCESS,,301,1,301:https://nutrithrive.com.au/blog/moringa-side-effects-what-happens-take-too-much-2026.html -> 200:https://nutrithrive.com.au/blog/moringa-side-effects-what-happens-take-too-much-2026,https://nutrithrive.com.au/blog/moringa-side-effects-what-happens-take-too-much-2026,200,https://nutrithrive.com.au/blog/moringa-side-effects-what-happens-take-too-much-2026,"index, follow",,YES,NO,0,redirect rule only,,Read-only verification; no redirect changed.
https://nutrithrive.com.au/blog/moringa-side-effects-what-happens-take-too-much-2026,https://nutrithrive.com.au/blog/moringa-side-effects-what-happens-take-too-much-2026.html,200,513,YES,2026-09-15T10:39:50+00:00,SUCCESS,,200,0,200:https://nutrithrive.com.au/blog/moringa-side-effects-what-happens-take-too-much-2026,https://nutrithrive.com.au/blog/moringa-side-effects-what-happens-take-too-much-2026,200,https://nutrithrive.com.au/blog/moringa-side-effects-what-happens-take-too-much-2026,"index, follow",,YES,YES,52,tracked content file,,Read-only verification; no redirect changed.
https://nutrithrive.com.au/blog/moringa-tea-benefits-how-to-brew-2026-guide.html,https://nutrithrive.com.au/404.html,410,514,YES,2026-09-15T10:39:50+00:00,SUCCESS,,410,0,410:https://nutrithrive.com.au/blog/moringa-tea-benefits-how-to-brew-2026-guide.html,https://nutrithrive.com.au/blog/moringa-tea-benefits-how-to-brew-2026-guide.html,410,https://nutrithrive.com.au/404,"noindex, follow",,YES,NO,0,redirect rule only,,Read-only verification; no redirect changed.
https://nutrithrive.com.au/blog/moringa-tea-benefits-how-to-brew-2026-guide,https://nutrithrive.com.au/404.html,410,515,YES,2026-09-15T10:39:50+00:00,SUCCESS,,410,0,410:https://nutrithrive.com.au/blog/moringa-tea-benefits-how-to-brew-2026-guide,https://nutrithrive.com.au/blog/moringa-tea-benefits-how-to-brew-2026-guide,410,https://nutrithrive.com.au/404,"noindex, follow",,YES,NO,0,redirect rule only,,Read-only verification; no redirect changed.
https://nutrithrive.com.au/blog/moringa-vs-coffee-melbourne-energy-hack.html,https://nutrithrive.com.au/blog/moringa-vs-coffee-melbourne-energy-hack,301,516,YES,2026-09-15T10:39:50+00:00,SUCCESS,,301,1,301:https://nutrithrive.com.au/blog/moringa-vs-coffee-melbourne-energy-hack.html -> 200:https://nutrithrive.com.au/blog/moringa-vs-coffee-melbourne-energy-hack,https://nutrithrive.com.au/blog/moringa-vs-coffee-melbourne-energy-hack,200,https://nutrithrive.com.au/blog/moringa-vs-coffee-melbourne-energy-hack,"index, follow",,YES,NO,0,redirect rule only,,Read-only verification; no redirect changed.
https://nutrithrive.com.au/blog/moringa-vs-coffee-melbourne-energy-hack,https://nutrithrive.com.au/blog/moringa-vs-coffee-melbourne-energy-hack.html,200,517,YES,2026-09-15T10:39:50+00:00,SUCCESS,,200,0,200:https://nutrithrive.com.au/blog/moringa-vs-coffee-melbourne-energy-hack,https://nutrithrive.com.au/blog/moringa-vs-coffee-melbourne-energy-hack,200,https://nutrithrive.com.au/blog/moringa-vs-coffee-melbourne-energy-hack,"index, follow",,YES,YES,24,tracked content file,,Read-only verification; no redirect changed.
https://nutrithrive.com.au/blog/moringa-vs-coffee-melbourne,https://nutrithrive.com.au/blog/moringa-vs-coffee-melbourne-energy-hack,301,518,YES,2026-09-15T10:39:50+00:00,SUCCESS,,301,1,301:https://nutrithrive.com.au/blog/moringa-vs-coffee-melbourne -> 200:https://nutrithrive.com.au/blog/moringa-vs-coffee-melbourne-energy-hack,https://nutrithrive.com.au/blog/moringa-vs-coffee-melbourne-energy-hack,200,https://nutrithrive.com.au/blog/moringa-vs-coffee-melbourne-energy-hack,"index, follow",,YES,NO,0,redirect rule only,,Read-only verification; no redirect changed.
https://nutrithrive.com.au/blog/moringa-vs-spirulina-vs-matcha-comparison-australia.html,https://nutrithrive.com.au/blog/moringa-vs-spirulina-vs-matcha-comparison-australia,301,520,YES,2026-09-15T10:39:50+00:00,SUCCESS,,301,1,301:https://nutrithrive.com.au/blog/moringa-vs-spirulina-vs-matcha-comparison-australia.html -> 200:https://nutrithrive.com.au/blog/moringa-vs-spirulina-vs-matcha-comparison-australia,https://nutrithrive.com.au/blog/moringa-vs-spirulina-vs-matcha-comparison-australia,200,https://nutrithrive.com.au/blog/moringa-vs-spirulina-vs-matcha-comparison-australia,"index, follow",,YES,NO,0,redirect rule only,,Read-only verification; no redirect changed.
https://nutrithrive.com.au/blog/moringa-vs-spirulina-vs-matcha-comparison-australia,https://nutrithrive.com.au/blog/moringa-vs-spirulina-vs-matcha-comparison-australia.html,200,521,YES,2026-09-15T10:39:50+00:00,SUCCESS,,200,0,200:https://nutrithrive.com.au/blog/moringa-vs-spirulina-vs-matcha-comparison-australia,https://nutrithrive.com.au/blog/moringa-vs-spirulina-vs-matcha-comparison-australia,200,https://nutrithrive.com.au/blog/moringa-vs-spirulina-vs-matcha-comparison-australia,"index, follow",,YES,YES,28,tracked content file,,Read-only verification; no redirect changed.
https://nutrithrive.com.au/blog/nutrithrive-dried-curry-leaves-tradition-health.html,https://nutrithrive.com.au/blog/nutrithrive-dried-curry-leaves-tradition-health,301,522,YES,2026-09-15T10:39:50+00:00,SUCCESS,,301,1,301:https://nutrithrive.com.au/blog/nutrithrive-dried-curry-leaves-tradition-health.html -> 200:https://nutrithrive.com.au/blog/nutrithrive-dried-curry-leaves-tradition-health,https://nutrithrive.com.au/blog/nutrithrive-dried-curry-leaves-tradition-health,200,https://nutrithrive.com.au/blog/nutrithrive-dried-curry-leaves-tradition-health,"index, follow",,YES,NO,0,redirect rule only,,Read-only verification; no redirect changed.
https://nutrithrive.com.au/blog/nutrithrive-dried-curry-leaves-tradition-health,https://nutrithrive.com.au/blog/nutrithrive-dried-curry-leaves-tradition-health.html,200,523,YES,2026-09-15T10:39:50+00:00,SUCCESS,,200,0,200:https://nutrithrive.com.au/blog/nutrithrive-dried-curry-leaves-tradition-health,https://nutrithrive.com.au/blog/nutrithrive-dried-curry-leaves-tradition-health,200,https://nutrithrive.com.au/blog/nutrithrive-dried-curry-leaves-tradition-health,"index, follow",,YES,YES,24,tracked content file,,Read-only verification; no redirect changed.
https://nutrithrive.com.au/blog/quit-sugar-90-days-honest-diary-melbourne-2026.html,https://nutrithrive.com.au/404.html,410,524,YES,2026-09-15T10:39:50+00:00,SUCCESS,,410,0,410:https://nutrithrive.com.au/blog/quit-sugar-90-days-honest-diary-melbourne-2026.html,https://nutrithrive.com.au/blog/quit-sugar-90-days-honest-diary-melbourne-2026.html,410,https://nutrithrive.com.au/404,"noindex, follow",,YES,NO,0,redirect rule only,,Read-only verification; no redirect changed.
https://nutrithrive.com.au/blog/quit-sugar-90-days-honest-diary-melbourne-2026,https://nutrithrive.com.au/404.html,410,525,YES,2026-09-15T10:39:50+00:00,SUCCESS,,410,0,410:https://nutrithrive.com.au/blog/quit-sugar-90-days-honest-diary-melbourne-2026,https://nutrithrive.com.au/blog/quit-sugar-90-days-honest-diary-melbourne-2026,410,https://nutrithrive.com.au/404,"noindex, follow",,YES,NO,0,redirect rule only,,Read-only verification; no redirect changed.
https://nutrithrive.com.au/blog/science-shade-drying-vs-sun-drying-moringa.html,https://nutrithrive.com.au/blog/science-shade-drying-vs-sun-drying-moringa,301,526,YES,2026-09-15T10:39:50+00:00,SUCCESS,,301,1,301:https://nutrithrive.com.au/blog/science-shade-drying-vs-sun-drying-moringa.html -> 200:https://nutrithrive.com.au/blog/science-shade-drying-vs-sun-drying-moringa,https://nutrithrive.com.au/blog/science-shade-drying-vs-sun-drying-moringa,200,https://nutrithrive.com.au/blog/science-shade-drying-vs-sun-drying-moringa,"index, follow",,YES,NO,0,redirect rule only,,Read-only verification; no redirect changed.
https://nutrithrive.com.au/blog/science-shade-drying-vs-sun-drying-moringa,https://nutrithrive.com.au/blog/science-shade-drying-vs-sun-drying-moringa.html,200,527,YES,2026-09-15T10:39:50+00:00,SUCCESS,,200,0,200:https://nutrithrive.com.au/blog/science-shade-drying-vs-sun-drying-moringa,https://nutrithrive.com.au/blog/science-shade-drying-vs-sun-drying-moringa,200,https://nutrithrive.com.au/blog/science-shade-drying-vs-sun-drying-moringa,"index, follow",,YES,YES,39,tracked content file,,Read-only verification; no redirect changed.
https://nutrithrive.com.au/blog/what-to-eat-when-too-tired-melbourne-2026.html,https://nutrithrive.com.au/404.html,410,528,YES,2026-09-15T10:39:50+00:00,SUCCESS,,410,0,410:https://nutrithrive.com.au/blog/what-to-eat-when-too-tired-melbourne-2026.html,https://nutrithrive.com.au/blog/what-to-eat-when-too-tired-melbourne-2026.html,410,https://nutrithrive.com.au/404,"noindex, follow",,YES,NO,0,redirect rule only,,Read-only verification; no redirect changed.
https://nutrithrive.com.au/blog/what-to-eat-when-too-tired-melbourne-2026,https://nutrithrive.com.au/404.html,410,529,YES,2026-09-15T10:39:50+00:00,SUCCESS,,410,0,410:https://nutrithrive.com.au/blog/what-to-eat-when-too-tired-melbourne-2026,https://nutrithrive.com.au/blog/what-to-eat-when-too-tired-melbourne-2026,410,https://nutrithrive.com.au/404,"noindex, follow",,YES,NO,0,redirect rule only,,Read-only verification; no redirect changed.
https://nutrithrive.com.au/blog/where-to-buy-moringa-in-australia-online-vs-stores-2026-guide.html,https://nutrithrive.com.au/blog/how-to-choose-moringa-powder-australia-2026,301,531,YES,2026-09-15T10:39:50+00:00,SUCCESS,,301,1,301:https://nutrithrive.com.au/blog/where-to-buy-moringa-in-australia-online-vs-stores-2026-guide.html -> 200:https://nutrithrive.com.au/blog/how-to-choose-moringa-powder-australia-2026,https://nutrithrive.com.au/blog/how-to-choose-moringa-powder-australia-2026,200,https://nutrithrive.com.au/blog/how-to-choose-moringa-powder-australia-2026,"index, follow",,YES,NO,0,redirect rule only,,Read-only verification; no redirect changed.
https://nutrithrive.com.au/blog/where-to-buy-moringa-in-australia-online-vs-stores-2026-guide,https://nutrithrive.com.au/blog/how-to-choose-moringa-powder-australia-2026,301,532,YES,2026-09-15T10:39:50+00:00,SUCCESS,,301,1,301:https://nutrithrive.com.au/blog/where-to-buy-moringa-in-australia-online-vs-stores-2026-guide -> 200:https://nutrithrive.com.au/blog/how-to-choose-moringa-powder-australia-2026,https://nutrithrive.com.au/blog/how-to-choose-moringa-powder-australia-2026,200,https://nutrithrive.com.au/blog/how-to-choose-moringa-powder-australia-2026,"index, follow",,YES,NO,0,redirect rule only,,Read-only verification; no redirect changed.
https://nutrithrive.com.au/blog/why-i-built-nutrithrive-moringa-real-story-finest-moringa-powder.html,https://nutrithrive.com.au/404.html,410,533,YES,2026-09-15T10:39:50+00:00,SUCCESS,,410,0,410:https://nutrithrive.com.au/blog/why-i-built-nutrithrive-moringa-real-story-finest-moringa-powder.html,https://nutrithrive.com.au/blog/why-i-built-nutrithrive-moringa-real-story-finest-moringa-powder.html,410,https://nutrithrive.com.au/404,"noindex, follow",,YES,NO,0,redirect rule only,,Read-only verification; no redirect changed.
https://nutrithrive.com.au/blog/why-i-built-nutrithrive-moringa-real-story-finest-moringa-powder,https://nutrithrive.com.au/404.html,410,534,YES,2026-09-15T10:39:50+00:00,SUCCESS,,410,0,410:https://nutrithrive.com.au/blog/why-i-built-nutrithrive-moringa-real-story-finest-moringa-powder,https://nutrithrive.com.au/blog/why-i-built-nutrithrive-moringa-real-story-finest-moringa-powder,410,https://nutrithrive.com.au/404,"noindex, follow",,YES,NO,0,redirect rule only,,Read-only verification; no redirect changed.
https://nutrithrive.com.au/blog/why-premium-moringa-costs-11-not-25-value-vs-markup-2026.html,https://nutrithrive.com.au/blog/why-premium-moringa-costs-11-not-25-value-vs-markup-2026,301,535,YES,2026-09-15T10:39:50+00:00,SUCCESS,,301,1,301:https://nutrithrive.com.au/blog/why-premium-moringa-costs-11-not-25-value-vs-markup-2026.html -> 200:https://nutrithrive.com.au/blog/why-premium-moringa-costs-11-not-25-value-vs-markup-2026,https://nutrithrive.com.au/blog/why-premium-moringa-costs-11-not-25-value-vs-markup-2026,200,https://nutrithrive.com.au/blog/why-premium-moringa-costs-11-not-25-value-vs-markup-2026,"index, follow",,YES,NO,0,redirect rule only,,Read-only verification; no redirect changed.
https://nutrithrive.com.au/blog/why-premium-moringa-costs-11-not-25-value-vs-markup-2026,https://nutrithrive.com.au/blog/why-premium-moringa-costs-11-not-25-value-vs-markup-2026.html,200,536,YES,2026-09-15T10:39:50+00:00,SUCCESS,,200,0,200:https://nutrithrive.com.au/blog/why-premium-moringa-costs-11-not-25-value-vs-markup-2026,https://nutrithrive.com.au/blog/why-premium-moringa-costs-11-not-25-value-vs-markup-2026,200,https://nutrithrive.com.au/blog/why-premium-moringa-costs-11-not-25-value-vs-markup-2026,"index, follow",,YES,YES,4,tracked content file,,Read-only verification; no redirect changed.
https://nutrithrive.com.au/blog/magnesium-glycinate-honest-guide-australia-2026.html,https://nutrithrive.com.au/404.html,410,537,YES,2026-09-15T10:39:50+00:00,SUCCESS,,410,0,410:https://nutrithrive.com.au/blog/magnesium-glycinate-honest-guide-australia-2026.html,https://nutrithrive.com.au/blog/magnesium-glycinate-honest-guide-australia-2026.html,410,https://nutrithrive.com.au/404,"noindex, follow",,YES,NO,0,redirect rule only,,Read-only verification; no redirect changed.
https://nutrithrive.com.au/blog/magnesium-glycinate-honest-guide-australia-2026,https://nutrithrive.com.au/404.html,410,538,YES,2026-09-15T10:39:50+00:00,SUCCESS,,410,0,410:https://nutrithrive.com.au/blog/magnesium-glycinate-honest-guide-australia-2026,https://nutrithrive.com.au/blog/magnesium-glycinate-honest-guide-australia-2026,410,https://nutrithrive.com.au/404,"noindex, follow",,YES,NO,0,redirect rule only,,Read-only verification; no redirect changed.
https://nutrithrive.com.au/blog/moringa-berberine-australia-2026.html,https://nutrithrive.com.au/404.html,410,539,YES,2026-09-15T10:39:50+00:00,SUCCESS,,410,0,410:https://nutrithrive.com.au/blog/moringa-berberine-australia-2026.html,https://nutrithrive.com.au/blog/moringa-berberine-australia-2026.html,410,https://nutrithrive.com.au/404,"noindex, follow",,YES,NO,0,redirect rule only,,Read-only verification; no redirect changed.
https://nutrithrive.com.au/blog/moringa-berberine-australia-2026,https://nutrithrive.com.au/404.html,410,540,YES,2026-09-15T10:39:50+00:00,SUCCESS,,410,0,410:https://nutrithrive.com.au/blog/moringa-berberine-australia-2026,https://nutrithrive.com.au/blog/moringa-berberine-australia-2026,410,https://nutrithrive.com.au/404,"noindex, follow",,YES,NO,0,redirect rule only,,Read-only verification; no redirect changed.
https://nutrithrive.com.au/blog/moringa-brands-comparison-australia-2026.html,https://nutrithrive.com.au/blog/moringa-brands-comparison-australia-2026,301,542,YES,2026-09-15T10:39:50+00:00,SUCCESS,,301,1,301:https://nutrithrive.com.au/blog/moringa-brands-comparison-australia-2026.html -> 200:https://nutrithrive.com.au/blog/moringa-brands-comparison-australia-2026,https://nutrithrive.com.au/blog/moringa-brands-comparison-australia-2026,200,https://nutrithrive.com.au/blog/moringa-brands-comparison-australia-2026,"index, follow",,YES,NO,0,redirect rule only,,Read-only verification; no redirect changed.
https://nutrithrive.com.au/blog/moringa-brands-comparison-australia-2026,https://nutrithrive.com.au/blog/moringa-brands-comparison-australia-2026.html,200,543,YES,2026-09-15T10:39:50+00:00,SUCCESS,,200,0,200:https://nutrithrive.com.au/blog/moringa-brands-comparison-australia-2026,https://nutrithrive.com.au/blog/moringa-brands-comparison-australia-2026,200,https://nutrithrive.com.au/blog/moringa-brands-comparison-australia-2026,"index, follow",,YES,YES,27,tracked content file,,Read-only verification; no redirect changed.
https://nutrithrive.com.au/blog/moringa-brands-reviewed-australia-2025-verdict.html,https://nutrithrive.com.au/blog/moringa-brands-comparison-australia-2026,301,544,YES,2026-09-15T10:39:50+00:00,SUCCESS,,301,1,301:https://nutrithrive.com.au/blog/moringa-brands-reviewed-australia-2025-verdict.html -> 200:https://nutrithrive.com.au/blog/moringa-brands-comparison-australia-2026,https://nutrithrive.com.au/blog/moringa-brands-comparison-australia-2026,200,https://nutrithrive.com.au/blog/moringa-brands-comparison-australia-2026,"index, follow",,YES,NO,0,redirect rule only,,Read-only verification; no redirect changed.
https://nutrithrive.com.au/blog/moringa-brands-reviewed-australia-2025-verdict,https://nutrithrive.com.au/blog/moringa-brands-comparison-australia-2026,301,545,YES,2026-09-15T10:39:50+00:00,SUCCESS,,301,1,301:https://nutrithrive.com.au/blog/moringa-brands-reviewed-australia-2025-verdict -> 200:https://nutrithrive.com.au/blog/moringa-brands-comparison-australia-2026,https://nutrithrive.com.au/blog/moringa-brands-comparison-australia-2026,200,https://nutrithrive.com.au/blog/moringa-brands-comparison-australia-2026,"index, follow",,YES,NO,0,redirect rule only,,Read-only verification; no redirect changed.
https://nutrithrive.com.au/blog/best-rated-moringa-capsules-powders-australia-2026-ultimate-guide.html,https://nutrithrive.com.au/blog/moringa-brands-comparison-australia-2026,301,546,YES,2026-09-15T10:39:50+00:00,SUCCESS,,301,1,301:https://nutrithrive.com.au/blog/best-rated-moringa-capsules-powders-australia-2026-ultimate-guide.html -> 200:https://nutrithrive.com.au/blog/moringa-brands-comparison-australia-2026,https://nutrithrive.com.au/blog/moringa-brands-comparison-australia-2026,200,https://nutrithrive.com.au/blog/moringa-brands-comparison-australia-2026,"index, follow",,YES,NO,0,redirect rule only,,Read-only verification; no redirect changed.
https://nutrithrive.com.au/blog/best-rated-moringa-capsules-powders-australia-2026-ultimate-guide,https://nutrithrive.com.au/blog/moringa-brands-comparison-australia-2026,301,547,YES,2026-09-15T10:39:50+00:00,SUCCESS,,301,1,301:https://nutrithrive.com.au/blog/best-rated-moringa-capsules-powders-australia-2026-ultimate-guide -> 200:https://nutrithrive.com.au/blog/moringa-brands-comparison-australia-2026,https://nutrithrive.com.au/blog/moringa-brands-comparison-australia-2026,200,https://nutrithrive.com.au/blog/moringa-brands-comparison-australia-2026,"index, follow",,YES,NO,0,redirect rule only,,Read-only verification; no redirect changed.
https://nutrithrive.com.au/blog/grow-moringa-tree-australia.html,https://nutrithrive.com.au/blog/grow-moringa-tree-australia,301,548,YES,2026-09-15T10:39:50+00:00,SUCCESS,,301,1,301:https://nutrithrive.com.au/blog/grow-moringa-tree-australia.html -> 200:https://nutrithrive.com.au/blog/grow-moringa-tree-australia,https://nutrithrive.com.au/blog/grow-moringa-tree-australia,200,https://nutrithrive.com.au/blog/grow-moringa-tree-australia,"index, follow",,YES,NO,0,redirect rule only,,Read-only verification; no redirect changed.
https://nutrithrive.com.au/blog/grow-moringa-tree-australia,https://nutrithrive.com.au/blog/grow-moringa-tree-australia.html,200,549,YES,2026-09-15T10:39:50+00:00,SUCCESS,,200,0,200:https://nutrithrive.com.au/blog/grow-moringa-tree-australia,https://nutrithrive.com.au/blog/grow-moringa-tree-australia,200,https://nutrithrive.com.au/blog/grow-moringa-tree-australia,"index, follow",,YES,YES,6,tracked content file,,Read-only verification; no redirect changed.
https://nutrithrive.com.au/blog/moringa-for-pcos-polycystic-ovary-syndrome-2026.html,https://nutrithrive.com.au/blog/moringa-for-pcos-polycystic-ovary-syndrome-2026,301,553,YES,2026-09-15T10:39:50+00:00,SUCCESS,,301,1,301:https://nutrithrive.com.au/blog/moringa-for-pcos-polycystic-ovary-syndrome-2026.html -> 200:https://nutrithrive.com.au/blog/moringa-for-pcos-polycystic-ovary-syndrome-2026,https://nutrithrive.com.au/blog/moringa-for-pcos-polycystic-ovary-syndrome-2026,200,https://nutrithrive.com.au/blog/moringa-for-pcos-polycystic-ovary-syndrome-2026,"index, follow",,YES,NO,0,redirect rule only,,Read-only verification; no redirect changed.
https://nutrithrive.com.au/blog/moringa-for-pcos-polycystic-ovary-syndrome-2026,https://nutrithrive.com.au/blog/moringa-for-pcos-polycystic-ovary-syndrome-2026.html,200,554,YES,2026-09-15T10:39:50+00:00,SUCCESS,,200,0,200:https://nutrithrive.com.au/blog/moringa-for-pcos-polycystic-ovary-syndrome-2026,https://nutrithrive.com.au/blog/moringa-for-pcos-polycystic-ovary-syndrome-2026,200,https://nutrithrive.com.au/blog/moringa-for-pcos-polycystic-ovary-syndrome-2026,"index, follow",,YES,YES,9,tracked content file,,Read-only verification; no redirect changed.
https://nutrithrive.com.au/blog/moringa-for-high-blood-pressure-hypertension-2026.html,https://nutrithrive.com.au/blog/moringa-for-high-blood-pressure-hypertension-2026,301,556,YES,2026-09-15T10:39:50+00:00,SUCCESS,,301,1,301:https://nutrithrive.com.au/blog/moringa-for-high-blood-pressure-hypertension-2026.html -> 200:https://nutrithrive.com.au/blog/moringa-for-high-blood-pressure-hypertension-2026,https://nutrithrive.com.au/blog/moringa-for-high-blood-pressure-hypertension-2026,200,https://nutrithrive.com.au/blog/moringa-for-high-blood-pressure-hypertension-2026,"index, follow",,YES,NO,0,redirect rule only,,Read-only verification; no redirect changed.
https://nutrithrive.com.au/blog/moringa-for-high-blood-pressure-hypertension-2026,https://nutrithrive.com.au/blog/moringa-for-high-blood-pressure-hypertension-2026.html,200,557,YES,2026-09-15T10:39:50+00:00,SUCCESS,,200,0,200:https://nutrithrive.com.au/blog/moringa-for-high-blood-pressure-hypertension-2026,https://nutrithrive.com.au/blog/moringa-for-high-blood-pressure-hypertension-2026,200,https://nutrithrive.com.au/blog/moringa-for-high-blood-pressure-hypertension-2026,"index, follow",,YES,YES,5,tracked content file,,Read-only verification; no redirect changed.
https://nutrithrive.com.au/blog/moringa-for-sleep-quality-insomnia-2026.html,https://nutrithrive.com.au/blog/moringa-for-sleep-quality-insomnia-2026,301,559,YES,2026-09-15T10:39:50+00:00,SUCCESS,,301,1,301:https://nutrithrive.com.au/blog/moringa-for-sleep-quality-insomnia-2026.html -> 200:https://nutrithrive.com.au/blog/moringa-for-sleep-quality-insomnia-2026,https://nutrithrive.com.au/blog/moringa-for-sleep-quality-insomnia-2026,200,https://nutrithrive.com.au/blog/moringa-for-sleep-quality-insomnia-2026,"index, follow",,YES,NO,0,redirect rule only,,Read-only verification; no redirect changed.
https://nutrithrive.com.au/blog/moringa-for-sleep-quality-insomnia-2026,https://nutrithrive.com.au/blog/moringa-for-sleep-quality-insomnia-2026.html,200,560,YES,2026-09-15T10:39:50+00:00,SUCCESS,,200,0,200:https://nutrithrive.com.au/blog/moringa-for-sleep-quality-insomnia-2026,https://nutrithrive.com.au/blog/moringa-for-sleep-quality-insomnia-2026,200,https://nutrithrive.com.au/blog/moringa-for-sleep-quality-insomnia-2026,"index, follow",,YES,YES,8,tracked content file,,Read-only verification; no redirect changed.
https://nutrithrive.com.au/blog/moringa-for-period-pain-pms-menstrual-health-2026.html,https://nutrithrive.com.au/blog/moringa-for-period-pain-pms-menstrual-health-2026,301,562,YES,2026-09-15T10:39:50+00:00,SUCCESS,,301,1,301:https://nutrithrive.com.au/blog/moringa-for-period-pain-pms-menstrual-health-2026.html -> 200:https://nutrithrive.com.au/blog/moringa-for-period-pain-pms-menstrual-health-2026,https://nutrithrive.com.au/blog/moringa-for-period-pain-pms-menstrual-health-2026,200,https://nutrithrive.com.au/blog/moringa-for-period-pain-pms-menstrual-health-2026,"index, follow",,YES,NO,0,redirect rule only,,Read-only verification; no redirect changed.
https://nutrithrive.com.au/blog/moringa-for-period-pain-pms-menstrual-health-2026,https://nutrithrive.com.au/blog/moringa-for-period-pain-pms-menstrual-health-2026.html,200,563,YES,2026-09-15T10:39:50+00:00,SUCCESS,,200,0,200:https://nutrithrive.com.au/blog/moringa-for-period-pain-pms-menstrual-health-2026,https://nutrithrive.com.au/blog/moringa-for-period-pain-pms-menstrual-health-2026,200,https://nutrithrive.com.au/blog/moringa-for-period-pain-pms-menstrual-health-2026,"index, follow",,YES,YES,5,tracked content file,,Read-only verification; no redirect changed.
https://nutrithrive.com.au/blog/what-does-moringa-powder-taste-like-honest-guide-2026.html,https://nutrithrive.com.au/blog/what-does-moringa-powder-taste-like-honest-guide-2026,301,566,YES,2026-09-15T10:39:50+00:00,SUCCESS,,301,1,301:https://nutrithrive.com.au/blog/what-does-moringa-powder-taste-like-honest-guide-2026.html -> 200:https://nutrithrive.com.au/blog/what-does-moringa-powder-taste-like-honest-guide-2026,https://nutrithrive.com.au/blog/what-does-moringa-powder-taste-like-honest-guide-2026,200,https://nutrithrive.com.au/blog/what-does-moringa-powder-taste-like-honest-guide-2026,"index, follow",,YES,NO,0,redirect rule only,,Read-only verification; no redirect changed.
https://nutrithrive.com.au/blog/what-does-moringa-powder-taste-like-honest-guide-2026,https://nutrithrive.com.au/blog/what-does-moringa-powder-taste-like-honest-guide-2026.html,200,567,YES,2026-09-15T10:39:50+00:00,SUCCESS,,200,0,200:https://nutrithrive.com.au/blog/what-does-moringa-powder-taste-like-honest-guide-2026,https://nutrithrive.com.au/blog/what-does-moringa-powder-taste-like-honest-guide-2026,200,https://nutrithrive.com.au/blog/what-does-moringa-powder-taste-like-honest-guide-2026,"index, follow",,YES,YES,60,tracked content file,,Read-only verification; no redirect changed.
https://nutrithrive.com.au/blog/moringa-for-cholesterol-heart-health-research-2026.html,https://nutrithrive.com.au/blog/moringa-for-cholesterol-heart-health-research-2026,301,569,YES,2026-09-15T10:39:50+00:00,SUCCESS,,301,1,301:https://nutrithrive.com.au/blog/moringa-for-cholesterol-heart-health-research-2026.html -> 200:https://nutrithrive.com.au/blog/moringa-for-cholesterol-heart-health-research-2026,https://nutrithrive.com.au/blog/moringa-for-cholesterol-heart-health-research-2026,200,https://nutrithrive.com.au/blog/moringa-for-cholesterol-heart-health-research-2026,"index, follow",,YES,NO,0,redirect rule only,,Read-only verification; no redirect changed.
https://nutrithrive.com.au/blog/moringa-for-cholesterol-heart-health-research-2026,https://nutrithrive.com.au/blog/moringa-for-cholesterol-heart-health-research-2026.html,200,570,YES,2026-09-15T10:39:50+00:00,SUCCESS,,200,0,200:https://nutrithrive.com.au/blog/moringa-for-cholesterol-heart-health-research-2026,https://nutrithrive.com.au/blog/moringa-for-cholesterol-heart-health-research-2026,200,https://nutrithrive.com.au/blog/moringa-for-cholesterol-heart-health-research-2026,"index, follow",,YES,YES,5,tracked content file,,Read-only verification; no redirect changed.
https://nutrithrive.com.au/blog/moringa-with-vitamin-c-iron-absorption-guide-2026.html,https://nutrithrive.com.au/blog/moringa-with-vitamin-c-iron-absorption-guide-2026,301,572,YES,2026-09-15T10:39:50+00:00,SUCCESS,,301,1,301:https://nutrithrive.com.au/blog/moringa-with-vitamin-c-iron-absorption-guide-2026.html -> 200:https://nutrithrive.com.au/blog/moringa-with-vitamin-c-iron-absorption-guide-2026,https://nutrithrive.com.au/blog/moringa-with-vitamin-c-iron-absorption-guide-2026,200,https://nutrithrive.com.au/blog/moringa-with-vitamin-c-iron-absorption-guide-2026,"index, follow",,YES,NO,0,redirect rule only,,Read-only verification; no redirect changed.
https://nutrithrive.com.au/blog/moringa-with-vitamin-c-iron-absorption-guide-2026,https://nutrithrive.com.au/blog/moringa-with-vitamin-c-iron-absorption-guide-2026.html,200,573,YES,2026-09-15T10:39:50+00:00,SUCCESS,,200,0,200:https://nutrithrive.com.au/blog/moringa-with-vitamin-c-iron-absorption-guide-2026,https://nutrithrive.com.au/blog/moringa-with-vitamin-c-iron-absorption-guide-2026,200,https://nutrithrive.com.au/blog/moringa-with-vitamin-c-iron-absorption-guide-2026,"index, follow",,YES,YES,14,tracked content file,,Read-only verification; no redirect changed.
https://nutrithrive.com.au/blog/moringa-energy-what-happens-week-by-week-2026.html,https://nutrithrive.com.au/blog/moringa-energy-what-happens-week-by-week-2026,301,575,YES,2026-09-15T10:39:50+00:00,SUCCESS,,301,1,301:https://nutrithrive.com.au/blog/moringa-energy-what-happens-week-by-week-2026.html -> 200:https://nutrithrive.com.au/blog/moringa-energy-what-happens-week-by-week-2026,https://nutrithrive.com.au/blog/moringa-energy-what-happens-week-by-week-2026,200,https://nutrithrive.com.au/blog/moringa-energy-what-happens-week-by-week-2026,"index, follow",,YES,NO,0,redirect rule only,,Read-only verification; no redirect changed.
https://nutrithrive.com.au/blog/moringa-energy-what-happens-week-by-week-2026,https://nutrithrive.com.au/blog/moringa-energy-what-happens-week-by-week-2026.html,200,576,YES,2026-09-15T10:39:50+00:00,SUCCESS,,200,0,200:https://nutrithrive.com.au/blog/moringa-energy-what-happens-week-by-week-2026,https://nutrithrive.com.au/blog/moringa-energy-what-happens-week-by-week-2026,200,https://nutrithrive.com.au/blog/moringa-energy-what-happens-week-by-week-2026,"index, follow",,YES,YES,10,tracked content file,,Read-only verification; no redirect changed.
https://nutrithrive.com.au/blog/moringa-before-after-workout-timing-guide-2026.html,https://nutrithrive.com.au/blog/moringa-before-after-workout-timing-guide-2026,301,578,YES,2026-09-15T10:39:50+00:00,SUCCESS,,301,1,301:https://nutrithrive.com.au/blog/moringa-before-after-workout-timing-guide-2026.html -> 200:https://nutrithrive.com.au/blog/moringa-before-after-workout-timing-guide-2026,https://nutrithrive.com.au/blog/moringa-before-after-workout-timing-guide-2026,200,https://nutrithrive.com.au/blog/moringa-before-after-workout-timing-guide-2026,"index, follow",,YES,NO,0,redirect rule only,,Read-only verification; no redirect changed.
https://nutrithrive.com.au/blog/moringa-before-after-workout-timing-guide-2026,https://nutrithrive.com.au/blog/moringa-before-after-workout-timing-guide-2026.html,200,579,YES,2026-09-15T10:39:50+00:00,SUCCESS,,200,0,200:https://nutrithrive.com.au/blog/moringa-before-after-workout-timing-guide-2026,https://nutrithrive.com.au/blog/moringa-before-after-workout-timing-guide-2026,200,https://nutrithrive.com.au/blog/moringa-before-after-workout-timing-guide-2026,"index, follow",,YES,YES,5,tracked content file,,Read-only verification; no redirect changed.
https://nutrithrive.com.au/blog/moringa-for-anxiety-stress-evidence-2026.html,https://nutrithrive.com.au/blog/moringa-for-anxiety-stress-evidence-2026,301,581,YES,2026-09-15T10:39:50+00:00,SUCCESS,,301,1,301:https://nutrithrive.com.au/blog/moringa-for-anxiety-stress-evidence-2026.html -> 200:https://nutrithrive.com.au/blog/moringa-for-anxiety-stress-evidence-2026,https://nutrithrive.com.au/blog/moringa-for-anxiety-stress-evidence-2026,200,https://nutrithrive.com.au/blog/moringa-for-anxiety-stress-evidence-2026,"index, follow",,YES,NO,0,redirect rule only,,Read-only verification; no redirect changed.
https://nutrithrive.com.au/blog/moringa-for-anxiety-stress-evidence-2026,https://nutrithrive.com.au/blog/moringa-for-anxiety-stress-evidence-2026.html,200,582,YES,2026-09-15T10:39:50+00:00,SUCCESS,,200,0,200:https://nutrithrive.com.au/blog/moringa-for-anxiety-stress-evidence-2026,https://nutrithrive.com.au/blog/moringa-for-anxiety-stress-evidence-2026,200,https://nutrithrive.com.au/blog/moringa-for-anxiety-stress-evidence-2026,"index, follow",,YES,YES,7,tracked content file,,Read-only verification; no redirect changed.
https://nutrithrive.com.au/blog/curry-leaves-vs-curry-powder-difference-explained-2026.html,https://nutrithrive.com.au/blog/curry-leaves-vs-curry-powder-difference-explained-2026,301,584,YES,2026-09-15T10:39:50+00:00,SUCCESS,,301,1,301:https://nutrithrive.com.au/blog/curry-leaves-vs-curry-powder-difference-explained-2026.html -> 200:https://nutrithrive.com.au/blog/curry-leaves-vs-curry-powder-difference-explained-2026,https://nutrithrive.com.au/blog/curry-leaves-vs-curry-powder-difference-explained-2026,200,https://nutrithrive.com.au/blog/curry-leaves-vs-curry-powder-difference-explained-2026,"index, follow",,YES,NO,0,redirect rule only,,Read-only verification; no redirect changed.
https://nutrithrive.com.au/blog/curry-leaves-vs-curry-powder-difference-explained-2026,https://nutrithrive.com.au/blog/curry-leaves-vs-curry-powder-difference-explained-2026.html,200,585,YES,2026-09-15T10:39:50+00:00,SUCCESS,,200,0,200:https://nutrithrive.com.au/blog/curry-leaves-vs-curry-powder-difference-explained-2026,https://nutrithrive.com.au/blog/curry-leaves-vs-curry-powder-difference-explained-2026,200,https://nutrithrive.com.au/blog/curry-leaves-vs-curry-powder-difference-explained-2026,"index, follow",,YES,YES,10,tracked content file,,Read-only verification; no redirect changed.
https://nutrithrive.com.au/blog/curry-leaves-substitute-what-to-use-2026.html,https://nutrithrive.com.au/blog/curry-leaves-substitute-what-to-use-2026,301,587,YES,2026-09-15T10:39:50+00:00,SUCCESS,,301,1,301:https://nutrithrive.com.au/blog/curry-leaves-substitute-what-to-use-2026.html -> 200:https://nutrithrive.com.au/blog/curry-leaves-substitute-what-to-use-2026,https://nutrithrive.com.au/blog/curry-leaves-substitute-what-to-use-2026,200,https://nutrithrive.com.au/blog/curry-leaves-substitute-what-to-use-2026,"index, follow",,YES,NO,0,redirect rule only,,Read-only verification; no redirect changed.
https://nutrithrive.com.au/blog/curry-leaves-substitute-what-to-use-2026,https://nutrithrive.com.au/blog/curry-leaves-substitute-what-to-use-2026.html,200,588,YES,2026-09-15T10:39:50+00:00,SUCCESS,,200,0,200:https://nutrithrive.com.au/blog/curry-leaves-substitute-what-to-use-2026,https://nutrithrive.com.au/blog/curry-leaves-substitute-what-to-use-2026,200,https://nutrithrive.com.au/blog/curry-leaves-substitute-what-to-use-2026,"index, follow",,YES,YES,14,tracked content file,,Read-only verification; no redirect changed.
https://nutrithrive.com.au/blog/fresh-vs-dried-curry-leaves-cooking-comparison-2026.html,https://nutrithrive.com.au/blog/fresh-vs-dried-curry-leaves-cooking-comparison-2026,301,590,YES,2026-09-15T10:39:50+00:00,SUCCESS,,301,1,301:https://nutrithrive.com.au/blog/fresh-vs-dried-curry-leaves-cooking-comparison-2026.html -> 200:https://nutrithrive.com.au/blog/fresh-vs-dried-curry-leaves-cooking-comparison-2026,https://nutrithrive.com.au/blog/fresh-vs-dried-curry-leaves-cooking-comparison-2026,200,https://nutrithrive.com.au/blog/fresh-vs-dried-curry-leaves-cooking-comparison-2026,"index, follow",,YES,NO,0,redirect rule only,,Read-only verification; no redirect changed.
https://nutrithrive.com.au/blog/fresh-vs-dried-curry-leaves-cooking-comparison-2026,https://nutrithrive.com.au/blog/fresh-vs-dried-curry-leaves-cooking-comparison-2026.html,200,591,YES,2026-09-15T10:39:50+00:00,SUCCESS,,200,0,200:https://nutrithrive.com.au/blog/fresh-vs-dried-curry-leaves-cooking-comparison-2026,https://nutrithrive.com.au/blog/fresh-vs-dried-curry-leaves-cooking-comparison-2026,200,https://nutrithrive.com.au/blog/fresh-vs-dried-curry-leaves-cooking-comparison-2026,"index, follow",,YES,YES,15,tracked content file,,Read-only verification; no redirect changed.
https://nutrithrive.com.au/blog/curry-leaves-heart-health-cholesterol-evidence-2026.html,https://nutrithrive.com.au/blog/curry-leaves-heart-health-cholesterol-evidence-2026,301,593,YES,2026-09-15T10:39:50+00:00,SUCCESS,,301,1,301:https://nutrithrive.com.au/blog/curry-leaves-heart-health-cholesterol-evidence-2026.html -> 200:https://nutrithrive.com.au/blog/curry-leaves-heart-health-cholesterol-evidence-2026,https://nutrithrive.com.au/blog/curry-leaves-heart-health-cholesterol-evidence-2026,200,https://nutrithrive.com.au/blog/curry-leaves-heart-health-cholesterol-evidence-2026,"index, follow",,YES,NO,0,redirect rule only,,Read-only verification; no redirect changed.
https://nutrithrive.com.au/blog/curry-leaves-heart-health-cholesterol-evidence-2026,https://nutrithrive.com.au/blog/curry-leaves-heart-health-cholesterol-evidence-2026.html,200,594,YES,2026-09-15T10:39:50+00:00,SUCCESS,,200,0,200:https://nutrithrive.com.au/blog/curry-leaves-heart-health-cholesterol-evidence-2026,https://nutrithrive.com.au/blog/curry-leaves-heart-health-cholesterol-evidence-2026,200,https://nutrithrive.com.au/blog/curry-leaves-heart-health-cholesterol-evidence-2026,"index, follow",,YES,YES,9,tracked content file,,Read-only verification; no redirect changed.
https://nutrithrive.com.au/blog/darjeeling-tea-vs-english-breakfast-comparison-2026.html,https://nutrithrive.com.au/blog/darjeeling-tea-vs-english-breakfast-comparison-2026,301,596,YES,2026-09-15T10:39:50+00:00,SUCCESS,,301,1,301:https://nutrithrive.com.au/blog/darjeeling-tea-vs-english-breakfast-comparison-2026.html -> 200:https://nutrithrive.com.au/blog/darjeeling-tea-vs-english-breakfast-comparison-2026,https://nutrithrive.com.au/blog/darjeeling-tea-vs-english-breakfast-comparison-2026,200,https://nutrithrive.com.au/blog/darjeeling-tea-vs-english-breakfast-comparison-2026,"index, follow",,YES,NO,0,redirect rule only,,Read-only verification; no redirect changed.
https://nutrithrive.com.au/blog/darjeeling-tea-vs-english-breakfast-comparison-2026,https://nutrithrive.com.au/blog/darjeeling-tea-vs-english-breakfast-comparison-2026.html,200,597,YES,2026-09-15T10:39:50+00:00,SUCCESS,,200,0,200:https://nutrithrive.com.au/blog/darjeeling-tea-vs-english-breakfast-comparison-2026,https://nutrithrive.com.au/blog/darjeeling-tea-vs-english-breakfast-comparison-2026,200,https://nutrithrive.com.au/blog/darjeeling-tea-vs-english-breakfast-comparison-2026,"index, follow",,YES,YES,9,tracked content file,,Read-only verification; no redirect changed.
https://nutrithrive.com.au/blog/darjeeling-tea-coffee-replacement-honest-assessment-2026.html,https://nutrithrive.com.au/blog/darjeeling-tea-coffee-replacement-honest-assessment-2026,301,599,YES,2026-09-15T10:39:50+00:00,SUCCESS,,301,1,301:https://nutrithrive.com.au/blog/darjeeling-tea-coffee-replacement-honest-assessment-2026.html -> 200:https://nutrithrive.com.au/blog/darjeeling-tea-coffee-replacement-honest-assessment-2026,https://nutrithrive.com.au/blog/darjeeling-tea-coffee-replacement-honest-assessment-2026,200,https://nutrithrive.com.au/blog/darjeeling-tea-coffee-replacement-honest-assessment-2026,"index, follow",,YES,NO,0,redirect rule only,,Read-only verification; no redirect changed.
https://nutrithrive.com.au/blog/darjeeling-tea-coffee-replacement-honest-assessment-2026,https://nutrithrive.com.au/blog/darjeeling-tea-coffee-replacement-honest-assessment-2026.html,200,600,YES,2026-09-15T10:39:50+00:00,SUCCESS,,200,0,200:https://nutrithrive.com.au/blog/darjeeling-tea-coffee-replacement-honest-assessment-2026,https://nutrithrive.com.au/blog/darjeeling-tea-coffee-replacement-honest-assessment-2026,200,https://nutrithrive.com.au/blog/darjeeling-tea-coffee-replacement-honest-assessment-2026,"index, follow",,YES,YES,4,tracked content file,,Read-only verification; no redirect changed.
https://nutrithrive.com.au/blog/can-you-drink-darjeeling-tea-every-day-2026.html,https://nutrithrive.com.au/blog/can-you-drink-darjeeling-tea-every-day-2026,301,602,YES,2026-09-15T10:39:50+00:00,SUCCESS,,301,1,301:https://nutrithrive.com.au/blog/can-you-drink-darjeeling-tea-every-day-2026.html -> 200:https://nutrithrive.com.au/blog/can-you-drink-darjeeling-tea-every-day-2026,https://nutrithrive.com.au/blog/can-you-drink-darjeeling-tea-every-day-2026,200,https://nutrithrive.com.au/blog/can-you-drink-darjeeling-tea-every-day-2026,"index, follow",,YES,NO,0,redirect rule only,,Read-only verification; no redirect changed.
https://nutrithrive.com.au/blog/can-you-drink-darjeeling-tea-every-day-2026,https://nutrithrive.com.au/blog/can-you-drink-darjeeling-tea-every-day-2026.html,200,603,YES,2026-09-15T10:39:50+00:00,SUCCESS,,200,0,200:https://nutrithrive.com.au/blog/can-you-drink-darjeeling-tea-every-day-2026,https://nutrithrive.com.au/blog/can-you-drink-darjeeling-tea-every-day-2026,200,https://nutrithrive.com.au/blog/can-you-drink-darjeeling-tea-every-day-2026,"index, follow",,YES,YES,8,tracked content file,,Read-only verification; no redirect changed.
https://nutrithrive.com.au/blog/moringa-soap-vs-regular-soap-comparison-2026.html,https://nutrithrive.com.au/blog/moringa-soap-vs-regular-soap-comparison-2026,301,605,YES,2026-09-15T10:39:50+00:00,SUCCESS,,301,1,301:https://nutrithrive.com.au/blog/moringa-soap-vs-regular-soap-comparison-2026.html -> 200:https://nutrithrive.com.au/blog/moringa-soap-vs-regular-soap-comparison-2026,https://nutrithrive.com.au/blog/moringa-soap-vs-regular-soap-comparison-2026,200,https://nutrithrive.com.au/blog/moringa-soap-vs-regular-soap-comparison-2026,"index, follow",,YES,NO,0,redirect rule only,,Read-only verification; no redirect changed.
https://nutrithrive.com.au/blog/moringa-soap-vs-regular-soap-comparison-2026,https://nutrithrive.com.au/blog/moringa-soap-vs-regular-soap-comparison-2026.html,200,606,YES,2026-09-15T10:39:50+00:00,SUCCESS,,200,0,200:https://nutrithrive.com.au/blog/moringa-soap-vs-regular-soap-comparison-2026,https://nutrithrive.com.au/blog/moringa-soap-vs-regular-soap-comparison-2026,200,https://nutrithrive.com.au/blog/moringa-soap-vs-regular-soap-comparison-2026,"index, follow",,YES,YES,12,tracked content file,,Read-only verification; no redirect changed.
https://nutrithrive.com.au/blog/is-moringa-worth-it-cost-value-australia-2026.html,https://nutrithrive.com.au/blog/is-moringa-worth-it-cost-value-australia-2026,301,608,YES,2026-09-15T10:39:50+00:00,SUCCESS,,301,1,301:https://nutrithrive.com.au/blog/is-moringa-worth-it-cost-value-australia-2026.html -> 200:https://nutrithrive.com.au/blog/is-moringa-worth-it-cost-value-australia-2026,https://nutrithrive.com.au/blog/is-moringa-worth-it-cost-value-australia-2026,200,https://nutrithrive.com.au/blog/is-moringa-worth-it-cost-value-australia-2026,"index, follow",,YES,NO,0,redirect rule only,,Read-only verification; no redirect changed.
https://nutrithrive.com.au/blog/is-moringa-worth-it-cost-value-australia-2026,https://nutrithrive.com.au/blog/is-moringa-worth-it-cost-value-australia-2026.html,200,609,YES,2026-09-15T10:39:50+00:00,SUCCESS,,200,0,200:https://nutrithrive.com.au/blog/is-moringa-worth-it-cost-value-australia-2026,https://nutrithrive.com.au/blog/is-moringa-worth-it-cost-value-australia-2026,200,https://nutrithrive.com.au/blog/is-moringa-worth-it-cost-value-australia-2026,"index, follow",,YES,YES,9,tracked content file,,Read-only verification; no redirect changed.
https://nutrithrive.com.au/blog/ultra-processed-food-australia-what-it-means-how-much-you-eat-2026.html,https://nutrithrive.com.au/blog/ultra-processed-food-australia-what-it-means-how-much-you-eat-2026,301,613,YES,2026-09-15T10:39:50+00:00,SUCCESS,,301,1,301:https://nutrithrive.com.au/blog/ultra-processed-food-australia-what-it-means-how-much-you-eat-2026.html -> 200:https://nutrithrive.com.au/blog/ultra-processed-food-australia-what-it-means-how-much-you-eat-2026,https://nutrithrive.com.au/blog/ultra-processed-food-australia-what-it-means-how-much-you-eat-2026,200,https://nutrithrive.com.au/blog/ultra-processed-food-australia-what-it-means-how-much-you-eat-2026,"index, follow",,YES,NO,0,redirect rule only,,Read-only verification; no redirect changed.
https://nutrithrive.com.au/blog/ultra-processed-food-australia-what-it-means-how-much-you-eat-2026,https://nutrithrive.com.au/blog/ultra-processed-food-australia-what-it-means-how-much-you-eat-2026.html,200,614,YES,2026-09-15T10:39:50+00:00,SUCCESS,,200,0,200:https://nutrithrive.com.au/blog/ultra-processed-food-australia-what-it-means-how-much-you-eat-2026,https://nutrithrive.com.au/blog/ultra-processed-food-australia-what-it-means-how-much-you-eat-2026,200,https://nutrithrive.com.au/blog/ultra-processed-food-australia-what-it-means-how-much-you-eat-2026,"index, follow",,YES,YES,16,tracked content file,,Read-only verification; no redirect changed.
https://nutrithrive.com.au/blog/signs-magnesium-deficiency-australia-what-to-eat-2026.html,https://nutrithrive.com.au/blog/signs-magnesium-deficiency-australia-what-to-eat-2026,301,616,YES,2026-09-15T10:39:50+00:00,SUCCESS,,301,1,301:https://nutrithrive.com.au/blog/signs-magnesium-deficiency-australia-what-to-eat-2026.html -> 200:https://nutrithrive.com.au/blog/signs-magnesium-deficiency-australia-what-to-eat-2026,https://nutrithrive.com.au/blog/signs-magnesium-deficiency-australia-what-to-eat-2026,200,https://nutrithrive.com.au/blog/signs-magnesium-deficiency-australia-what-to-eat-2026,"index, follow",,YES,NO,0,redirect rule only,,Read-only verification; no redirect changed.
https://nutrithrive.com.au/blog/signs-magnesium-deficiency-australia-what-to-eat-2026,https://nutrithrive.com.au/blog/signs-magnesium-deficiency-australia-what-to-eat-2026.html,200,617,YES,2026-09-15T10:39:50+00:00,SUCCESS,,200,0,200:https://nutrithrive.com.au/blog/signs-magnesium-deficiency-australia-what-to-eat-2026,https://nutrithrive.com.au/blog/signs-magnesium-deficiency-australia-what-to-eat-2026,200,https://nutrithrive.com.au/blog/signs-magnesium-deficiency-australia-what-to-eat-2026,"index, follow",,YES,YES,17,tracked content file,,Read-only verification; no redirect changed.
https://nutrithrive.com.au/blog/vitamin-d-deficiency-australia-sunny-country-paradox-2026.html,https://nutrithrive.com.au/blog/vitamin-d-deficiency-australia-abs-sunny-country-2026,301,619,YES,2026-09-15T10:39:50+00:00,SUCCESS,,301,1,301:https://nutrithrive.com.au/blog/vitamin-d-deficiency-australia-sunny-country-paradox-2026.html -> 200:https://nutrithrive.com.au/blog/vitamin-d-deficiency-australia-abs-sunny-country-2026,https://nutrithrive.com.au/blog/vitamin-d-deficiency-australia-abs-sunny-country-2026,200,https://nutrithrive.com.au/blog/vitamin-d-deficiency-australia-abs-sunny-country-2026,"index, follow",,YES,NO,0,redirect rule only,,Read-only verification; no redirect changed.
https://nutrithrive.com.au/blog/vitamin-d-deficiency-australia-sunny-country-paradox-2026,https://nutrithrive.com.au/blog/vitamin-d-deficiency-australia-abs-sunny-country-2026,301,620,YES,2026-09-15T10:39:50+00:00,SUCCESS,,301,1,301:https://nutrithrive.com.au/blog/vitamin-d-deficiency-australia-sunny-country-paradox-2026 -> 200:https://nutrithrive.com.au/blog/vitamin-d-deficiency-australia-abs-sunny-country-2026,https://nutrithrive.com.au/blog/vitamin-d-deficiency-australia-abs-sunny-country-2026,200,https://nutrithrive.com.au/blog/vitamin-d-deficiency-australia-abs-sunny-country-2026,"index, follow",,YES,NO,0,tracked content file,,Read-only verification; no redirect changed.
https://nutrithrive.com.au/blog/morning-routine-health-tips-australia-2026.html,https://nutrithrive.com.au/blog/morning-routine-health-tips-australia-2026,301,622,YES,2026-09-15T10:39:50+00:00,SUCCESS,,301,1,301:https://nutrithrive.com.au/blog/morning-routine-health-tips-australia-2026.html -> 200:https://nutrithrive.com.au/blog/morning-routine-health-tips-australia-2026,https://nutrithrive.com.au/blog/morning-routine-health-tips-australia-2026,200,https://nutrithrive.com.au/blog/morning-routine-health-tips-australia-2026,"index, follow",,YES,NO,0,redirect rule only,,Read-only verification; no redirect changed.
https://nutrithrive.com.au/blog/morning-routine-health-tips-australia-2026,https://nutrithrive.com.au/blog/morning-routine-health-tips-australia-2026.html,200,623,YES,2026-09-15T10:39:50+00:00,SUCCESS,,200,0,200:https://nutrithrive.com.au/blog/morning-routine-health-tips-australia-2026,https://nutrithrive.com.au/blog/morning-routine-health-tips-australia-2026,200,https://nutrithrive.com.au/blog/morning-routine-health-tips-australia-2026,"index, follow",,YES,YES,8,tracked content file,,Read-only verification; no redirect changed.
https://nutrithrive.com.au/blog/best-anti-inflammatory-foods-australia-daily-guide-2026.html,https://nutrithrive.com.au/blog/best-anti-inflammatory-foods-australia-daily-guide-2026,301,625,YES,2026-09-15T10:39:50+00:00,SUCCESS,,301,1,301:https://nutrithrive.com.au/blog/best-anti-inflammatory-foods-australia-daily-guide-2026.html -> 200:https://nutrithrive.com.au/blog/best-anti-inflammatory-foods-australia-daily-guide-2026,https://nutrithrive.com.au/blog/best-anti-inflammatory-foods-australia-daily-guide-2026,200,https://nutrithrive.com.au/blog/best-anti-inflammatory-foods-australia-daily-guide-2026,"index, follow",,YES,NO,0,redirect rule only,,Read-only verification; no redirect changed.
https://nutrithrive.com.au/blog/best-anti-inflammatory-foods-australia-daily-guide-2026,https://nutrithrive.com.au/blog/best-anti-inflammatory-foods-australia-daily-guide-2026.html,200,626,YES,2026-09-15T10:39:50+00:00,SUCCESS,,200,0,200:https://nutrithrive.com.au/blog/best-anti-inflammatory-foods-australia-daily-guide-2026,https://nutrithrive.com.au/blog/best-anti-inflammatory-foods-australia-daily-guide-2026,200,https://nutrithrive.com.au/blog/best-anti-inflammatory-foods-australia-daily-guide-2026,"index, follow",,YES,YES,50,tracked content file,,Read-only verification; no redirect changed.
https://nutrithrive.com.au/blog/blood-sugar-spikes-how-to-avoid-through-food-2026.html,https://nutrithrive.com.au/blog/blood-sugar-spikes-how-to-avoid-through-food-2026,301,628,YES,2026-09-15T10:39:50+00:00,SUCCESS,,301,1,301:https://nutrithrive.com.au/blog/blood-sugar-spikes-how-to-avoid-through-food-2026.html -> 200:https://nutrithrive.com.au/blog/blood-sugar-spikes-how-to-avoid-through-food-2026,https://nutrithrive.com.au/blog/blood-sugar-spikes-how-to-avoid-through-food-2026,200,https://nutrithrive.com.au/blog/blood-sugar-spikes-how-to-avoid-through-food-2026,"index, follow",,YES,NO,0,redirect rule only,,Read-only verification; no redirect changed.
https://nutrithrive.com.au/blog/blood-sugar-spikes-how-to-avoid-through-food-2026,https://nutrithrive.com.au/blog/blood-sugar-spikes-how-to-avoid-through-food-2026.html,200,629,YES,2026-09-15T10:39:50+00:00,SUCCESS,,200,0,200:https://nutrithrive.com.au/blog/blood-sugar-spikes-how-to-avoid-through-food-2026,https://nutrithrive.com.au/blog/blood-sugar-spikes-how-to-avoid-through-food-2026,200,https://nutrithrive.com.au/blog/blood-sugar-spikes-how-to-avoid-through-food-2026,"index, follow",,YES,YES,12,tracked content file,,Read-only verification; no redirect changed.
https://nutrithrive.com.au/blog/why-always-tired-nutritional-deficiencies-australia-2026.html,https://nutrithrive.com.au/blog/why-always-tired-nutritional-deficiencies-australia-2026,301,631,YES,2026-09-15T10:39:50+00:00,SUCCESS,,301,1,301:https://nutrithrive.com.au/blog/why-always-tired-nutritional-deficiencies-australia-2026.html -> 200:https://nutrithrive.com.au/blog/why-always-tired-nutritional-deficiencies-australia-2026,https://nutrithrive.com.au/blog/why-always-tired-nutritional-deficiencies-australia-2026,200,https://nutrithrive.com.au/blog/why-always-tired-nutritional-deficiencies-australia-2026,"index, follow",,YES,NO,0,redirect rule only,,Read-only verification; no redirect changed.
https://nutrithrive.com.au/blog/why-always-tired-nutritional-deficiencies-australia-2026,https://nutrithrive.com.au/blog/why-always-tired-nutritional-deficiencies-australia-2026.html,200,632,YES,2026-09-15T10:39:50+00:00,SUCCESS,,200,0,200:https://nutrithrive.com.au/blog/why-always-tired-nutritional-deficiencies-australia-2026,https://nutrithrive.com.au/blog/why-always-tired-nutritional-deficiencies-australia-2026,200,https://nutrithrive.com.au/blog/why-always-tired-nutritional-deficiencies-australia-2026,"index, follow",,YES,YES,16,tracked content file,,Read-only verification; no redirect changed.
https://nutrithrive.com.au/blog/how-to-eat-more-vegetables-practical-guide-australia-2026.html,https://nutrithrive.com.au/blog/how-to-eat-more-vegetables-practical-guide-australia-2026,301,634,YES,2026-09-15T10:39:50+00:00,SUCCESS,,301,1,301:https://nutrithrive.com.au/blog/how-to-eat-more-vegetables-practical-guide-australia-2026.html -> 200:https://nutrithrive.com.au/blog/how-to-eat-more-vegetables-practical-guide-australia-2026,https://nutrithrive.com.au/blog/how-to-eat-more-vegetables-practical-guide-australia-2026,200,https://nutrithrive.com.au/blog/how-to-eat-more-vegetables-practical-guide-australia-2026,"index, follow",,YES,NO,0,redirect rule only,,Read-only verification; no redirect changed.
https://nutrithrive.com.au/blog/how-to-eat-more-vegetables-practical-guide-australia-2026,https://nutrithrive.com.au/blog/how-to-eat-more-vegetables-practical-guide-australia-2026.html,200,635,YES,2026-09-15T10:39:50+00:00,SUCCESS,,200,0,200:https://nutrithrive.com.au/blog/how-to-eat-more-vegetables-practical-guide-australia-2026,https://nutrithrive.com.au/blog/how-to-eat-more-vegetables-practical-guide-australia-2026,200,https://nutrithrive.com.au/blog/how-to-eat-more-vegetables-practical-guide-australia-2026,"index, follow",,YES,YES,17,tracked content file,,Read-only verification; no redirect changed.
https://nutrithrive.com.au/blog/best-plant-based-iron-foods-australia-absorption-guide-2026.html,https://nutrithrive.com.au/blog/best-plant-based-iron-foods-australia-absorption-guide-2026,301,637,YES,2026-09-15T10:39:50+00:00,SUCCESS,,301,1,301:https://nutrithrive.com.au/blog/best-plant-based-iron-foods-australia-absorption-guide-2026.html -> 200:https://nutrithrive.com.au/blog/best-plant-based-iron-foods-australia-absorption-guide-2026,https://nutrithrive.com.au/blog/best-plant-based-iron-foods-australia-absorption-guide-2026,200,https://nutrithrive.com.au/blog/best-plant-based-iron-foods-australia-absorption-guide-2026,"index, follow",,YES,NO,0,redirect rule only,,Read-only verification; no redirect changed.
https://nutrithrive.com.au/blog/best-plant-based-iron-foods-australia-absorption-guide-2026,https://nutrithrive.com.au/blog/best-plant-based-iron-foods-australia-absorption-guide-2026.html,200,638,YES,2026-09-15T10:39:50+00:00,SUCCESS,,200,0,200:https://nutrithrive.com.au/blog/best-plant-based-iron-foods-australia-absorption-guide-2026,https://nutrithrive.com.au/blog/best-plant-based-iron-foods-australia-absorption-guide-2026,200,https://nutrithrive.com.au/blog/best-plant-based-iron-foods-australia-absorption-guide-2026,"index, follow",,YES,YES,11,tracked content file,,Read-only verification; no redirect changed.
https://nutrithrive.com.au/blog/how-much-water-per-day-australians-honest-guide-2026.html,https://nutrithrive.com.au/blog/how-much-water-per-day-australians-honest-guide-2026,301,640,YES,2026-09-15T10:39:50+00:00,SUCCESS,,301,1,301:https://nutrithrive.com.au/blog/how-much-water-per-day-australians-honest-guide-2026.html -> 200:https://nutrithrive.com.au/blog/how-much-water-per-day-australians-honest-guide-2026,https://nutrithrive.com.au/blog/how-much-water-per-day-australians-honest-guide-2026,200,https://nutrithrive.com.au/blog/how-much-water-per-day-australians-honest-guide-2026,"index, follow",,YES,NO,0,redirect rule only,,Read-only verification; no redirect changed.
https://nutrithrive.com.au/blog/how-much-water-per-day-australians-honest-guide-2026,https://nutrithrive.com.au/blog/how-much-water-per-day-australians-honest-guide-2026.html,200,641,YES,2026-09-15T10:39:50+00:00,SUCCESS,,200,0,200:https://nutrithrive.com.au/blog/how-much-water-per-day-australians-honest-guide-2026,https://nutrithrive.com.au/blog/how-much-water-per-day-australians-honest-guide-2026,200,https://nutrithrive.com.au/blog/how-much-water-per-day-australians-honest-guide-2026,"index, follow",,YES,YES,7,tracked content file,,Read-only verification; no redirect changed.
https://nutrithrive.com.au/blog/fibre-deficiency-australia-bowel-cancer-risk-2026.html,https://nutrithrive.com.au/blog/fibre-deficiency-australia-bowel-cancer-risk-2026,301,644,YES,2026-09-15T10:39:50+00:00,SUCCESS,,301,1,301:https://nutrithrive.com.au/blog/fibre-deficiency-australia-bowel-cancer-risk-2026.html -> 200:https://nutrithrive.com.au/blog/fibre-deficiency-australia-bowel-cancer-risk-2026,https://nutrithrive.com.au/blog/fibre-deficiency-australia-bowel-cancer-risk-2026,200,https://nutrithrive.com.au/blog/fibre-deficiency-australia-bowel-cancer-risk-2026,"index, follow",,YES,NO,0,redirect rule only,,Read-only verification; no redirect changed.
https://nutrithrive.com.au/blog/fibre-deficiency-australia-bowel-cancer-risk-2026,https://nutrithrive.com.au/blog/fibre-deficiency-australia-bowel-cancer-risk-2026.html,200,645,YES,2026-09-15T10:39:50+00:00,SUCCESS,,200,0,200:https://nutrithrive.com.au/blog/fibre-deficiency-australia-bowel-cancer-risk-2026,https://nutrithrive.com.au/blog/fibre-deficiency-australia-bowel-cancer-risk-2026,200,https://nutrithrive.com.au/blog/fibre-deficiency-australia-bowel-cancer-risk-2026,"index, follow",,YES,YES,10,tracked content file,,Read-only verification; no redirect changed.
https://nutrithrive.com.au/blog/how-much-protein-australian-women-need-honest-guide-2026.html,https://nutrithrive.com.au/blog/how-much-protein-australian-women-need-honest-guide-2026,301,647,YES,2026-09-15T10:39:50+00:00,SUCCESS,,301,1,301:https://nutrithrive.com.au/blog/how-much-protein-australian-women-need-honest-guide-2026.html -> 200:https://nutrithrive.com.au/blog/how-much-protein-australian-women-need-honest-guide-2026,https://nutrithrive.com.au/blog/how-much-protein-australian-women-need-honest-guide-2026,200,https://nutrithrive.com.au/blog/how-much-protein-australian-women-need-honest-guide-2026,"index, follow",,YES,NO,0,redirect rule only,,Read-only verification; no redirect changed.
https://nutrithrive.com.au/blog/how-much-protein-australian-women-need-honest-guide-2026,https://nutrithrive.com.au/blog/how-much-protein-australian-women-need-honest-guide-2026.html,200,648,YES,2026-09-15T10:39:50+00:00,SUCCESS,,200,0,200:https://nutrithrive.com.au/blog/how-much-protein-australian-women-need-honest-guide-2026,https://nutrithrive.com.au/blog/how-much-protein-australian-women-need-honest-guide-2026,200,https://nutrithrive.com.au/blog/how-much-protein-australian-women-need-honest-guide-2026,"index, follow",,YES,YES,9,tracked content file,,Read-only verification; no redirect changed.
https://nutrithrive.com.au/blog/gut-brain-connection-digestion-mood-mental-health-2026.html,https://nutrithrive.com.au/blog/gut-brain-connection-digestion-mood-mental-health-2026,301,650,YES,2026-09-15T10:39:50+00:00,SUCCESS,,301,1,301:https://nutrithrive.com.au/blog/gut-brain-connection-digestion-mood-mental-health-2026.html -> 200:https://nutrithrive.com.au/blog/gut-brain-connection-digestion-mood-mental-health-2026,https://nutrithrive.com.au/blog/gut-brain-connection-digestion-mood-mental-health-2026,200,https://nutrithrive.com.au/blog/gut-brain-connection-digestion-mood-mental-health-2026,"index, follow",,YES,NO,0,redirect rule only,,Read-only verification; no redirect changed.
https://nutrithrive.com.au/blog/gut-brain-connection-digestion-mood-mental-health-2026,https://nutrithrive.com.au/blog/gut-brain-connection-digestion-mood-mental-health-2026.html,200,651,YES,2026-09-15T10:39:50+00:00,SUCCESS,,200,0,200:https://nutrithrive.com.au/blog/gut-brain-connection-digestion-mood-mental-health-2026,https://nutrithrive.com.au/blog/gut-brain-connection-digestion-mood-mental-health-2026,200,https://nutrithrive.com.au/blog/gut-brain-connection-digestion-mood-mental-health-2026,"index, follow",,YES,YES,8,tracked content file,,Read-only verification; no redirect changed.
https://nutrithrive.com.au/blog/seed-oils-bad-for-you-honest-research-australia-2026.html,https://nutrithrive.com.au/blog/seed-oils-bad-for-you-honest-research-australia-2026,301,655,YES,2026-09-15T10:39:50+00:00,SUCCESS,,301,1,301:https://nutrithrive.com.au/blog/seed-oils-bad-for-you-honest-research-australia-2026.html -> 200:https://nutrithrive.com.au/blog/seed-oils-bad-for-you-honest-research-australia-2026,https://nutrithrive.com.au/blog/seed-oils-bad-for-you-honest-research-australia-2026,200,https://nutrithrive.com.au/blog/seed-oils-bad-for-you-honest-research-australia-2026,"index, follow",,YES,NO,0,redirect rule only,,Read-only verification; no redirect changed.
https://nutrithrive.com.au/blog/seed-oils-bad-for-you-honest-research-australia-2026,https://nutrithrive.com.au/blog/seed-oils-bad-for-you-honest-research-australia-2026.html,200,656,YES,2026-09-15T10:39:50+00:00,SUCCESS,,200,0,200:https://nutrithrive.com.au/blog/seed-oils-bad-for-you-honest-research-australia-2026,https://nutrithrive.com.au/blog/seed-oils-bad-for-you-honest-research-australia-2026,200,https://nutrithrive.com.au/blog/seed-oils-bad-for-you-honest-research-australia-2026,"index, follow",,YES,YES,7,tracked content file,,Read-only verification; no redirect changed.
https://nutrithrive.com.au/blog/strength-training-women-over-35-why-it-matters-2026.html,https://nutrithrive.com.au/blog/strength-training-women-over-35-why-it-matters-2026,301,658,YES,2026-09-15T10:39:50+00:00,SUCCESS,,301,1,301:https://nutrithrive.com.au/blog/strength-training-women-over-35-why-it-matters-2026.html -> 200:https://nutrithrive.com.au/blog/strength-training-women-over-35-why-it-matters-2026,https://nutrithrive.com.au/blog/strength-training-women-over-35-why-it-matters-2026,200,https://nutrithrive.com.au/blog/strength-training-women-over-35-why-it-matters-2026,"index, follow",,YES,NO,0,redirect rule only,,Read-only verification; no redirect changed.
https://nutrithrive.com.au/blog/strength-training-women-over-35-why-it-matters-2026,https://nutrithrive.com.au/blog/strength-training-women-over-35-why-it-matters-2026.html,200,659,YES,2026-09-15T10:39:50+00:00,SUCCESS,,200,0,200:https://nutrithrive.com.au/blog/strength-training-women-over-35-why-it-matters-2026,https://nutrithrive.com.au/blog/strength-training-women-over-35-why-it-matters-2026,200,https://nutrithrive.com.au/blog/strength-training-women-over-35-why-it-matters-2026,"index, follow",,YES,YES,8,tracked content file,,Read-only verification; no redirect changed.
https://nutrithrive.com.au/blog/stop-eating-ultra-processed-food-30-days-what-happens-2026.html,https://nutrithrive.com.au/blog/stop-eating-ultra-processed-food-30-days-what-happens-2026,301,661,YES,2026-09-15T10:39:50+00:00,SUCCESS,,301,1,301:https://nutrithrive.com.au/blog/stop-eating-ultra-processed-food-30-days-what-happens-2026.html -> 200:https://nutrithrive.com.au/blog/stop-eating-ultra-processed-food-30-days-what-happens-2026,https://nutrithrive.com.au/blog/stop-eating-ultra-processed-food-30-days-what-happens-2026,200,https://nutrithrive.com.au/blog/stop-eating-ultra-processed-food-30-days-what-happens-2026,"index, follow",,YES,NO,0,redirect rule only,,Read-only verification; no redirect changed.
https://nutrithrive.com.au/blog/stop-eating-ultra-processed-food-30-days-what-happens-2026,https://nutrithrive.com.au/blog/stop-eating-ultra-processed-food-30-days-what-happens-2026.html,200,662,YES,2026-09-15T10:39:50+00:00,SUCCESS,,200,0,200:https://nutrithrive.com.au/blog/stop-eating-ultra-processed-food-30-days-what-happens-2026,https://nutrithrive.com.au/blog/stop-eating-ultra-processed-food-30-days-what-happens-2026,200,https://nutrithrive.com.au/blog/stop-eating-ultra-processed-food-30-days-what-happens-2026,"index, follow",,YES,YES,6,tracked content file,,Read-only verification; no redirect changed.
https://nutrithrive.com.au/blog/how-to-build-balanced-plate-no-calorie-counting-2026.html,https://nutrithrive.com.au/blog/how-to-build-balanced-plate-no-calorie-counting-2026,301,664,YES,2026-09-15T10:39:50+00:00,SUCCESS,,301,1,301:https://nutrithrive.com.au/blog/how-to-build-balanced-plate-no-calorie-counting-2026.html -> 200:https://nutrithrive.com.au/blog/how-to-build-balanced-plate-no-calorie-counting-2026,https://nutrithrive.com.au/blog/how-to-build-balanced-plate-no-calorie-counting-2026,200,https://nutrithrive.com.au/blog/how-to-build-balanced-plate-no-calorie-counting-2026,"index, follow",,YES,NO,0,redirect rule only,,Read-only verification; no redirect changed.
https://nutrithrive.com.au/blog/how-to-build-balanced-plate-no-calorie-counting-2026,https://nutrithrive.com.au/blog/how-to-build-balanced-plate-no-calorie-counting-2026.html,200,665,YES,2026-09-15T10:39:50+00:00,SUCCESS,,200,0,200:https://nutrithrive.com.au/blog/how-to-build-balanced-plate-no-calorie-counting-2026,https://nutrithrive.com.au/blog/how-to-build-balanced-plate-no-calorie-counting-2026,200,https://nutrithrive.com.au/blog/how-to-build-balanced-plate-no-calorie-counting-2026,"index, follow",,YES,YES,6,tracked content file,,Read-only verification; no redirect changed.
https://nutrithrive.com.au/blog/omega-3-deficiency-australia-inflammation-food-sources-2026.html,https://nutrithrive.com.au/blog/omega-3-deficiency-australia-inflammation-food-sources-2026,301,667,YES,2026-09-15T10:39:50+00:00,SUCCESS,,301,1,301:https://nutrithrive.com.au/blog/omega-3-deficiency-australia-inflammation-food-sources-2026.html -> 200:https://nutrithrive.com.au/blog/omega-3-deficiency-australia-inflammation-food-sources-2026,https://nutrithrive.com.au/blog/omega-3-deficiency-australia-inflammation-food-sources-2026,200,https://nutrithrive.com.au/blog/omega-3-deficiency-australia-inflammation-food-sources-2026,"index, follow",,YES,NO,0,redirect rule only,,Read-only verification; no redirect changed.
https://nutrithrive.com.au/blog/omega-3-deficiency-australia-inflammation-food-sources-2026,https://nutrithrive.com.au/blog/omega-3-deficiency-australia-inflammation-food-sources-2026.html,200,668,YES,2026-09-15T10:39:50+00:00,SUCCESS,,200,0,200:https://nutrithrive.com.au/blog/omega-3-deficiency-australia-inflammation-food-sources-2026,https://nutrithrive.com.au/blog/omega-3-deficiency-australia-inflammation-food-sources-2026,200,https://nutrithrive.com.au/blog/omega-3-deficiency-australia-inflammation-food-sources-2026,"index, follow",,YES,YES,6,tracked content file,,Read-only verification; no redirect changed.
https://nutrithrive.com.au/blog/30-different-plants-per-week-gut-health-microbiome-2026.html,https://nutrithrive.com.au/blog/30-different-plants-per-week-gut-health-microbiome-2026,301,670,YES,2026-09-15T10:39:50+00:00,SUCCESS,,301,1,301:https://nutrithrive.com.au/blog/30-different-plants-per-week-gut-health-microbiome-2026.html -> 200:https://nutrithrive.com.au/blog/30-different-plants-per-week-gut-health-microbiome-2026,https://nutrithrive.com.au/blog/30-different-plants-per-week-gut-health-microbiome-2026,200,https://nutrithrive.com.au/blog/30-different-plants-per-week-gut-health-microbiome-2026,"index, follow",,YES,NO,0,redirect rule only,,Read-only verification; no redirect changed.
https://nutrithrive.com.au/blog/30-different-plants-per-week-gut-health-microbiome-2026,https://nutrithrive.com.au/blog/30-different-plants-per-week-gut-health-microbiome-2026.html,200,671,YES,2026-09-15T10:39:50+00:00,SUCCESS,,200,0,200:https://nutrithrive.com.au/blog/30-different-plants-per-week-gut-health-microbiome-2026,https://nutrithrive.com.au/blog/30-different-plants-per-week-gut-health-microbiome-2026,200,https://nutrithrive.com.au/blog/30-different-plants-per-week-gut-health-microbiome-2026,"index, follow",,YES,YES,9,tracked content file,,Read-only verification; no redirect changed.
https://nutrithrive.com.au/blog/what-to-eat-perimenopause-diet-australia-2026.html,https://nutrithrive.com.au/blog/what-to-eat-perimenopause-diet-australia-2026,301,675,YES,2026-09-15T10:39:50+00:00,SUCCESS,,301,1,301:https://nutrithrive.com.au/blog/what-to-eat-perimenopause-diet-australia-2026.html -> 200:https://nutrithrive.com.au/blog/what-to-eat-perimenopause-diet-australia-2026,https://nutrithrive.com.au/blog/what-to-eat-perimenopause-diet-australia-2026,200,https://nutrithrive.com.au/blog/what-to-eat-perimenopause-diet-australia-2026,"index, follow",,YES,NO,0,redirect rule only,,Read-only verification; no redirect changed.
https://nutrithrive.com.au/blog/what-to-eat-perimenopause-diet-australia-2026,https://nutrithrive.com.au/blog/what-to-eat-perimenopause-diet-australia-2026.html,200,676,YES,2026-09-15T10:39:50+00:00,SUCCESS,,200,0,200:https://nutrithrive.com.au/blog/what-to-eat-perimenopause-diet-australia-2026,https://nutrithrive.com.au/blog/what-to-eat-perimenopause-diet-australia-2026,200,https://nutrithrive.com.au/blog/what-to-eat-perimenopause-diet-australia-2026,"index, follow",,YES,YES,7,tracked content file,,Read-only verification; no redirect changed.
https://nutrithrive.com.au/blog/longevity-foods-australia-what-to-eat-live-longer-2026.html,https://nutrithrive.com.au/blog/longevity-foods-australia-what-to-eat-live-longer-2026,301,678,YES,2026-09-15T10:39:50+00:00,SUCCESS,,301,1,301:https://nutrithrive.com.au/blog/longevity-foods-australia-what-to-eat-live-longer-2026.html -> 200:https://nutrithrive.com.au/blog/longevity-foods-australia-what-to-eat-live-longer-2026,https://nutrithrive.com.au/blog/longevity-foods-australia-what-to-eat-live-longer-2026,200,https://nutrithrive.com.au/blog/longevity-foods-australia-what-to-eat-live-longer-2026,"index, follow",,YES,NO,0,redirect rule only,,Read-only verification; no redirect changed.
https://nutrithrive.com.au/blog/longevity-foods-australia-what-to-eat-live-longer-2026,https://nutrithrive.com.au/blog/longevity-foods-australia-what-to-eat-live-longer-2026.html,200,679,YES,2026-09-15T10:39:50+00:00,SUCCESS,,200,0,200:https://nutrithrive.com.au/blog/longevity-foods-australia-what-to-eat-live-longer-2026,https://nutrithrive.com.au/blog/longevity-foods-australia-what-to-eat-live-longer-2026,200,https://nutrithrive.com.au/blog/longevity-foods-australia-what-to-eat-live-longer-2026,"index, follow",,YES,YES,9,tracked content file,,Read-only verification; no redirect changed.
https://nutrithrive.com.au/blog/how-to-balance-hormones-naturally-food-australia-2026.html,https://nutrithrive.com.au/blog/how-to-balance-hormones-naturally-food-australia-2026,301,681,YES,2026-09-15T10:39:50+00:00,SUCCESS,,301,1,301:https://nutrithrive.com.au/blog/how-to-balance-hormones-naturally-food-australia-2026.html -> 200:https://nutrithrive.com.au/blog/how-to-balance-hormones-naturally-food-australia-2026,https://nutrithrive.com.au/blog/how-to-balance-hormones-naturally-food-australia-2026,200,https://nutrithrive.com.au/blog/how-to-balance-hormones-naturally-food-australia-2026,"index, follow",,YES,NO,0,redirect rule only,,Read-only verification; no redirect changed.
https://nutrithrive.com.au/blog/how-to-balance-hormones-naturally-food-australia-2026,https://nutrithrive.com.au/blog/how-to-balance-hormones-naturally-food-australia-2026.html,200,682,YES,2026-09-15T10:39:50+00:00,SUCCESS,,200,0,200:https://nutrithrive.com.au/blog/how-to-balance-hormones-naturally-food-australia-2026,https://nutrithrive.com.au/blog/how-to-balance-hormones-naturally-food-australia-2026,200,https://nutrithrive.com.au/blog/how-to-balance-hormones-naturally-food-australia-2026,"index, follow",,YES,YES,6,tracked content file,,Read-only verification; no redirect changed.
https://nutrithrive.com.au/blog/how-to-strengthen-immune-system-naturally-australia-2026.html,https://nutrithrive.com.au/blog/how-to-strengthen-immune-system-naturally-australia-2026,301,684,YES,2026-09-15T10:39:50+00:00,SUCCESS,,301,1,301:https://nutrithrive.com.au/blog/how-to-strengthen-immune-system-naturally-australia-2026.html -> 200:https://nutrithrive.com.au/blog/how-to-strengthen-immune-system-naturally-australia-2026,https://nutrithrive.com.au/blog/how-to-strengthen-immune-system-naturally-australia-2026,200,https://nutrithrive.com.au/blog/how-to-strengthen-immune-system-naturally-australia-2026,"index, follow",,YES,NO,0,redirect rule only,,Read-only verification; no redirect changed.
https://nutrithrive.com.au/blog/how-to-strengthen-immune-system-naturally-australia-2026,https://nutrithrive.com.au/blog/how-to-strengthen-immune-system-naturally-australia-2026.html,200,685,YES,2026-09-15T10:39:50+00:00,SUCCESS,,200,0,200:https://nutrithrive.com.au/blog/how-to-strengthen-immune-system-naturally-australia-2026,https://nutrithrive.com.au/blog/how-to-strengthen-immune-system-naturally-australia-2026,200,https://nutrithrive.com.au/blog/how-to-strengthen-immune-system-naturally-australia-2026,"index, follow",,YES,YES,10,tracked content file,,Read-only verification; no redirect changed.
https://nutrithrive.com.au/blog/how-to-age-well-in-your-40s-healthy-ageing-australia-2026.html,https://nutrithrive.com.au/blog/how-to-age-well-in-your-40s-healthy-ageing-australia-2026,301,687,YES,2026-09-15T10:39:50+00:00,SUCCESS,,301,1,301:https://nutrithrive.com.au/blog/how-to-age-well-in-your-40s-healthy-ageing-australia-2026.html -> 200:https://nutrithrive.com.au/blog/how-to-age-well-in-your-40s-healthy-ageing-australia-2026,https://nutrithrive.com.au/blog/how-to-age-well-in-your-40s-healthy-ageing-australia-2026,200,https://nutrithrive.com.au/blog/how-to-age-well-in-your-40s-healthy-ageing-australia-2026,"index, follow",,YES,NO,0,redirect rule only,,Read-only verification; no redirect changed.
https://nutrithrive.com.au/blog/how-to-age-well-in-your-40s-healthy-ageing-australia-2026,https://nutrithrive.com.au/blog/how-to-age-well-in-your-40s-healthy-ageing-australia-2026.html,200,688,YES,2026-09-15T10:39:50+00:00,SUCCESS,,200,0,200:https://nutrithrive.com.au/blog/how-to-age-well-in-your-40s-healthy-ageing-australia-2026,https://nutrithrive.com.au/blog/how-to-age-well-in-your-40s-healthy-ageing-australia-2026,200,https://nutrithrive.com.au/blog/how-to-age-well-in-your-40s-healthy-ageing-australia-2026,"index, follow",,YES,YES,6,tracked content file,,Read-only verification; no redirect changed.
https://nutrithrive.com.au/blog/category/recipes,https://nutrithrive.com.au/blog/category/recipes/index.html,200,690,YES,2026-09-15T10:39:50+00:00,SUCCESS,,301,1,301:https://nutrithrive.com.au/blog/category/recipes -> 200:https://nutrithrive.com.au/blog/category/recipes,https://nutrithrive.com.au/blog/category/recipes,200,https://nutrithrive.com.au/blog/category/recipes,"index, follow",,YES,YES,0,redirect rule only,,Read-only verification; no redirect changed.
https://nutrithrive.com.au/blog/moringa-wellness-shot-recipe-winter-2026.html,https://nutrithrive.com.au/blog/moringa-wellness-shot-recipe-winter-2026,301,694,YES,2026-09-15T10:39:50+00:00,SUCCESS,,301,1,301:https://nutrithrive.com.au/blog/moringa-wellness-shot-recipe-winter-2026.html -> 200:https://nutrithrive.com.au/blog/moringa-wellness-shot-recipe-winter-2026,https://nutrithrive.com.au/blog/moringa-wellness-shot-recipe-winter-2026,200,https://nutrithrive.com.au/blog/moringa-wellness-shot-recipe-winter-2026,"index, follow",,YES,NO,0,redirect rule only,,Read-only verification; no redirect changed.
https://nutrithrive.com.au/blog/moringa-wellness-shot-recipe-winter-2026,https://nutrithrive.com.au/blog/moringa-wellness-shot-recipe-winter-2026.html,200,695,YES,2026-09-15T10:39:50+00:00,SUCCESS,,200,0,200:https://nutrithrive.com.au/blog/moringa-wellness-shot-recipe-winter-2026,https://nutrithrive.com.au/blog/moringa-wellness-shot-recipe-winter-2026,200,https://nutrithrive.com.au/blog/moringa-wellness-shot-recipe-winter-2026,"index, follow",,YES,YES,6,tracked content file,,Read-only verification; no redirect changed.
https://nutrithrive.com.au/blog/curry-leaves-dahl-recipe-30-minutes-australia-2026.html,https://nutrithrive.com.au/blog/curry-leaves-dahl-recipe-30-minutes-australia-2026,301,697,YES,2026-09-15T10:39:50+00:00,SUCCESS,,301,1,301:https://nutrithrive.com.au/blog/curry-leaves-dahl-recipe-30-minutes-australia-2026.html -> 200:https://nutrithrive.com.au/blog/curry-leaves-dahl-recipe-30-minutes-australia-2026,https://nutrithrive.com.au/blog/curry-leaves-dahl-recipe-30-minutes-australia-2026,200,https://nutrithrive.com.au/blog/curry-leaves-dahl-recipe-30-minutes-australia-2026,"index, follow",,YES,NO,0,redirect rule only,,Read-only verification; no redirect changed.
https://nutrithrive.com.au/blog/curry-leaves-dahl-recipe-30-minutes-australia-2026,https://nutrithrive.com.au/blog/curry-leaves-dahl-recipe-30-minutes-australia-2026.html,200,698,YES,2026-09-15T10:39:50+00:00,SUCCESS,,200,0,200:https://nutrithrive.com.au/blog/curry-leaves-dahl-recipe-30-minutes-australia-2026,https://nutrithrive.com.au/blog/curry-leaves-dahl-recipe-30-minutes-australia-2026,200,https://nutrithrive.com.au/blog/curry-leaves-dahl-recipe-30-minutes-australia-2026,"index, follow",,YES,YES,13,tracked content file,,Read-only verification; no redirect changed.
https://nutrithrive.com.au/blog/darjeeling-chai-latte-recipe-winter-coffee-alternative-2026.html,https://nutrithrive.com.au/blog/darjeeling-chai-latte-recipe-winter-coffee-alternative-2026,301,700,YES,2026-09-15T10:39:50+00:00,SUCCESS,,301,1,301:https://nutrithrive.com.au/blog/darjeeling-chai-latte-recipe-winter-coffee-alternative-2026.html -> 200:https://nutrithrive.com.au/blog/darjeeling-chai-latte-recipe-winter-coffee-alternative-2026,https://nutrithrive.com.au/blog/darjeeling-chai-latte-recipe-winter-coffee-alternative-2026,200,https://nutrithrive.com.au/blog/darjeeling-chai-latte-recipe-winter-coffee-alternative-2026,"index, follow",,YES,NO,0,redirect rule only,,Read-only verification; no redirect changed.
https://nutrithrive.com.au/blog/darjeeling-chai-latte-recipe-winter-coffee-alternative-2026,https://nutrithrive.com.au/blog/darjeeling-chai-latte-recipe-winter-coffee-alternative-2026.html,200,701,YES,2026-09-15T10:39:50+00:00,SUCCESS,,200,0,200:https://nutrithrive.com.au/blog/darjeeling-chai-latte-recipe-winter-coffee-alternative-2026,https://nutrithrive.com.au/blog/darjeeling-chai-latte-recipe-winter-coffee-alternative-2026,200,https://nutrithrive.com.au/blog/darjeeling-chai-latte-recipe-winter-coffee-alternative-2026,"index, follow",,YES,YES,10,tracked content file,,Read-only verification; no redirect changed.
https://nutrithrive.com.au/blog/moringa-energy-bites-kids-lunchbox-recipe-australia-2026.html,https://nutrithrive.com.au/blog/moringa-energy-bites-kids-lunchbox-recipe-australia-2026,301,703,YES,2026-09-15T10:39:50+00:00,SUCCESS,,301,1,301:https://nutrithrive.com.au/blog/moringa-energy-bites-kids-lunchbox-recipe-australia-2026.html -> 200:https://nutrithrive.com.au/blog/moringa-energy-bites-kids-lunchbox-recipe-australia-2026,https://nutrithrive.com.au/blog/moringa-energy-bites-kids-lunchbox-recipe-australia-2026,200,https://nutrithrive.com.au/blog/moringa-energy-bites-kids-lunchbox-recipe-australia-2026,"index, follow",,YES,NO,0,redirect rule only,,Read-only verification; no redirect changed.
https://nutrithrive.com.au/blog/moringa-energy-bites-kids-lunchbox-recipe-australia-2026,https://nutrithrive.com.au/blog/moringa-energy-bites-kids-lunchbox-recipe-australia-2026.html,200,704,YES,2026-09-15T10:39:50+00:00,SUCCESS,,200,0,200:https://nutrithrive.com.au/blog/moringa-energy-bites-kids-lunchbox-recipe-australia-2026,https://nutrithrive.com.au/blog/moringa-energy-bites-kids-lunchbox-recipe-australia-2026,200,https://nutrithrive.com.au/blog/moringa-energy-bites-kids-lunchbox-recipe-australia-2026,"index, follow",,YES,YES,7,tracked content file,,Read-only verification; no redirect changed.
https://nutrithrive.com.au/blog/moringa-avocado-toast-recipe-anti-inflammatory-breakfast-2026.html,https://nutrithrive.com.au/blog/moringa-avocado-toast-recipe-anti-inflammatory-breakfast-2026,301,706,YES,2026-09-15T10:39:50+00:00,SUCCESS,,301,1,301:https://nutrithrive.com.au/blog/moringa-avocado-toast-recipe-anti-inflammatory-breakfast-2026.html -> 200:https://nutrithrive.com.au/blog/moringa-avocado-toast-recipe-anti-inflammatory-breakfast-2026,https://nutrithrive.com.au/blog/moringa-avocado-toast-recipe-anti-inflammatory-breakfast-2026,200,https://nutrithrive.com.au/blog/moringa-avocado-toast-recipe-anti-inflammatory-breakfast-2026,"index, follow",,YES,NO,0,redirect rule only,,Read-only verification; no redirect changed.
https://nutrithrive.com.au/blog/moringa-avocado-toast-recipe-anti-inflammatory-breakfast-2026,https://nutrithrive.com.au/blog/moringa-avocado-toast-recipe-anti-inflammatory-breakfast-2026.html,200,707,YES,2026-09-15T10:39:50+00:00,SUCCESS,,200,0,200:https://nutrithrive.com.au/blog/moringa-avocado-toast-recipe-anti-inflammatory-breakfast-2026,https://nutrithrive.com.au/blog/moringa-avocado-toast-recipe-anti-inflammatory-breakfast-2026,200,https://nutrithrive.com.au/blog/moringa-avocado-toast-recipe-anti-inflammatory-breakfast-2026,"index, follow",,YES,YES,7,tracked content file,,Read-only verification; no redirect changed.
https://nutrithrive.com.au/blog/curry-leaves-in-australian-cooking-how-to-use-2026.html,https://nutrithrive.com.au/blog/curry-leaves-in-australian-cooking-how-to-use-2026,301,710,YES,2026-09-15T10:39:50+00:00,SUCCESS,,301,1,301:https://nutrithrive.com.au/blog/curry-leaves-in-australian-cooking-how-to-use-2026.html -> 200:https://nutrithrive.com.au/blog/curry-leaves-in-australian-cooking-how-to-use-2026,https://nutrithrive.com.au/blog/curry-leaves-in-australian-cooking-how-to-use-2026,200,https://nutrithrive.com.au/blog/curry-leaves-in-australian-cooking-how-to-use-2026,"index, follow",,YES,NO,0,redirect rule only,,Read-only verification; no redirect changed.
https://nutrithrive.com.au/blog/curry-leaves-in-australian-cooking-how-to-use-2026,https://nutrithrive.com.au/blog/curry-leaves-in-australian-cooking-how-to-use-2026.html,200,711,YES,2026-09-15T10:39:50+00:00,SUCCESS,,200,0,200:https://nutrithrive.com.au/blog/curry-leaves-in-australian-cooking-how-to-use-2026,https://nutrithrive.com.au/blog/curry-leaves-in-australian-cooking-how-to-use-2026,200,https://nutrithrive.com.au/blog/curry-leaves-in-australian-cooking-how-to-use-2026,"index, follow",,YES,YES,12,tracked content file,,Read-only verification; no redirect changed.
https://nutrithrive.com.au/blog/curry-leaves-tea-how-to-make-benefits-2026.html,https://nutrithrive.com.au/blog/curry-leaves-tea-how-to-make-benefits-2026,301,712,YES,2026-09-15T10:39:50+00:00,SUCCESS,,301,1,301:https://nutrithrive.com.au/blog/curry-leaves-tea-how-to-make-benefits-2026.html -> 200:https://nutrithrive.com.au/blog/curry-leaves-tea-how-to-make-benefits-2026,https://nutrithrive.com.au/blog/curry-leaves-tea-how-to-make-benefits-2026,200,https://nutrithrive.com.au/blog/curry-leaves-tea-how-to-make-benefits-2026,"index, follow",,YES,NO,0,redirect rule only,,Read-only verification; no redirect changed.
https://nutrithrive.com.au/blog/curry-leaves-tea-how-to-make-benefits-2026,https://nutrithrive.com.au/blog/curry-leaves-tea-how-to-make-benefits-2026.html,200,713,YES,2026-09-15T10:39:50+00:00,SUCCESS,,200,0,200:https://nutrithrive.com.au/blog/curry-leaves-tea-how-to-make-benefits-2026,https://nutrithrive.com.au/blog/curry-leaves-tea-how-to-make-benefits-2026,200,https://nutrithrive.com.au/blog/curry-leaves-tea-how-to-make-benefits-2026,"index, follow",,YES,YES,9,tracked content file,,Read-only verification; no redirect changed.
https://nutrithrive.com.au/blog/darjeeling-tea-health-benefits-research-2026.html,https://nutrithrive.com.au/blog/darjeeling-tea-health-benefits-research-2026,301,714,YES,2026-09-15T10:39:50+00:00,SUCCESS,,301,1,301:https://nutrithrive.com.au/blog/darjeeling-tea-health-benefits-research-2026.html -> 200:https://nutrithrive.com.au/blog/darjeeling-tea-health-benefits-research-2026,https://nutrithrive.com.au/blog/darjeeling-tea-health-benefits-research-2026,200,https://nutrithrive.com.au/blog/darjeeling-tea-health-benefits-research-2026,"index, follow",,YES,NO,0,redirect rule only,,Read-only verification; no redirect changed.
https://nutrithrive.com.au/blog/darjeeling-tea-health-benefits-research-2026,https://nutrithrive.com.au/blog/darjeeling-tea-health-benefits-research-2026.html,200,715,YES,2026-09-15T10:39:50+00:00,SUCCESS,,200,0,200:https://nutrithrive.com.au/blog/darjeeling-tea-health-benefits-research-2026,https://nutrithrive.com.au/blog/darjeeling-tea-health-benefits-research-2026,200,https://nutrithrive.com.au/blog/darjeeling-tea-health-benefits-research-2026,"index, follow",,YES,YES,13,tracked content file,,Read-only verification; no redirect changed.
https://nutrithrive.com.au/blog/how-much-caffeine-in-darjeeling-tea-vs-coffee-green-tea-2026.html,https://nutrithrive.com.au/blog/how-much-caffeine-in-darjeeling-tea-vs-coffee-green-tea-2026,301,716,YES,2026-09-15T10:39:50+00:00,SUCCESS,,301,1,301:https://nutrithrive.com.au/blog/how-much-caffeine-in-darjeeling-tea-vs-coffee-green-tea-2026.html -> 200:https://nutrithrive.com.au/blog/how-much-caffeine-in-darjeeling-tea-vs-coffee-green-tea-2026,https://nutrithrive.com.au/blog/how-much-caffeine-in-darjeeling-tea-vs-coffee-green-tea-2026,200,https://nutrithrive.com.au/blog/how-much-caffeine-in-darjeeling-tea-vs-coffee-green-tea-2026,"index, follow",,YES,NO,0,redirect rule only,,Read-only verification; no redirect changed.
https://nutrithrive.com.au/blog/how-much-caffeine-in-darjeeling-tea-vs-coffee-green-tea-2026,https://nutrithrive.com.au/blog/how-much-caffeine-in-darjeeling-tea-vs-coffee-green-tea-2026.html,200,717,YES,2026-09-15T10:39:50+00:00,SUCCESS,,200,0,200:https://nutrithrive.com.au/blog/how-much-caffeine-in-darjeeling-tea-vs-coffee-green-tea-2026,https://nutrithrive.com.au/blog/how-much-caffeine-in-darjeeling-tea-vs-coffee-green-tea-2026,200,https://nutrithrive.com.au/blog/how-much-caffeine-in-darjeeling-tea-vs-coffee-green-tea-2026,"index, follow",,YES,YES,28,tracked content file,,Read-only verification; no redirect changed.
https://nutrithrive.com.au/blog/how-to-brew-darjeeling-tea-perfectly-2026.html,https://nutrithrive.com.au/blog/how-to-brew-darjeeling-tea-perfectly-2026,301,718,YES,2026-09-15T10:39:50+00:00,SUCCESS,,301,1,301:https://nutrithrive.com.au/blog/how-to-brew-darjeeling-tea-perfectly-2026.html -> 200:https://nutrithrive.com.au/blog/how-to-brew-darjeeling-tea-perfectly-2026,https://nutrithrive.com.au/blog/how-to-brew-darjeeling-tea-perfectly-2026,200,https://nutrithrive.com.au/blog/how-to-brew-darjeeling-tea-perfectly-2026,"index, follow",,YES,NO,0,redirect rule only,,Read-only verification; no redirect changed.
https://nutrithrive.com.au/blog/how-to-brew-darjeeling-tea-perfectly-2026,https://nutrithrive.com.au/blog/how-to-brew-darjeeling-tea-perfectly-2026.html,200,719,YES,2026-09-15T10:39:50+00:00,SUCCESS,,200,0,200:https://nutrithrive.com.au/blog/how-to-brew-darjeeling-tea-perfectly-2026,https://nutrithrive.com.au/blog/how-to-brew-darjeeling-tea-perfectly-2026,200,https://nutrithrive.com.au/blog/how-to-brew-darjeeling-tea-perfectly-2026,"index, follow",,YES,YES,20,tracked content file,,Read-only verification; no redirect changed.
https://nutrithrive.com.au/blog/how-to-make-moringa-tea-recipes-2026.html,https://nutrithrive.com.au/blog/how-to-make-moringa-tea-recipes-2026,301,720,YES,2026-09-15T10:39:50+00:00,SUCCESS,,301,1,301:https://nutrithrive.com.au/blog/how-to-make-moringa-tea-recipes-2026.html -> 200:https://nutrithrive.com.au/blog/how-to-make-moringa-tea-recipes-2026,https://nutrithrive.com.au/blog/how-to-make-moringa-tea-recipes-2026,200,https://nutrithrive.com.au/blog/how-to-make-moringa-tea-recipes-2026,"index, follow",,YES,NO,0,redirect rule only,,Read-only verification; no redirect changed.
https://nutrithrive.com.au/blog/how-to-make-moringa-tea-recipes-2026,https://nutrithrive.com.au/blog/how-to-make-moringa-tea-recipes-2026.html,200,721,YES,2026-09-15T10:39:50+00:00,SUCCESS,,200,0,200:https://nutrithrive.com.au/blog/how-to-make-moringa-tea-recipes-2026,https://nutrithrive.com.au/blog/how-to-make-moringa-tea-recipes-2026,200,https://nutrithrive.com.au/blog/how-to-make-moringa-tea-recipes-2026,"index, follow",,YES,YES,28,tracked content file,,Read-only verification; no redirect changed.
https://nutrithrive.com.au/blog/how-to-store-curry-leaves-fresh-dried-australia-2026.html,https://nutrithrive.com.au/blog/how-to-store-curry-leaves-fresh-dried-australia-2026,301,722,YES,2026-09-15T10:39:50+00:00,SUCCESS,,301,1,301:https://nutrithrive.com.au/blog/how-to-store-curry-leaves-fresh-dried-australia-2026.html -> 200:https://nutrithrive.com.au/blog/how-to-store-curry-leaves-fresh-dried-australia-2026,https://nutrithrive.com.au/blog/how-to-store-curry-leaves-fresh-dried-australia-2026,200,https://nutrithrive.com.au/blog/how-to-store-curry-leaves-fresh-dried-australia-2026,"index, follow",,YES,NO,0,redirect rule only,,Read-only verification; no redirect changed.
https://nutrithrive.com.au/blog/how-to-store-curry-leaves-fresh-dried-australia-2026,https://nutrithrive.com.au/blog/how-to-store-curry-leaves-fresh-dried-australia-2026.html,200,723,YES,2026-09-15T10:39:50+00:00,SUCCESS,,200,0,200:https://nutrithrive.com.au/blog/how-to-store-curry-leaves-fresh-dried-australia-2026,https://nutrithrive.com.au/blog/how-to-store-curry-leaves-fresh-dried-australia-2026,200,https://nutrithrive.com.au/blog/how-to-store-curry-leaves-fresh-dried-australia-2026,"index, follow",,YES,YES,19,tracked content file,,Read-only verification; no redirect changed.
https://nutrithrive.com.au/blog/is-moringa-safe-during-pregnancy-2026.html,https://nutrithrive.com.au/blog/moringa-pregnancy-safe-australia-trimester-guide-2026,301,725,YES,2026-09-15T10:39:50+00:00,SUCCESS,,301,1,301:https://nutrithrive.com.au/blog/is-moringa-safe-during-pregnancy-2026.html -> 200:https://nutrithrive.com.au/blog/moringa-pregnancy-safe-australia-trimester-guide-2026,https://nutrithrive.com.au/blog/moringa-pregnancy-safe-australia-trimester-guide-2026,200,https://nutrithrive.com.au/blog/moringa-pregnancy-safe-australia-trimester-guide-2026,"index, follow",,YES,NO,0,redirect rule only,,Read-only verification; no redirect changed.
https://nutrithrive.com.au/blog/is-moringa-safe-during-pregnancy-2026,https://nutrithrive.com.au/blog/moringa-pregnancy-safe-australia-trimester-guide-2026,301,726,YES,2026-09-15T10:39:50+00:00,SUCCESS,,301,1,301:https://nutrithrive.com.au/blog/is-moringa-safe-during-pregnancy-2026 -> 200:https://nutrithrive.com.au/blog/moringa-pregnancy-safe-australia-trimester-guide-2026,https://nutrithrive.com.au/blog/moringa-pregnancy-safe-australia-trimester-guide-2026,200,https://nutrithrive.com.au/blog/moringa-pregnancy-safe-australia-trimester-guide-2026,"index, follow",,YES,NO,0,tracked content file,,Read-only verification; no redirect changed.
https://nutrithrive.com.au/blog/is-moringa-safe-for-children-kids-dosage-2026.html,https://nutrithrive.com.au/blog/is-moringa-safe-for-children-kids-dosage-2026,301,727,YES,2026-09-15T10:39:50+00:00,SUCCESS,,301,1,301:https://nutrithrive.com.au/blog/is-moringa-safe-for-children-kids-dosage-2026.html -> 200:https://nutrithrive.com.au/blog/is-moringa-safe-for-children-kids-dosage-2026,https://nutrithrive.com.au/blog/is-moringa-safe-for-children-kids-dosage-2026,200,https://nutrithrive.com.au/blog/is-moringa-safe-for-children-kids-dosage-2026,"index, follow",,YES,NO,0,redirect rule only,,Read-only verification; no redirect changed.
https://nutrithrive.com.au/blog/is-moringa-safe-for-children-kids-dosage-2026,https://nutrithrive.com.au/blog/is-moringa-safe-for-children-kids-dosage-2026.html,200,728,YES,2026-09-15T10:39:50+00:00,SUCCESS,,200,0,200:https://nutrithrive.com.au/blog/is-moringa-safe-for-children-kids-dosage-2026,https://nutrithrive.com.au/blog/is-moringa-safe-for-children-kids-dosage-2026,200,https://nutrithrive.com.au/blog/is-moringa-safe-for-children-kids-dosage-2026,"index, follow",,YES,YES,8,tracked content file,,Read-only verification; no redirect changed.
https://nutrithrive.com.au/blog/moringa-detox-what-is-real-2026.html,https://nutrithrive.com.au/blog/moringa-detox-what-is-real-2026,301,729,YES,2026-09-15T10:39:50+00:00,SUCCESS,,301,1,301:https://nutrithrive.com.au/blog/moringa-detox-what-is-real-2026.html -> 200:https://nutrithrive.com.au/blog/moringa-detox-what-is-real-2026,https://nutrithrive.com.au/blog/moringa-detox-what-is-real-2026,200,https://nutrithrive.com.au/blog/moringa-detox-what-is-real-2026,"index, follow",,YES,NO,0,redirect rule only,,Read-only verification; no redirect changed.
https://nutrithrive.com.au/blog/moringa-detox-what-is-real-2026,https://nutrithrive.com.au/blog/moringa-detox-what-is-real-2026.html,200,730,YES,2026-09-15T10:39:50+00:00,SUCCESS,,200,0,200:https://nutrithrive.com.au/blog/moringa-detox-what-is-real-2026,https://nutrithrive.com.au/blog/moringa-detox-what-is-real-2026,200,https://nutrithrive.com.au/blog/moringa-detox-what-is-real-2026,"index, follow",,YES,YES,6,tracked content file,,Read-only verification; no redirect changed.
https://nutrithrive.com.au/blog/moringa-for-hair-growth-eating-evidence-2026.html,https://nutrithrive.com.au/blog/moringa-for-hair-growth-eating-evidence-2026,301,731,YES,2026-09-15T10:39:50+00:00,SUCCESS,,301,1,301:https://nutrithrive.com.au/blog/moringa-for-hair-growth-eating-evidence-2026.html -> 200:https://nutrithrive.com.au/blog/moringa-for-hair-growth-eating-evidence-2026,https://nutrithrive.com.au/blog/moringa-for-hair-growth-eating-evidence-2026,200,https://nutrithrive.com.au/blog/moringa-for-hair-growth-eating-evidence-2026,"index, follow",,YES,NO,0,redirect rule only,,Read-only verification; no redirect changed.
https://nutrithrive.com.au/blog/moringa-for-hair-growth-eating-evidence-2026,https://nutrithrive.com.au/blog/moringa-for-hair-growth-eating-evidence-2026.html,200,732,YES,2026-09-15T10:39:50+00:00,SUCCESS,,200,0,200:https://nutrithrive.com.au/blog/moringa-for-hair-growth-eating-evidence-2026,https://nutrithrive.com.au/blog/moringa-for-hair-growth-eating-evidence-2026,200,https://nutrithrive.com.au/blog/moringa-for-hair-growth-eating-evidence-2026,"index, follow",,YES,YES,7,tracked content file,,Read-only verification; no redirect changed.
https://nutrithrive.com.au/blog/moringa-for-inflammation-anti-inflammatory-research-2026.html,https://nutrithrive.com.au/blog/moringa-for-inflammation-anti-inflammatory-research-2026,301,733,YES,2026-09-15T10:39:50+00:00,SUCCESS,,301,1,301:https://nutrithrive.com.au/blog/moringa-for-inflammation-anti-inflammatory-research-2026.html -> 200:https://nutrithrive.com.au/blog/moringa-for-inflammation-anti-inflammatory-research-2026,https://nutrithrive.com.au/blog/moringa-for-inflammation-anti-inflammatory-research-2026,200,https://nutrithrive.com.au/blog/moringa-for-inflammation-anti-inflammatory-research-2026,"index, follow",,YES,NO,0,redirect rule only,,Read-only verification; no redirect changed.
https://nutrithrive.com.au/blog/moringa-for-inflammation-anti-inflammatory-research-2026,https://nutrithrive.com.au/blog/moringa-for-inflammation-anti-inflammatory-research-2026.html,200,734,YES,2026-09-15T10:39:50+00:00,SUCCESS,,200,0,200:https://nutrithrive.com.au/blog/moringa-for-inflammation-anti-inflammatory-research-2026,https://nutrithrive.com.au/blog/moringa-for-inflammation-anti-inflammatory-research-2026,200,https://nutrithrive.com.au/blog/moringa-for-inflammation-anti-inflammatory-research-2026,"index, follow",,YES,YES,12,tracked content file,,Read-only verification; no redirect changed.
https://nutrithrive.com.au/blog/moringa-for-men-testosterone-energy-prostate-2026.html,https://nutrithrive.com.au/blog/moringa-for-men-testosterone-energy-prostate-2026,301,735,YES,2026-09-15T10:39:50+00:00,SUCCESS,,301,1,301:https://nutrithrive.com.au/blog/moringa-for-men-testosterone-energy-prostate-2026.html -> 200:https://nutrithrive.com.au/blog/moringa-for-men-testosterone-energy-prostate-2026,https://nutrithrive.com.au/blog/moringa-for-men-testosterone-energy-prostate-2026,200,https://nutrithrive.com.au/blog/moringa-for-men-testosterone-energy-prostate-2026,"index, follow",,YES,NO,0,redirect rule only,,Read-only verification; no redirect changed.
https://nutrithrive.com.au/blog/moringa-for-men-testosterone-energy-prostate-2026,https://nutrithrive.com.au/blog/moringa-for-men-testosterone-energy-prostate-2026.html,200,736,YES,2026-09-15T10:39:50+00:00,SUCCESS,,200,0,200:https://nutrithrive.com.au/blog/moringa-for-men-testosterone-energy-prostate-2026,https://nutrithrive.com.au/blog/moringa-for-men-testosterone-energy-prostate-2026,200,https://nutrithrive.com.au/blog/moringa-for-men-testosterone-energy-prostate-2026,"index, follow",,YES,YES,6,tracked content file,,Read-only verification; no redirect changed.
https://nutrithrive.com.au/blog/moringa-for-menopause-symptoms-hormones-2026.html,https://nutrithrive.com.au/blog/moringa-for-menopause-symptoms-hormones-2026,301,737,YES,2026-09-15T10:39:50+00:00,SUCCESS,,301,1,301:https://nutrithrive.com.au/blog/moringa-for-menopause-symptoms-hormones-2026.html -> 200:https://nutrithrive.com.au/blog/moringa-for-menopause-symptoms-hormones-2026,https://nutrithrive.com.au/blog/moringa-for-menopause-symptoms-hormones-2026,200,https://nutrithrive.com.au/blog/moringa-for-menopause-symptoms-hormones-2026,"index, follow",,YES,NO,0,redirect rule only,,Read-only verification; no redirect changed.
https://nutrithrive.com.au/blog/moringa-for-menopause-symptoms-hormones-2026,https://nutrithrive.com.au/blog/moringa-for-menopause-symptoms-hormones-2026.html,200,738,YES,2026-09-15T10:39:50+00:00,SUCCESS,,200,0,200:https://nutrithrive.com.au/blog/moringa-for-menopause-symptoms-hormones-2026,https://nutrithrive.com.au/blog/moringa-for-menopause-symptoms-hormones-2026,200,https://nutrithrive.com.au/blog/moringa-for-menopause-symptoms-hormones-2026,"index, follow",,YES,YES,11,tracked content file,,Read-only verification; no redirect changed.
https://nutrithrive.com.au/blog/moringa-for-skin-eating-benefits-glow-2026.html,https://nutrithrive.com.au/blog/moringa-for-skin-eating-benefits-glow-2026,301,739,YES,2026-09-15T10:39:50+00:00,SUCCESS,,301,1,301:https://nutrithrive.com.au/blog/moringa-for-skin-eating-benefits-glow-2026.html -> 200:https://nutrithrive.com.au/blog/moringa-for-skin-eating-benefits-glow-2026,https://nutrithrive.com.au/blog/moringa-for-skin-eating-benefits-glow-2026,200,https://nutrithrive.com.au/blog/moringa-for-skin-eating-benefits-glow-2026,"index, follow",,YES,NO,0,redirect rule only,,Read-only verification; no redirect changed.
https://nutrithrive.com.au/blog/moringa-for-skin-eating-benefits-glow-2026,https://nutrithrive.com.au/blog/moringa-for-skin-eating-benefits-glow-2026.html,200,740,YES,2026-09-15T10:39:50+00:00,SUCCESS,,200,0,200:https://nutrithrive.com.au/blog/moringa-for-skin-eating-benefits-glow-2026,https://nutrithrive.com.au/blog/moringa-for-skin-eating-benefits-glow-2026,200,https://nutrithrive.com.au/blog/moringa-for-skin-eating-benefits-glow-2026,"index, follow",,YES,YES,11,tracked content file,,Read-only verification; no redirect changed.
https://nutrithrive.com.au/blog/moringa-for-weight-loss-evidence-2026.html,https://nutrithrive.com.au/blog/moringa-for-weight-loss-evidence-2026,301,741,YES,2026-09-15T10:39:50+00:00,SUCCESS,,301,1,301:https://nutrithrive.com.au/blog/moringa-for-weight-loss-evidence-2026.html -> 200:https://nutrithrive.com.au/blog/moringa-for-weight-loss-evidence-2026,https://nutrithrive.com.au/blog/moringa-for-weight-loss-evidence-2026,200,https://nutrithrive.com.au/blog/moringa-for-weight-loss-evidence-2026,"index, follow",,YES,NO,0,redirect rule only,,Read-only verification; no redirect changed.
https://nutrithrive.com.au/blog/moringa-for-weight-loss-evidence-2026,https://nutrithrive.com.au/blog/moringa-for-weight-loss-evidence-2026.html,200,742,YES,2026-09-15T10:39:50+00:00,SUCCESS,,200,0,200:https://nutrithrive.com.au/blog/moringa-for-weight-loss-evidence-2026,https://nutrithrive.com.au/blog/moringa-for-weight-loss-evidence-2026,200,https://nutrithrive.com.au/blog/moringa-for-weight-loss-evidence-2026,"index, follow",,YES,YES,6,tracked content file,,Read-only verification; no redirect changed.
https://nutrithrive.com.au/blog/moringa-gut-health-digestion-evidence-2026.html,https://nutrithrive.com.au/blog/moringa-gut-health-digestion-evidence-2026,301,743,YES,2026-09-15T10:39:50+00:00,SUCCESS,,301,1,301:https://nutrithrive.com.au/blog/moringa-gut-health-digestion-evidence-2026.html -> 200:https://nutrithrive.com.au/blog/moringa-gut-health-digestion-evidence-2026,https://nutrithrive.com.au/blog/moringa-gut-health-digestion-evidence-2026,200,https://nutrithrive.com.au/blog/moringa-gut-health-digestion-evidence-2026,"index, follow",,YES,NO,0,redirect rule only,,Read-only verification; no redirect changed.
https://nutrithrive.com.au/blog/moringa-gut-health-digestion-evidence-2026,https://nutrithrive.com.au/blog/moringa-gut-health-digestion-evidence-2026.html,200,744,YES,2026-09-15T10:39:50+00:00,SUCCESS,,200,0,200:https://nutrithrive.com.au/blog/moringa-gut-health-digestion-evidence-2026,https://nutrithrive.com.au/blog/moringa-gut-health-digestion-evidence-2026,200,https://nutrithrive.com.au/blog/moringa-gut-health-digestion-evidence-2026,"index, follow",,YES,YES,12,tracked content file,,Read-only verification; no redirect changed.
https://nutrithrive.com.au/blog/moringa-smoothie-recipes-australia-2026.html,https://nutrithrive.com.au/blog/moringa-smoothie-recipes-australia-2026,301,746,YES,2026-09-15T10:39:50+00:00,SUCCESS,,301,1,301:https://nutrithrive.com.au/blog/moringa-smoothie-recipes-australia-2026.html -> 200:https://nutrithrive.com.au/blog/moringa-smoothie-recipes-australia-2026,https://nutrithrive.com.au/blog/moringa-smoothie-recipes-australia-2026,200,https://nutrithrive.com.au/blog/moringa-smoothie-recipes-australia-2026,"index, follow",,YES,NO,0,redirect rule only,,Read-only verification; no redirect changed.
https://nutrithrive.com.au/blog/moringa-smoothie-recipes-australia-2026,https://nutrithrive.com.au/blog/moringa-smoothie-recipes-australia-2026.html,200,747,YES,2026-09-15T10:39:50+00:00,SUCCESS,,200,0,200:https://nutrithrive.com.au/blog/moringa-smoothie-recipes-australia-2026,https://nutrithrive.com.au/blog/moringa-smoothie-recipes-australia-2026,200,https://nutrithrive.com.au/blog/moringa-smoothie-recipes-australia-2026,"index, follow",,YES,YES,22,tracked content file,,Read-only verification; no redirect changed.
https://nutrithrive.com.au/blog/moringa-thyroid-hashimotos-hypothyroidism-2026.html,https://nutrithrive.com.au/blog/moringa-thyroid-hashimotos-hypothyroidism-2026,301,748,YES,2026-09-15T10:39:50+00:00,SUCCESS,,301,1,301:https://nutrithrive.com.au/blog/moringa-thyroid-hashimotos-hypothyroidism-2026.html -> 200:https://nutrithrive.com.au/blog/moringa-thyroid-hashimotos-hypothyroidism-2026,https://nutrithrive.com.au/blog/moringa-thyroid-hashimotos-hypothyroidism-2026,200,https://nutrithrive.com.au/blog/moringa-thyroid-hashimotos-hypothyroidism-2026,"index, follow",,YES,NO,0,redirect rule only,,Read-only verification; no redirect changed.
https://nutrithrive.com.au/blog/moringa-thyroid-hashimotos-hypothyroidism-2026,https://nutrithrive.com.au/blog/moringa-thyroid-hashimotos-hypothyroidism-2026.html,200,749,YES,2026-09-15T10:39:50+00:00,SUCCESS,,200,0,200:https://nutrithrive.com.au/blog/moringa-thyroid-hashimotos-hypothyroidism-2026,https://nutrithrive.com.au/blog/moringa-thyroid-hashimotos-hypothyroidism-2026,200,https://nutrithrive.com.au/blog/moringa-thyroid-hashimotos-hypothyroidism-2026,"index, follow",,YES,YES,7,tracked content file,,Read-only verification; no redirect changed.
https://nutrithrive.com.au/blog/moringa-vs-ashwagandha-comparison-2026.html,https://nutrithrive.com.au/blog/moringa-vs-ashwagandha-comparison-2026,301,750,YES,2026-09-15T10:39:50+00:00,SUCCESS,,301,1,301:https://nutrithrive.com.au/blog/moringa-vs-ashwagandha-comparison-2026.html -> 200:https://nutrithrive.com.au/blog/moringa-vs-ashwagandha-comparison-2026,https://nutrithrive.com.au/blog/moringa-vs-ashwagandha-comparison-2026,200,https://nutrithrive.com.au/blog/moringa-vs-ashwagandha-comparison-2026,"index, follow",,YES,NO,0,redirect rule only,,Read-only verification; no redirect changed.
https://nutrithrive.com.au/blog/moringa-vs-ashwagandha-comparison-2026,https://nutrithrive.com.au/blog/moringa-vs-ashwagandha-comparison-2026.html,200,751,YES,2026-09-15T10:39:50+00:00,SUCCESS,,200,0,200:https://nutrithrive.com.au/blog/moringa-vs-ashwagandha-comparison-2026,https://nutrithrive.com.au/blog/moringa-vs-ashwagandha-comparison-2026,200,https://nutrithrive.com.au/blog/moringa-vs-ashwagandha-comparison-2026,"index, follow",,YES,YES,5,tracked content file,,Read-only verification; no redirect changed.
https://nutrithrive.com.au/blog/moringa-vs-whey-protein-comparison-2026.html,https://nutrithrive.com.au/blog/moringa-vs-whey-protein-comparison-2026,301,752,YES,2026-09-15T10:39:50+00:00,SUCCESS,,301,1,301:https://nutrithrive.com.au/blog/moringa-vs-whey-protein-comparison-2026.html -> 200:https://nutrithrive.com.au/blog/moringa-vs-whey-protein-comparison-2026,https://nutrithrive.com.au/blog/moringa-vs-whey-protein-comparison-2026,200,https://nutrithrive.com.au/blog/moringa-vs-whey-protein-comparison-2026,"index, follow",,YES,NO,0,redirect rule only,,Read-only verification; no redirect changed.
https://nutrithrive.com.au/blog/moringa-vs-whey-protein-comparison-2026,https://nutrithrive.com.au/blog/moringa-vs-whey-protein-comparison-2026.html,200,753,YES,2026-09-15T10:39:50+00:00,SUCCESS,,200,0,200:https://nutrithrive.com.au/blog/moringa-vs-whey-protein-comparison-2026,https://nutrithrive.com.au/blog/moringa-vs-whey-protein-comparison-2026,200,https://nutrithrive.com.au/blog/moringa-vs-whey-protein-comparison-2026,"index, follow",,YES,YES,9,tracked content file,,Read-only verification; no redirect changed.
https://nutrithrive.com.au/blog/best-moringa-powder-australia-2026-what-to-look-for-before-you-buy.html,https://nutrithrive.com.au/blog/moringa-brands-comparison-australia-2026,301,760,YES,2026-09-15T10:39:50+00:00,SUCCESS,,301,1,301:https://nutrithrive.com.au/blog/best-moringa-powder-australia-2026-what-to-look-for-before-you-buy.html -> 200:https://nutrithrive.com.au/blog/moringa-brands-comparison-australia-2026,https://nutrithrive.com.au/blog/moringa-brands-comparison-australia-2026,200,https://nutrithrive.com.au/blog/moringa-brands-comparison-australia-2026,"index, follow",,YES,NO,0,redirect rule only,,Read-only verification; no redirect changed.
https://nutrithrive.com.au/blog/best-moringa-powder-australia-2026-what-to-look-for-before-you-buy,https://nutrithrive.com.au/blog/moringa-brands-comparison-australia-2026,301,761,YES,2026-09-15T10:39:50+00:00,SUCCESS,,301,1,301:https://nutrithrive.com.au/blog/best-moringa-powder-australia-2026-what-to-look-for-before-you-buy -> 200:https://nutrithrive.com.au/blog/moringa-brands-comparison-australia-2026,https://nutrithrive.com.au/blog/moringa-brands-comparison-australia-2026,200,https://nutrithrive.com.au/blog/moringa-brands-comparison-australia-2026,"index, follow",,YES,NO,0,redirect rule only,,Read-only verification; no redirect changed.
https://nutrithrive.com.au/journal/best-moringa-powder-australia-2026-what-to-look-for-before-you-buy,https://nutrithrive.com.au/blog/moringa-brands-comparison-australia-2026,301,762,YES,2026-09-15T10:39:50+00:00,SUCCESS,,301,1,301:https://nutrithrive.com.au/journal/best-moringa-powder-australia-2026-what-to-look-for-before-you-buy -> 200:https://nutrithrive.com.au/blog/moringa-brands-comparison-australia-2026,https://nutrithrive.com.au/blog/moringa-brands-comparison-australia-2026,200,https://nutrithrive.com.au/blog/moringa-brands-comparison-australia-2026,"index, follow",,YES,NO,0,redirect rule only,,Read-only verification; no redirect changed.
https://nutrithrive.com.au/blog/natural-pre-workout-moringa-australia-2026.html,https://nutrithrive.com.au/blog/natural-pre-workout-moringa-australia-2026,301,764,YES,2026-09-15T10:39:50+00:00,SUCCESS,,301,1,301:https://nutrithrive.com.au/blog/natural-pre-workout-moringa-australia-2026.html -> 200:https://nutrithrive.com.au/blog/natural-pre-workout-moringa-australia-2026,https://nutrithrive.com.au/blog/natural-pre-workout-moringa-australia-2026,200,https://nutrithrive.com.au/blog/natural-pre-workout-moringa-australia-2026,"index, follow",,YES,NO,0,redirect rule only,,Read-only verification; no redirect changed.
https://nutrithrive.com.au/blog/natural-pre-workout-moringa-australia-2026,https://nutrithrive.com.au/blog/natural-pre-workout-moringa-australia-2026.html,200,765,YES,2026-09-15T10:39:50+00:00,SUCCESS,,200,0,200:https://nutrithrive.com.au/blog/natural-pre-workout-moringa-australia-2026,https://nutrithrive.com.au/blog/natural-pre-workout-moringa-australia-2026,200,https://nutrithrive.com.au/blog/natural-pre-workout-moringa-australia-2026,"index, follow",,YES,YES,5,tracked content file,,Read-only verification; no redirect changed.
https://nutrithrive.com.au/blog/melbourne-cbd-gyms-moringa-recovery-2026.html,https://nutrithrive.com.au/404.html,410,766,YES,2026-09-15T10:39:50+00:00,SUCCESS,,410,0,410:https://nutrithrive.com.au/blog/melbourne-cbd-gyms-moringa-recovery-2026.html,https://nutrithrive.com.au/blog/melbourne-cbd-gyms-moringa-recovery-2026.html,410,https://nutrithrive.com.au/404,"noindex, follow",,YES,NO,0,redirect rule only,,Read-only verification; no redirect changed.
https://nutrithrive.com.au/blog/melbourne-cbd-gyms-moringa-recovery-2026,https://nutrithrive.com.au/404.html,410,767,YES,2026-09-15T10:39:50+00:00,SUCCESS,,410,0,410:https://nutrithrive.com.au/blog/melbourne-cbd-gyms-moringa-recovery-2026,https://nutrithrive.com.au/blog/melbourne-cbd-gyms-moringa-recovery-2026,410,https://nutrithrive.com.au/404,"noindex, follow",,YES,NO,0,redirect rule only,,Read-only verification; no redirect changed.
https://nutrithrive.com.au/blog/australian-superfood-revolution-moringa-precision-nutrition-2026.html,https://nutrithrive.com.au/404.html,410,768,YES,2026-09-15T10:39:50+00:00,SUCCESS,,410,0,410:https://nutrithrive.com.au/blog/australian-superfood-revolution-moringa-precision-nutrition-2026.html,https://nutrithrive.com.au/blog/australian-superfood-revolution-moringa-precision-nutrition-2026.html,410,https://nutrithrive.com.au/404,"noindex, follow",,YES,NO,0,redirect rule only,,Read-only verification; no redirect changed.
https://nutrithrive.com.au/blog/australian-superfood-revolution-moringa-precision-nutrition-2026,https://nutrithrive.com.au/404.html,410,769,YES,2026-09-15T10:39:50+00:00,SUCCESS,,410,0,410:https://nutrithrive.com.au/blog/australian-superfood-revolution-moringa-precision-nutrition-2026,https://nutrithrive.com.au/blog/australian-superfood-revolution-moringa-precision-nutrition-2026,410,https://nutrithrive.com.au/404,"noindex, follow",,YES,NO,0,redirect rule only,,Read-only verification; no redirect changed.
https://nutrithrive.com.au/blog/is-moringa-banned-in-australia-safety-truth-2026.html,https://nutrithrive.com.au/404.html,410,770,YES,2026-09-15T10:39:50+00:00,SUCCESS,,410,0,410:https://nutrithrive.com.au/blog/is-moringa-banned-in-australia-safety-truth-2026.html,https://nutrithrive.com.au/blog/is-moringa-banned-in-australia-safety-truth-2026.html,410,https://nutrithrive.com.au/404,"noindex, follow",,YES,NO,0,redirect rule only,,Read-only verification; no redirect changed.
https://nutrithrive.com.au/blog/is-moringa-banned-in-australia-safety-truth-2026,https://nutrithrive.com.au/404.html,410,771,YES,2026-09-15T10:39:50+00:00,SUCCESS,,410,0,410:https://nutrithrive.com.au/blog/is-moringa-banned-in-australia-safety-truth-2026,https://nutrithrive.com.au/blog/is-moringa-banned-in-australia-safety-truth-2026,410,https://nutrithrive.com.au/404,"noindex, follow",,YES,NO,0,redirect rule only,,Read-only verification; no redirect changed.
https://nutrithrive.com.au/blog/moringa-adaptogen-stress-relief-cortisol-balance.html,https://nutrithrive.com.au/blog/moringa-calm-mind-stress-brain-fog-cortisol-science-2026,301,772,YES,2026-09-15T10:39:50+00:00,SUCCESS,,301,1,301:https://nutrithrive.com.au/blog/moringa-adaptogen-stress-relief-cortisol-balance.html -> 200:https://nutrithrive.com.au/blog/moringa-calm-mind-stress-brain-fog-cortisol-science-2026,https://nutrithrive.com.au/blog/moringa-calm-mind-stress-brain-fog-cortisol-science-2026,200,https://nutrithrive.com.au/blog/moringa-calm-mind-stress-brain-fog-cortisol-science-2026,"index, follow",,YES,NO,0,redirect rule only,,Read-only verification; no redirect changed.
https://nutrithrive.com.au/blog/moringa-adaptogen-stress-relief-cortisol-balance,https://nutrithrive.com.au/blog/moringa-calm-mind-stress-brain-fog-cortisol-science-2026,301,773,YES,2026-09-15T10:39:50+00:00,SUCCESS,,301,1,301:https://nutrithrive.com.au/blog/moringa-adaptogen-stress-relief-cortisol-balance -> 200:https://nutrithrive.com.au/blog/moringa-calm-mind-stress-brain-fog-cortisol-science-2026,https://nutrithrive.com.au/blog/moringa-calm-mind-stress-brain-fog-cortisol-science-2026,200,https://nutrithrive.com.au/blog/moringa-calm-mind-stress-brain-fog-cortisol-science-2026,"index, follow",,YES,NO,0,redirect rule only,,Read-only verification; no redirect changed.
https://nutrithrive.com.au/blog/cortisol-belly-fat-couldnt-lose-stomach-melbourne-2026.html,https://nutrithrive.com.au/blog/moringa-calm-mind-stress-brain-fog-cortisol-science-2026,301,774,YES,2026-09-15T10:39:50+00:00,SUCCESS,,301,1,301:https://nutrithrive.com.au/blog/cortisol-belly-fat-couldnt-lose-stomach-melbourne-2026.html -> 200:https://nutrithrive.com.au/blog/moringa-calm-mind-stress-brain-fog-cortisol-science-2026,https://nutrithrive.com.au/blog/moringa-calm-mind-stress-brain-fog-cortisol-science-2026,200,https://nutrithrive.com.au/blog/moringa-calm-mind-stress-brain-fog-cortisol-science-2026,"index, follow",,YES,NO,0,redirect rule only,,Read-only verification; no redirect changed.
https://nutrithrive.com.au/blog/cortisol-belly-fat-couldnt-lose-stomach-melbourne-2026,https://nutrithrive.com.au/blog/moringa-calm-mind-stress-brain-fog-cortisol-science-2026,301,775,YES,2026-09-15T10:39:50+00:00,SUCCESS,,301,1,301:https://nutrithrive.com.au/blog/cortisol-belly-fat-couldnt-lose-stomach-melbourne-2026 -> 200:https://nutrithrive.com.au/blog/moringa-calm-mind-stress-brain-fog-cortisol-science-2026,https://nutrithrive.com.au/blog/moringa-calm-mind-stress-brain-fog-cortisol-science-2026,200,https://nutrithrive.com.au/blog/moringa-calm-mind-stress-brain-fog-cortisol-science-2026,"index, follow",,YES,NO,0,redirect rule only,,Read-only verification; no redirect changed.
https://nutrithrive.com.au/blog/stress-weight-gain-cortisol-mechanism-what-to-do-2026.html,https://nutrithrive.com.au/blog/moringa-calm-mind-stress-brain-fog-cortisol-science-2026,301,776,YES,2026-09-15T10:39:50+00:00,SUCCESS,,301,1,301:https://nutrithrive.com.au/blog/stress-weight-gain-cortisol-mechanism-what-to-do-2026.html -> 200:https://nutrithrive.com.au/blog/moringa-calm-mind-stress-brain-fog-cortisol-science-2026,https://nutrithrive.com.au/blog/moringa-calm-mind-stress-brain-fog-cortisol-science-2026,200,https://nutrithrive.com.au/blog/moringa-calm-mind-stress-brain-fog-cortisol-science-2026,"index, follow",,YES,NO,0,redirect rule only,,Read-only verification; no redirect changed.
https://nutrithrive.com.au/blog/stress-weight-gain-cortisol-mechanism-what-to-do-2026,https://nutrithrive.com.au/blog/moringa-calm-mind-stress-brain-fog-cortisol-science-2026,301,777,YES,2026-09-15T10:39:50+00:00,SUCCESS,,301,1,301:https://nutrithrive.com.au/blog/stress-weight-gain-cortisol-mechanism-what-to-do-2026 -> 200:https://nutrithrive.com.au/blog/moringa-calm-mind-stress-brain-fog-cortisol-science-2026,https://nutrithrive.com.au/blog/moringa-calm-mind-stress-brain-fog-cortisol-science-2026,200,https://nutrithrive.com.au/blog/moringa-calm-mind-stress-brain-fog-cortisol-science-2026,"index, follow",,YES,NO,0,tracked content file,,Read-only verification; no redirect changed.
https://nutrithrive.com.au/blog/moringa-quality-test-shade-dried-vs-retail-australia-2026.html,https://nutrithrive.com.au/blog/verify-moringa-quality-premium-buyers-checklist-2026,301,778,YES,2026-09-15T10:39:50+00:00,SUCCESS,,301,1,301:https://nutrithrive.com.au/blog/moringa-quality-test-shade-dried-vs-retail-australia-2026.html -> 200:https://nutrithrive.com.au/blog/verify-moringa-quality-premium-buyers-checklist-2026,https://nutrithrive.com.au/blog/verify-moringa-quality-premium-buyers-checklist-2026,200,https://nutrithrive.com.au/blog/verify-moringa-quality-premium-buyers-checklist-2026,"index, follow",,YES,NO,0,redirect rule only,,Read-only verification; no redirect changed.
https://nutrithrive.com.au/blog/moringa-quality-test-shade-dried-vs-retail-australia-2026,https://nutrithrive.com.au/blog/verify-moringa-quality-premium-buyers-checklist-2026,301,779,YES,2026-09-15T10:39:50+00:00,SUCCESS,,301,1,301:https://nutrithrive.com.au/blog/moringa-quality-test-shade-dried-vs-retail-australia-2026 -> 200:https://nutrithrive.com.au/blog/verify-moringa-quality-premium-buyers-checklist-2026,https://nutrithrive.com.au/blog/verify-moringa-quality-premium-buyers-checklist-2026,200,https://nutrithrive.com.au/blog/verify-moringa-quality-premium-buyers-checklist-2026,"index, follow",,YES,NO,0,redirect rule only,,Read-only verification; no redirect changed.
https://nutrithrive.com.au/blog/moringa-powder-complete-buyers-guide-australia-2026.html,https://nutrithrive.com.au/products/moringa-powder,301,780,YES,2026-09-15T10:39:50+00:00,SUCCESS,,301,1,301:https://nutrithrive.com.au/blog/moringa-powder-complete-buyers-guide-australia-2026.html -> 200:https://nutrithrive.com.au/products/moringa-powder,https://nutrithrive.com.au/products/moringa-powder,200,https://nutrithrive.com.au/products/moringa-powder,"index, follow",,YES,NO,0,redirect rule only,,Read-only verification; no redirect changed.
https://nutrithrive.com.au/blog/moringa-powder-complete-buyers-guide-australia-2026,https://nutrithrive.com.au/products/moringa-powder,301,781,YES,2026-09-15T10:39:50+00:00,SUCCESS,,301,1,301:https://nutrithrive.com.au/blog/moringa-powder-complete-buyers-guide-australia-2026 -> 200:https://nutrithrive.com.au/products/moringa-powder,https://nutrithrive.com.au/products/moringa-powder,200,https://nutrithrive.com.au/products/moringa-powder,"index, follow",,YES,NO,0,redirect rule only,,Read-only verification; no redirect changed.
https://nutrithrive.com.au/blog/is-moringa-banned-australia-what-fsanz-says-2026.html,https://nutrithrive.com.au/404.html,410,785,YES,2026-09-15T10:39:50+00:00,SUCCESS,,410,0,410:https://nutrithrive.com.au/blog/is-moringa-banned-australia-what-fsanz-says-2026.html,https://nutrithrive.com.au/blog/is-moringa-banned-australia-what-fsanz-says-2026.html,410,https://nutrithrive.com.au/404,"noindex, follow",,YES,NO,0,redirect rule only,,Read-only verification; no redirect changed.
https://nutrithrive.com.au/blog/is-moringa-banned-australia-what-fsanz-says-2026,https://nutrithrive.com.au/404.html,410,786,YES,2026-09-15T10:39:50+00:00,SUCCESS,,410,0,410:https://nutrithrive.com.au/blog/is-moringa-banned-australia-what-fsanz-says-2026,https://nutrithrive.com.au/blog/is-moringa-banned-australia-what-fsanz-says-2026,410,https://nutrithrive.com.au/404,"noindex, follow",,YES,NO,0,redirect rule only,,Read-only verification; no redirect changed.
https://nutrithrive.com.au/blog/vitamin-d-deficiency-australia-abs-sunny-country-2026.html,https://nutrithrive.com.au/blog/vitamin-d-deficiency-australia-abs-sunny-country-2026,301,788,YES,2026-09-15T10:39:50+00:00,SUCCESS,,301,1,301:https://nutrithrive.com.au/blog/vitamin-d-deficiency-australia-abs-sunny-country-2026.html -> 200:https://nutrithrive.com.au/blog/vitamin-d-deficiency-australia-abs-sunny-country-2026,https://nutrithrive.com.au/blog/vitamin-d-deficiency-australia-abs-sunny-country-2026,200,https://nutrithrive.com.au/blog/vitamin-d-deficiency-australia-abs-sunny-country-2026,"index, follow",,YES,NO,0,redirect rule only,,Read-only verification; no redirect changed.
https://nutrithrive.com.au/blog/vitamin-d-deficiency-australia-abs-sunny-country-2026,https://nutrithrive.com.au/blog/vitamin-d-deficiency-australia-abs-sunny-country-2026.html,200,789,YES,2026-09-15T10:39:50+00:00,SUCCESS,,200,0,200:https://nutrithrive.com.au/blog/vitamin-d-deficiency-australia-abs-sunny-country-2026,https://nutrithrive.com.au/blog/vitamin-d-deficiency-australia-abs-sunny-country-2026,200,https://nutrithrive.com.au/blog/vitamin-d-deficiency-australia-abs-sunny-country-2026,"index, follow",,YES,YES,14,tracked content file,,Read-only verification; no redirect changed.
https://nutrithrive.com.au/blog/how-much-caffeine-safe-per-day-australia-fsanz-2026.html,https://nutrithrive.com.au/blog/how-much-caffeine-safe-per-day-australia-fsanz-2026,301,791,YES,2026-09-15T10:39:50+00:00,SUCCESS,,301,1,301:https://nutrithrive.com.au/blog/how-much-caffeine-safe-per-day-australia-fsanz-2026.html -> 200:https://nutrithrive.com.au/blog/how-much-caffeine-safe-per-day-australia-fsanz-2026,https://nutrithrive.com.au/blog/how-much-caffeine-safe-per-day-australia-fsanz-2026,200,https://nutrithrive.com.au/blog/how-much-caffeine-safe-per-day-australia-fsanz-2026,"index, follow",,YES,NO,0,redirect rule only,,Read-only verification; no redirect changed.
https://nutrithrive.com.au/blog/how-much-caffeine-safe-per-day-australia-fsanz-2026,https://nutrithrive.com.au/blog/how-much-caffeine-safe-per-day-australia-fsanz-2026.html,200,792,YES,2026-09-15T10:39:50+00:00,SUCCESS,,200,0,200:https://nutrithrive.com.au/blog/how-much-caffeine-safe-per-day-australia-fsanz-2026,https://nutrithrive.com.au/blog/how-much-caffeine-safe-per-day-australia-fsanz-2026,200,https://nutrithrive.com.au/blog/how-much-caffeine-safe-per-day-australia-fsanz-2026,"index, follow",,YES,YES,8,tracked content file,,Read-only verification; no redirect changed.
https://nutrithrive.com.au/blog/iron-deficiency-australian-women-abs-real-numbers-2026.html,https://nutrithrive.com.au/blog/iron-deficiency-australian-women-symptoms-plant-based-sources-2026,301,794,YES,2026-09-15T10:39:50+00:00,SUCCESS,,301,1,301:https://nutrithrive.com.au/blog/iron-deficiency-australian-women-abs-real-numbers-2026.html -> 200:https://nutrithrive.com.au/blog/iron-deficiency-australian-women-symptoms-plant-based-sources-2026,https://nutrithrive.com.au/blog/iron-deficiency-australian-women-symptoms-plant-based-sources-2026,200,https://nutrithrive.com.au/blog/iron-deficiency-australian-women-symptoms-plant-based-sources-2026,"index, follow",,YES,NO,0,redirect rule only,,Read-only verification; no redirect changed.
https://nutrithrive.com.au/blog/iron-deficiency-australian-women-abs-real-numbers-2026,https://nutrithrive.com.au/blog/iron-deficiency-australian-women-symptoms-plant-based-sources-2026,301,795,YES,2026-09-15T10:39:50+00:00,SUCCESS,,301,1,301:https://nutrithrive.com.au/blog/iron-deficiency-australian-women-abs-real-numbers-2026 -> 200:https://nutrithrive.com.au/blog/iron-deficiency-australian-women-symptoms-plant-based-sources-2026,https://nutrithrive.com.au/blog/iron-deficiency-australian-women-symptoms-plant-based-sources-2026,200,https://nutrithrive.com.au/blog/iron-deficiency-australian-women-symptoms-plant-based-sources-2026,"index, follow",,YES,NO,0,tracked content file,,Read-only verification; no redirect changed.
https://nutrithrive.com.au/blog/what-does-aust-l-mean-supplement-label-australia-2026.html,https://nutrithrive.com.au/blog/what-does-aust-l-mean-supplement-label-australia-2026,301,797,YES,2026-09-15T10:39:50+00:00,SUCCESS,,301,1,301:https://nutrithrive.com.au/blog/what-does-aust-l-mean-supplement-label-australia-2026.html -> 200:https://nutrithrive.com.au/blog/what-does-aust-l-mean-supplement-label-australia-2026,https://nutrithrive.com.au/blog/what-does-aust-l-mean-supplement-label-australia-2026,200,https://nutrithrive.com.au/blog/what-does-aust-l-mean-supplement-label-australia-2026,"index, follow",,YES,NO,0,redirect rule only,,Read-only verification; no redirect changed.
https://nutrithrive.com.au/blog/what-does-aust-l-mean-supplement-label-australia-2026,https://nutrithrive.com.au/blog/what-does-aust-l-mean-supplement-label-australia-2026.html,200,798,YES,2026-09-15T10:39:50+00:00,SUCCESS,,200,0,200:https://nutrithrive.com.au/blog/what-does-aust-l-mean-supplement-label-australia-2026,https://nutrithrive.com.au/blog/what-does-aust-l-mean-supplement-label-australia-2026,200,https://nutrithrive.com.au/blog/what-does-aust-l-mean-supplement-label-australia-2026,"index, follow",,YES,YES,7,tracked content file,,Read-only verification; no redirect changed.
https://nutrithrive.com.au/blog/caffeine-cutoff-time-sleep-black-tea-2026.html,https://nutrithrive.com.au/blog/how-much-caffeine-in-darjeeling-tea-vs-coffee-green-tea-2026,301,812,YES,2026-09-15T10:39:50+00:00,SUCCESS,,301,1,301:https://nutrithrive.com.au/blog/caffeine-cutoff-time-sleep-black-tea-2026.html -> 200:https://nutrithrive.com.au/blog/how-much-caffeine-in-darjeeling-tea-vs-coffee-green-tea-2026,https://nutrithrive.com.au/blog/how-much-caffeine-in-darjeeling-tea-vs-coffee-green-tea-2026,200,https://nutrithrive.com.au/blog/how-much-caffeine-in-darjeeling-tea-vs-coffee-green-tea-2026,"index, follow",,YES,NO,0,redirect rule only,,Read-only verification; no redirect changed.
https://nutrithrive.com.au/blog/caffeine-cutoff-time-sleep-black-tea-2026,https://nutrithrive.com.au/blog/how-much-caffeine-in-darjeeling-tea-vs-coffee-green-tea-2026,301,813,YES,2026-09-15T10:39:50+00:00,SUCCESS,,301,1,301:https://nutrithrive.com.au/blog/caffeine-cutoff-time-sleep-black-tea-2026 -> 200:https://nutrithrive.com.au/blog/how-much-caffeine-in-darjeeling-tea-vs-coffee-green-tea-2026,https://nutrithrive.com.au/blog/how-much-caffeine-in-darjeeling-tea-vs-coffee-green-tea-2026,200,https://nutrithrive.com.au/blog/how-much-caffeine-in-darjeeling-tea-vs-coffee-green-tea-2026,"index, follow",,YES,NO,0,redirect rule only,,Read-only verification; no redirect changed.
https://nutrithrive.com.au/journal/caffeine-cutoff-time-sleep-black-tea-2026,https://nutrithrive.com.au/blog/how-much-caffeine-in-darjeeling-tea-vs-coffee-green-tea-2026,301,814,YES,2026-09-15T10:39:50+00:00,SUCCESS,,301,1,301:https://nutrithrive.com.au/journal/caffeine-cutoff-time-sleep-black-tea-2026 -> 200:https://nutrithrive.com.au/blog/how-much-caffeine-in-darjeeling-tea-vs-coffee-green-tea-2026,https://nutrithrive.com.au/blog/how-much-caffeine-in-darjeeling-tea-vs-coffee-green-tea-2026,200,https://nutrithrive.com.au/blog/how-much-caffeine-in-darjeeling-tea-vs-coffee-green-tea-2026,"index, follow",,YES,NO,0,redirect rule only,,Read-only verification; no redirect changed.
https://nutrithrive.com.au/journal/caffeine-cutoff-time-sleep-black-tea-2026.html,https://nutrithrive.com.au/blog/how-much-caffeine-in-darjeeling-tea-vs-coffee-green-tea-2026,301,816,YES,2026-09-15T10:39:50+00:00,SUCCESS,,301,1,301:https://nutrithrive.com.au/journal/caffeine-cutoff-time-sleep-black-tea-2026.html -> 200:https://nutrithrive.com.au/blog/how-much-caffeine-in-darjeeling-tea-vs-coffee-green-tea-2026,https://nutrithrive.com.au/blog/how-much-caffeine-in-darjeeling-tea-vs-coffee-green-tea-2026,200,https://nutrithrive.com.au/blog/how-much-caffeine-in-darjeeling-tea-vs-coffee-green-tea-2026,"index, follow",,YES,NO,0,redirect rule only,,Read-only verification; no redirect changed.
https://nutrithrive.com.au/blog/curry-leaves-recipes-beyond-dal.html,https://nutrithrive.com.au/blog/curry-leaves-recipes-beyond-dal,301,817,YES,2026-09-15T10:39:50+00:00,SUCCESS,,301,1,301:https://nutrithrive.com.au/blog/curry-leaves-recipes-beyond-dal.html -> 200:https://nutrithrive.com.au/blog/curry-leaves-recipes-beyond-dal,https://nutrithrive.com.au/blog/curry-leaves-recipes-beyond-dal,200,https://nutrithrive.com.au/blog/curry-leaves-recipes-beyond-dal,"index, follow",,YES,NO,0,redirect rule only,,Read-only verification; no redirect changed.
https://nutrithrive.com.au/blog/curry-leaves-recipes-beyond-dal,https://nutrithrive.com.au/blog/curry-leaves-recipes-beyond-dal.html,200,818,YES,2026-09-15T10:39:50+00:00,SUCCESS,,200,0,200:https://nutrithrive.com.au/blog/curry-leaves-recipes-beyond-dal,https://nutrithrive.com.au/blog/curry-leaves-recipes-beyond-dal,200,https://nutrithrive.com.au/blog/curry-leaves-recipes-beyond-dal,"index, follow",,YES,YES,8,tracked content file,,Read-only verification; no redirect changed.
https://nutrithrive.com.au/blog/diwali-gift-guide-curry-leaves-tea-australia.html,https://nutrithrive.com.au/blog/diwali-gift-guide-curry-leaves-tea-australia,301,819,YES,2026-09-15T10:39:50+00:00,SUCCESS,,301,1,301:https://nutrithrive.com.au/blog/diwali-gift-guide-curry-leaves-tea-australia.html -> 200:https://nutrithrive.com.au/blog/diwali-gift-guide-curry-leaves-tea-australia,https://nutrithrive.com.au/blog/diwali-gift-guide-curry-leaves-tea-australia,200,https://nutrithrive.com.au/blog/diwali-gift-guide-curry-leaves-tea-australia,"index, follow",,YES,NO,0,redirect rule only,,Read-only verification; no redirect changed.
https://nutrithrive.com.au/blog/diwali-gift-guide-curry-leaves-tea-australia,https://nutrithrive.com.au/blog/diwali-gift-guide-curry-leaves-tea-australia.html,200,820,YES,2026-09-15T10:39:50+00:00,SUCCESS,,200,0,200:https://nutrithrive.com.au/blog/diwali-gift-guide-curry-leaves-tea-australia,https://nutrithrive.com.au/blog/diwali-gift-guide-curry-leaves-tea-australia,200,https://nutrithrive.com.au/blog/diwali-gift-guide-curry-leaves-tea-australia,"index, follow",,YES,YES,5,tracked content file,,Read-only verification; no redirect changed.
https://nutrithrive.com.au/blog/how-to-read-a-soap-ingredient-label.html,https://nutrithrive.com.au/blog/how-to-read-a-soap-ingredient-label,301,821,YES,2026-09-15T10:39:50+00:00,SUCCESS,,301,1,301:https://nutrithrive.com.au/blog/how-to-read-a-soap-ingredient-label.html -> 200:https://nutrithrive.com.au/blog/how-to-read-a-soap-ingredient-label,https://nutrithrive.com.au/blog/how-to-read-a-soap-ingredient-label,200,https://nutrithrive.com.au/blog/how-to-read-a-soap-ingredient-label,"index, follow",,YES,NO,0,redirect rule only,,Read-only verification; no redirect changed.
https://nutrithrive.com.au/blog/how-to-read-a-soap-ingredient-label,https://nutrithrive.com.au/blog/how-to-read-a-soap-ingredient-label.html,200,822,YES,2026-09-15T10:39:50+00:00,SUCCESS,,200,0,200:https://nutrithrive.com.au/blog/how-to-read-a-soap-ingredient-label,https://nutrithrive.com.au/blog/how-to-read-a-soap-ingredient-label,200,https://nutrithrive.com.au/blog/how-to-read-a-soap-ingredient-label,"index, follow",,YES,YES,10,tracked content file,,Read-only verification; no redirect changed.
https://nutrithrive.com.au/blog/how-to-choose-good-face-wash-skin-type-australia-2026.html,https://nutrithrive.com.au/blog/moringa-soap-vs-regular-soap-comparison-2026,301,823,YES,2026-09-15T10:39:50+00:00,SUCCESS,,301,1,301:https://nutrithrive.com.au/blog/how-to-choose-good-face-wash-skin-type-australia-2026.html -> 200:https://nutrithrive.com.au/blog/moringa-soap-vs-regular-soap-comparison-2026,https://nutrithrive.com.au/blog/moringa-soap-vs-regular-soap-comparison-2026,200,https://nutrithrive.com.au/blog/moringa-soap-vs-regular-soap-comparison-2026,"index, follow",,YES,NO,0,redirect rule only,,Read-only verification; no redirect changed.
https://nutrithrive.com.au/blog/how-to-choose-good-face-wash-skin-type-australia-2026,https://nutrithrive.com.au/blog/moringa-soap-vs-regular-soap-comparison-2026,301,824,YES,2026-09-15T10:39:50+00:00,SUCCESS,,301,1,301:https://nutrithrive.com.au/blog/how-to-choose-good-face-wash-skin-type-australia-2026 -> 200:https://nutrithrive.com.au/blog/moringa-soap-vs-regular-soap-comparison-2026,https://nutrithrive.com.au/blog/moringa-soap-vs-regular-soap-comparison-2026,200,https://nutrithrive.com.au/blog/moringa-soap-vs-regular-soap-comparison-2026,"index, follow",,YES,NO,0,redirect rule only,,Read-only verification; no redirect changed.
https://nutrithrive.com.au/blog/fathers-day-gift-under-40.html,https://nutrithrive.com.au/products/gift-pack,301,826,YES,2026-09-15T10:39:50+00:00,SUCCESS,,301,1,301:https://nutrithrive.com.au/blog/fathers-day-gift-under-40.html -> 200:https://nutrithrive.com.au/products/gift-pack,https://nutrithrive.com.au/products/gift-pack,200,https://nutrithrive.com.au/products/gift-pack,"index, follow",,YES,NO,0,redirect rule only,,Read-only verification; no redirect changed.
https://nutrithrive.com.au/blog/fathers-day-gift-under-40,https://nutrithrive.com.au/products/gift-pack,301,827,YES,2026-09-15T10:39:50+00:00,SUCCESS,,301,1,301:https://nutrithrive.com.au/blog/fathers-day-gift-under-40 -> 200:https://nutrithrive.com.au/products/gift-pack,https://nutrithrive.com.au/products/gift-pack,200,https://nutrithrive.com.au/products/gift-pack,"index, follow",,YES,NO,0,tracked content file,,Read-only verification; no redirect changed.
https://nutrithrive.com.au/blog/afl-finals-snacks-curry-leaf-tadka.html,https://nutrithrive.com.au/blog/afl-finals-snacks-curry-leaf-tadka,301,828,YES,2026-09-15T10:39:50+00:00,SUCCESS,,301,1,301:https://nutrithrive.com.au/blog/afl-finals-snacks-curry-leaf-tadka.html -> 200:https://nutrithrive.com.au/blog/afl-finals-snacks-curry-leaf-tadka,https://nutrithrive.com.au/blog/afl-finals-snacks-curry-leaf-tadka,200,https://nutrithrive.com.au/blog/afl-finals-snacks-curry-leaf-tadka,"index, follow",,YES,NO,0,redirect rule only,,Read-only verification; no redirect changed.
https://nutrithrive.com.au/blog/afl-finals-snacks-curry-leaf-tadka,https://nutrithrive.com.au/blog/afl-finals-snacks-curry-leaf-tadka.html,200,829,YES,2026-09-15T10:39:50+00:00,SUCCESS,,200,0,200:https://nutrithrive.com.au/blog/afl-finals-snacks-curry-leaf-tadka,https://nutrithrive.com.au/blog/afl-finals-snacks-curry-leaf-tadka,200,https://nutrithrive.com.au/blog/afl-finals-snacks-curry-leaf-tadka,"index, follow",,YES,YES,4,tracked content file,,Read-only verification; no redirect changed.
https://nutrithrive.com.au/blog/chemist-warehouse-greens-vs-moringa-powder-2026.html,https://nutrithrive.com.au/blog/chemist-warehouse-greens-vs-moringa-powder-2026,301,830,YES,2026-09-15T10:39:50+00:00,SUCCESS,,301,1,301:https://nutrithrive.com.au/blog/chemist-warehouse-greens-vs-moringa-powder-2026.html -> 200:https://nutrithrive.com.au/blog/chemist-warehouse-greens-vs-moringa-powder-2026,https://nutrithrive.com.au/blog/chemist-warehouse-greens-vs-moringa-powder-2026,200,https://nutrithrive.com.au/blog/chemist-warehouse-greens-vs-moringa-powder-2026,"index, follow",,YES,NO,0,redirect rule only,,Read-only verification; no redirect changed.
https://nutrithrive.com.au/blog/chemist-warehouse-greens-vs-moringa-powder-2026,https://nutrithrive.com.au/blog/chemist-warehouse-greens-vs-moringa-powder-2026.html,200,831,YES,2026-09-15T10:39:50+00:00,SUCCESS,,200,0,200:https://nutrithrive.com.au/blog/chemist-warehouse-greens-vs-moringa-powder-2026,https://nutrithrive.com.au/blog/chemist-warehouse-greens-vs-moringa-powder-2026,200,https://nutrithrive.com.au/blog/chemist-warehouse-greens-vs-moringa-powder-2026,"index, follow",,YES,YES,12,tracked content file,,Read-only verification; no redirect changed.
https://nutrithrive.com.au/blog/cold-brew-darjeeling-australian-spring-2026.html,https://nutrithrive.com.au/blog/cold-brew-darjeeling-australian-spring-2026,301,832,YES,2026-09-15T10:39:50+00:00,SUCCESS,,301,1,301:https://nutrithrive.com.au/blog/cold-brew-darjeeling-australian-spring-2026.html -> 200:https://nutrithrive.com.au/blog/cold-brew-darjeeling-australian-spring-2026,https://nutrithrive.com.au/blog/cold-brew-darjeeling-australian-spring-2026,200,https://nutrithrive.com.au/blog/cold-brew-darjeeling-australian-spring-2026,"index, follow",,YES,NO,0,redirect rule only,,Read-only verification; no redirect changed.
https://nutrithrive.com.au/blog/cold-brew-darjeeling-australian-spring-2026,https://nutrithrive.com.au/blog/cold-brew-darjeeling-australian-spring-2026.html,200,833,YES,2026-09-15T10:39:50+00:00,SUCCESS,,200,0,200:https://nutrithrive.com.au/blog/cold-brew-darjeeling-australian-spring-2026,https://nutrithrive.com.au/blog/cold-brew-darjeeling-australian-spring-2026,200,https://nutrithrive.com.au/blog/cold-brew-darjeeling-australian-spring-2026,"index, follow",,YES,YES,14,tracked content file,,Read-only verification; no redirect changed.
https://nutrithrive.com.au/blog/dried-curry-leaves-australia-guide.html,https://nutrithrive.com.au/blog/dried-curry-leaves-australia-guide,301,836,YES,2026-09-15T10:39:50+00:00,SUCCESS,,301,1,301:https://nutrithrive.com.au/blog/dried-curry-leaves-australia-guide.html -> 200:https://nutrithrive.com.au/blog/dried-curry-leaves-australia-guide,https://nutrithrive.com.au/blog/dried-curry-leaves-australia-guide,200,https://nutrithrive.com.au/blog/dried-curry-leaves-australia-guide,"index, follow",,YES,NO,0,redirect rule only,,Read-only verification; no redirect changed.
https://nutrithrive.com.au/blog/dried-curry-leaves-australia-guide,https://nutrithrive.com.au/blog/dried-curry-leaves-australia-guide.html,200,837,YES,2026-09-15T10:39:50+00:00,SUCCESS,,200,0,200:https://nutrithrive.com.au/blog/dried-curry-leaves-australia-guide,https://nutrithrive.com.au/blog/dried-curry-leaves-australia-guide,200,https://nutrithrive.com.au/blog/dried-curry-leaves-australia-guide,"index, follow",,YES,YES,22,tracked content file,,Read-only verification; no redirect changed.
https://nutrithrive.com.au/blog/darjeeling-black-tea-australia-guide.html,https://nutrithrive.com.au/blog/darjeeling-black-tea-australia-guide,301,838,YES,2026-09-15T10:39:50+00:00,SUCCESS,,301,1,301:https://nutrithrive.com.au/blog/darjeeling-black-tea-australia-guide.html -> 200:https://nutrithrive.com.au/blog/darjeeling-black-tea-australia-guide,https://nutrithrive.com.au/blog/darjeeling-black-tea-australia-guide,200,https://nutrithrive.com.au/blog/darjeeling-black-tea-australia-guide,"index, follow",,YES,NO,0,redirect rule only,,Read-only verification; no redirect changed.
https://nutrithrive.com.au/blog/darjeeling-black-tea-australia-guide,https://nutrithrive.com.au/blog/darjeeling-black-tea-australia-guide.html,200,839,YES,2026-09-15T10:39:50+00:00,SUCCESS,,200,0,200:https://nutrithrive.com.au/blog/darjeeling-black-tea-australia-guide,https://nutrithrive.com.au/blog/darjeeling-black-tea-australia-guide,200,https://nutrithrive.com.au/blog/darjeeling-black-tea-australia-guide,"index, follow",,YES,YES,3,tracked content file,,Read-only verification; no redirect changed.
https://nutrithrive.com.au/blog/moringa-soap-benefits-skin-guide.html,https://nutrithrive.com.au/blog/moringa-soap-benefits-skin-guide,301,840,YES,2026-09-15T10:39:50+00:00,SUCCESS,,301,1,301:https://nutrithrive.com.au/blog/moringa-soap-benefits-skin-guide.html -> 200:https://nutrithrive.com.au/blog/moringa-soap-benefits-skin-guide,https://nutrithrive.com.au/blog/moringa-soap-benefits-skin-guide,200,https://nutrithrive.com.au/blog/moringa-soap-benefits-skin-guide,"index, follow",,YES,NO,0,redirect rule only,,Read-only verification; no redirect changed.
https://nutrithrive.com.au/blog/moringa-soap-benefits-skin-guide,https://nutrithrive.com.au/blog/moringa-soap-benefits-skin-guide.html,200,841,YES,2026-09-15T10:39:50+00:00,SUCCESS,,200,0,200:https://nutrithrive.com.au/blog/moringa-soap-benefits-skin-guide,https://nutrithrive.com.au/blog/moringa-soap-benefits-skin-guide,200,https://nutrithrive.com.au/blog/moringa-soap-benefits-skin-guide,"index, follow",,YES,YES,17,tracked content file,,Read-only verification; no redirect changed.
https://nutrithrive.com.au/blog/moringa-face-mask-australia-glow-ritual.html,https://nutrithrive.com.au/blog/moringa-face-mask-australia-glow-ritual,301,842,YES,2026-09-15T10:39:50+00:00,SUCCESS,,301,1,301:https://nutrithrive.com.au/blog/moringa-face-mask-australia-glow-ritual.html -> 200:https://nutrithrive.com.au/blog/moringa-face-mask-australia-glow-ritual,https://nutrithrive.com.au/blog/moringa-face-mask-australia-glow-ritual,200,https://nutrithrive.com.au/blog/moringa-face-mask-australia-glow-ritual,"index, follow",,YES,NO,0,redirect rule only,,Read-only verification; no redirect changed.
https://nutrithrive.com.au/blog/moringa-face-mask-australia-glow-ritual,https://nutrithrive.com.au/blog/moringa-face-mask-australia-glow-ritual.html,200,843,YES,2026-09-15T10:39:50+00:00,SUCCESS,,200,0,200:https://nutrithrive.com.au/blog/moringa-face-mask-australia-glow-ritual,https://nutrithrive.com.au/blog/moringa-face-mask-australia-glow-ritual,200,https://nutrithrive.com.au/blog/moringa-face-mask-australia-glow-ritual,"index, follow",,YES,YES,4,tracked content file,,Read-only verification; no redirect changed.
https://nutrithrive.com.au/blog/quick-healthy-meal-ideas-15-minutes-australia.html,https://nutrithrive.com.au/blog/quick-healthy-meal-ideas-15-minutes-australia,301,844,YES,2026-09-15T10:39:50+00:00,SUCCESS,,301,1,301:https://nutrithrive.com.au/blog/quick-healthy-meal-ideas-15-minutes-australia.html -> 200:https://nutrithrive.com.au/blog/quick-healthy-meal-ideas-15-minutes-australia,https://nutrithrive.com.au/blog/quick-healthy-meal-ideas-15-minutes-australia,200,https://nutrithrive.com.au/blog/quick-healthy-meal-ideas-15-minutes-australia,"index, follow",,YES,NO,0,redirect rule only,,Read-only verification; no redirect changed.
https://nutrithrive.com.au/blog/quick-healthy-meal-ideas-15-minutes-australia,https://nutrithrive.com.au/blog/quick-healthy-meal-ideas-15-minutes-australia.html,200,845,YES,2026-09-15T10:39:50+00:00,SUCCESS,,200,0,200:https://nutrithrive.com.au/blog/quick-healthy-meal-ideas-15-minutes-australia,https://nutrithrive.com.au/blog/quick-healthy-meal-ideas-15-minutes-australia,200,https://nutrithrive.com.au/blog/quick-healthy-meal-ideas-15-minutes-australia,"index, follow",,YES,YES,4,tracked content file,,Read-only verification; no redirect changed.
https://nutrithrive.com.au/journal,https://nutrithrive.com.au/blog,301,850,YES,2026-09-15T10:39:50+00:00,SUCCESS,,301,1,301:https://nutrithrive.com.au/journal -> 200:https://nutrithrive.com.au/blog,https://nutrithrive.com.au/blog,200,https://nutrithrive.com.au/blog,"index, follow",,YES,NO,0,redirect rule only,,Read-only verification; no redirect changed.
https://nutrithrive.com.au/journal/index.html,https://nutrithrive.com.au/blog,301,852,YES,2026-09-15T10:39:50+00:00,SUCCESS,,301,1,301:https://nutrithrive.com.au/journal/index.html -> 200:https://nutrithrive.com.au/blog,https://nutrithrive.com.au/blog,200,https://nutrithrive.com.au/blog,"index, follow",,YES,NO,0,redirect rule only,,Read-only verification; no redirect changed.
https://nutrithrive.com.au/blog/category/moringa-guides,https://nutrithrive.com.au/blog/category/moringa-guides/index.html,200,855,YES,2026-09-15T10:39:50+00:00,SUCCESS,,301,1,301:https://nutrithrive.com.au/blog/category/moringa-guides -> 200:https://nutrithrive.com.au/blog/category/moringa-guides,https://nutrithrive.com.au/blog/category/moringa-guides,200,https://nutrithrive.com.au/blog/category/moringa-guides,"index, follow",,YES,YES,7,redirect rule only,,Read-only verification; no redirect changed.
https://nutrithrive.com.au/blog/category/ways-to-use-it,https://nutrithrive.com.au/blog/category/ways-to-use-it/index.html,200,857,YES,2026-09-15T10:39:50+00:00,SUCCESS,,301,1,301:https://nutrithrive.com.au/blog/category/ways-to-use-it -> 200:https://nutrithrive.com.au/blog/category/ways-to-use-it,https://nutrithrive.com.au/blog/category/ways-to-use-it,200,https://nutrithrive.com.au/blog/category/ways-to-use-it,"index, follow",,YES,YES,7,redirect rule only,,Read-only verification; no redirect changed.
https://nutrithrive.com.au/blog/category/curry-leaves,https://nutrithrive.com.au/blog/category/curry-leaves/index.html,200,859,YES,2026-09-15T10:39:50+00:00,SUCCESS,,301,1,301:https://nutrithrive.com.au/blog/category/curry-leaves -> 200:https://nutrithrive.com.au/blog/category/curry-leaves,https://nutrithrive.com.au/blog/category/curry-leaves,200,https://nutrithrive.com.au/blog/category/curry-leaves,"index, follow",,YES,YES,7,redirect rule only,,Read-only verification; no redirect changed.
https://nutrithrive.com.au/blog/category/soap-skin,https://nutrithrive.com.au/blog/category/soap-skin/index.html,200,861,YES,2026-09-15T10:39:50+00:00,SUCCESS,,301,1,301:https://nutrithrive.com.au/blog/category/soap-skin -> 200:https://nutrithrive.com.au/blog/category/soap-skin,https://nutrithrive.com.au/blog/category/soap-skin,200,https://nutrithrive.com.au/blog/category/soap-skin,"index, follow",,YES,YES,5,redirect rule only,,Read-only verification; no redirect changed.
